frame,join,only_a,only_b,divL,divR
0,118283,0,0,0.000000000e0,0.000000000e0
1,118283,0,0,0.000000000e0,0.000000000e0
2,118283,0,0,0.000000000e0,0.000000000e0
3,118283,0,0,0.000000000e0,0.000000000e0
4,118283,0,0,0.000000000e0,0.000000000e0
5,118283,0,0,0.000000000e0,0.000000000e0
6,118283,0,0,0.000000000e0,0.000000000e0
7,118283,0,0,0.000000000e0,0.000000000e0
8,118283,0,0,0.000000000e0,0.000000000e0
9,118283,0,0,0.000000000e0,0.000000000e0
10,118283,0,0,0.000000000e0,0.000000000e0
11,118283,0,0,0.000000000e0,0.000000000e0
12,118283,0,0,0.000000000e0,0.000000000e0
13,118283,0,0,0.000000000e0,0.000000000e0
14,118283,0,0,0.000000000e0,0.000000000e0
15,118283,0,0,0.000000000e0,0.000000000e0
16,118283,0,0,0.000000000e0,0.000000000e0
17,118283,0,0,0.000000000e0,0.000000000e0
18,118283,0,0,0.000000000e0,0.000000000e0
19,118283,0,0,0.000000000e0,0.000000000e0
20,118283,0,0,0.000000000e0,0.000000000e0
21,118283,0,0,0.000000000e0,0.000000000e0
22,118283,0,0,0.000000000e0,0.000000000e0
23,118283,0,0,0.000000000e0,0.000000000e0
24,118283,0,0,0.000000000e0,0.000000000e0
25,118283,0,0,0.000000000e0,0.000000000e0
26,118283,0,0,0.000000000e0,0.000000000e0
27,118283,0,0,0.000000000e0,0.000000000e0
28,118283,0,0,0.000000000e0,0.000000000e0
29,118283,0,0,0.000000000e0,0.000000000e0
30,118283,0,0,0.000000000e0,0.000000000e0
31,118283,0,0,0.000000000e0,0.000000000e0
32,118283,0,0,0.000000000e0,0.000000000e0
33,118283,0,0,0.000000000e0,0.000000000e0
34,118283,0,0,0.000000000e0,0.000000000e0
35,118283,0,0,0.000000000e0,0.000000000e0
36,118283,0,0,0.000000000e0,0.000000000e0
37,118283,0,0,0.000000000e0,0.000000000e0
38,118283,0,0,0.000000000e0,0.000000000e0
39,118283,0,0,0.000000000e0,0.000000000e0
40,118283,0,0,0.000000000e0,0.000000000e0
41,118283,0,0,0.000000000e0,0.000000000e0
42,118283,0,0,0.000000000e0,0.000000000e0
43,118283,0,0,0.000000000e0,0.000000000e0
44,118283,0,0,0.000000000e0,0.000000000e0
45,118283,0,0,0.000000000e0,0.000000000e0
46,118283,0,0,0.000000000e0,0.000000000e0
47,118283,0,0,0.000000000e0,0.000000000e0
48,118283,0,0,0.000000000e0,0.000000000e0
49,118283,0,0,0.000000000e0,0.000000000e0
50,118283,0,0,0.000000000e0,0.000000000e0
51,118283,0,0,0.000000000e0,0.000000000e0
52,118283,0,0,0.000000000e0,0.000000000e0
53,118283,0,0,0.000000000e0,0.000000000e0
54,118283,0,0,0.000000000e0,0.000000000e0
55,118283,0,0,0.000000000e0,0.000000000e0
56,118283,0,0,0.000000000e0,0.000000000e0
57,118283,0,0,0.000000000e0,0.000000000e0
58,118283,0,0,0.000000000e0,0.000000000e0
59,118283,0,0,0.000000000e0,0.000000000e0
60,118283,0,0,0.000000000e0,0.000000000e0
61,118283,0,0,0.000000000e0,0.000000000e0
62,118283,0,0,0.000000000e0,0.000000000e0
63,118283,0,0,0.000000000e0,0.000000000e0
64,118283,0,0,0.000000000e0,0.000000000e0
65,118283,0,0,0.000000000e0,0.000000000e0
66,118283,0,0,0.000000000e0,0.000000000e0
67,118283,0,0,0.000000000e0,0.000000000e0
68,118283,0,0,0.000000000e0,0.000000000e0
69,118283,0,0,0.000000000e0,0.000000000e0
70,118283,0,0,0.000000000e0,0.000000000e0
71,118283,0,0,0.000000000e0,0.000000000e0
72,118283,0,0,0.000000000e0,0.000000000e0
73,118283,0,0,0.000000000e0,0.000000000e0
74,118283,0,0,0.000000000e0,0.000000000e0
75,118283,0,0,0.000000000e0,0.000000000e0
76,118283,0,0,0.000000000e0,0.000000000e0
77,118283,0,0,0.000000000e0,0.000000000e0
78,118283,0,0,0.000000000e0,0.000000000e0
79,118283,0,0,0.000000000e0,0.000000000e0
80,118283,0,0,0.000000000e0,0.000000000e0
81,118283,0,0,0.000000000e0,0.000000000e0
82,118283,0,0,0.000000000e0,0.000000000e0
83,118283,0,0,0.000000000e0,0.000000000e0
84,118283,0,0,0.000000000e0,0.000000000e0
85,118283,0,0,0.000000000e0,0.000000000e0
86,118283,0,0,0.000000000e0,0.000000000e0
87,118283,0,0,0.000000000e0,0.000000000e0
88,118283,0,0,0.000000000e0,0.000000000e0
89,118283,0,0,0.000000000e0,0.000000000e0
90,118283,0,0,0.000000000e0,0.000000000e0
91,118283,0,0,0.000000000e0,0.000000000e0
92,118283,0,0,0.000000000e0,0.000000000e0
93,118283,0,0,0.000000000e0,0.000000000e0
94,118283,0,0,0.000000000e0,0.000000000e0
95,118283,0,0,0.000000000e0,0.000000000e0
96,118283,0,0,0.000000000e0,0.000000000e0
97,118283,0,0,0.000000000e0,0.000000000e0
98,118283,0,0,0.000000000e0,0.000000000e0
99,118283,0,0,0.000000000e0,0.000000000e0
100,118283,0,0,0.000000000e0,0.000000000e0
101,118283,0,0,0.000000000e0,0.000000000e0
102,118283,0,0,0.000000000e0,0.000000000e0
103,118283,0,0,0.000000000e0,0.000000000e0
104,118283,0,0,0.000000000e0,0.000000000e0
105,118283,0,0,0.000000000e0,0.000000000e0
106,118283,0,0,0.000000000e0,0.000000000e0
107,118283,0,0,0.000000000e0,0.000000000e0
108,118283,0,0,0.000000000e0,0.000000000e0
109,118283,0,0,0.000000000e0,0.000000000e0
110,118283,0,0,0.000000000e0,0.000000000e0
111,118283,0,0,0.000000000e0,0.000000000e0
112,118283,0,0,0.000000000e0,0.000000000e0
113,118283,0,0,0.000000000e0,0.000000000e0
114,118283,0,0,0.000000000e0,0.000000000e0
115,118283,0,0,0.000000000e0,0.000000000e0
116,118283,0,0,0.000000000e0,0.000000000e0
117,118283,0,0,0.000000000e0,0.000000000e0
118,118283,0,0,0.000000000e0,0.000000000e0
119,118283,0,0,0.000000000e0,0.000000000e0
120,118283,0,0,0.000000000e0,0.000000000e0
121,118283,0,0,0.000000000e0,0.000000000e0
122,118283,0,0,0.000000000e0,0.000000000e0
123,118283,0,0,0.000000000e0,0.000000000e0
124,118283,0,0,0.000000000e0,0.000000000e0
125,118283,0,0,0.000000000e0,0.000000000e0
126,118283,0,0,0.000000000e0,0.000000000e0
127,118283,0,0,0.000000000e0,0.000000000e0
128,118283,0,0,0.000000000e0,0.000000000e0
129,118283,0,0,0.000000000e0,0.000000000e0
130,118283,0,0,0.000000000e0,0.000000000e0
131,118283,0,0,0.000000000e0,0.000000000e0
132,118283,0,0,0.000000000e0,0.000000000e0
133,118283,0,0,0.000000000e0,0.000000000e0
134,118283,0,0,0.000000000e0,0.000000000e0
135,118283,0,0,0.000000000e0,0.000000000e0
136,118283,0,0,0.000000000e0,0.000000000e0
137,118283,0,0,0.000000000e0,0.000000000e0
138,118283,0,0,0.000000000e0,0.000000000e0
139,118283,0,0,0.000000000e0,0.000000000e0
140,118283,0,0,0.000000000e0,0.000000000e0
141,118283,0,0,0.000000000e0,0.000000000e0
142,118283,0,0,0.000000000e0,0.000000000e0
143,118283,0,0,0.000000000e0,0.000000000e0
144,118283,0,0,0.000000000e0,0.000000000e0
145,118283,0,0,0.000000000e0,0.000000000e0
146,118283,0,0,0.000000000e0,0.000000000e0
147,118283,0,0,0.000000000e0,0.000000000e0
148,118283,0,0,0.000000000e0,0.000000000e0
149,118283,0,0,0.000000000e0,0.000000000e0
150,118283,0,0,0.000000000e0,0.000000000e0
151,118283,0,0,0.000000000e0,0.000000000e0
152,118283,0,0,0.000000000e0,0.000000000e0
153,118283,0,0,0.000000000e0,0.000000000e0
154,118283,0,0,0.000000000e0,0.000000000e0
155,118283,0,0,0.000000000e0,0.000000000e0
156,118283,0,0,0.000000000e0,0.000000000e0
157,118283,0,0,0.000000000e0,0.000000000e0
158,118283,0,0,0.000000000e0,0.000000000e0
159,118283,0,0,0.000000000e0,0.000000000e0
160,118283,0,0,0.000000000e0,0.000000000e0
161,118283,0,0,0.000000000e0,0.000000000e0
162,118283,0,0,0.000000000e0,0.000000000e0
163,118283,0,0,0.000000000e0,0.000000000e0
164,118283,0,0,0.000000000e0,0.000000000e0
165,118283,0,0,0.000000000e0,0.000000000e0
166,118283,0,0,0.000000000e0,0.000000000e0
167,118283,0,0,0.000000000e0,0.000000000e0
168,118283,0,0,0.000000000e0,0.000000000e0
169,118283,0,0,0.000000000e0,0.000000000e0
170,118283,0,0,0.000000000e0,0.000000000e0
171,118283,0,0,0.000000000e0,0.000000000e0
172,118283,0,0,0.000000000e0,0.000000000e0
173,118283,0,0,0.000000000e0,0.000000000e0
174,118283,0,0,0.000000000e0,0.000000000e0
175,118283,0,0,0.000000000e0,0.000000000e0
176,118283,0,0,0.000000000e0,0.000000000e0
177,118283,0,0,0.000000000e0,0.000000000e0
178,118283,0,0,0.000000000e0,0.000000000e0
179,118283,0,0,0.000000000e0,0.000000000e0
180,118283,0,0,0.000000000e0,0.000000000e0
181,118283,0,0,0.000000000e0,0.000000000e0
182,118283,0,0,0.000000000e0,0.000000000e0
183,118283,0,0,0.000000000e0,0.000000000e0
184,118283,0,0,0.000000000e0,0.000000000e0
185,118283,0,0,0.000000000e0,0.000000000e0
186,118283,0,0,0.000000000e0,0.000000000e0
187,118283,0,0,0.000000000e0,0.000000000e0
188,118283,0,0,0.000000000e0,0.000000000e0
189,118283,0,0,0.000000000e0,0.000000000e0
190,118283,0,0,0.000000000e0,0.000000000e0
191,118283,0,0,0.000000000e0,0.000000000e0
192,118283,0,0,0.000000000e0,0.000000000e0
193,118283,0,0,0.000000000e0,0.000000000e0
194,118283,0,0,0.000000000e0,0.000000000e0
195,118283,0,0,0.000000000e0,0.000000000e0
196,118283,0,0,0.000000000e0,0.000000000e0
197,118283,0,0,0.000000000e0,0.000000000e0
198,118283,0,0,0.000000000e0,0.000000000e0
199,118283,0,0,0.000000000e0,0.000000000e0
200,118283,0,0,0.000000000e0,0.000000000e0
201,118283,0,0,0.000000000e0,0.000000000e0
202,118283,0,0,0.000000000e0,0.000000000e0
203,118283,0,0,0.000000000e0,0.000000000e0
204,118283,0,0,0.000000000e0,0.000000000e0
205,118283,0,0,0.000000000e0,0.000000000e0
206,118283,0,0,0.000000000e0,0.000000000e0
207,118283,0,0,0.000000000e0,0.000000000e0
208,118283,0,0,0.000000000e0,0.000000000e0
209,118283,0,0,0.000000000e0,0.000000000e0
210,118283,0,0,0.000000000e0,0.000000000e0
211,118283,0,0,0.000000000e0,0.000000000e0
212,118283,0,0,0.000000000e0,0.000000000e0
213,118283,0,0,0.000000000e0,0.000000000e0
214,118283,0,0,0.000000000e0,0.000000000e0
215,118283,0,0,0.000000000e0,0.000000000e0
216,118283,0,0,0.000000000e0,0.000000000e0
217,118283,0,0,0.000000000e0,0.000000000e0
218,118283,0,0,0.000000000e0,0.000000000e0
219,118283,0,0,0.000000000e0,0.000000000e0
220,118283,0,0,0.000000000e0,0.000000000e0
221,118283,0,0,0.000000000e0,0.000000000e0
222,118283,0,0,0.000000000e0,0.000000000e0
223,118283,0,0,0.000000000e0,0.000000000e0
224,118283,0,0,0.000000000e0,0.000000000e0
225,118283,0,0,0.000000000e0,0.000000000e0
226,118283,0,0,0.000000000e0,0.000000000e0
227,118283,0,0,0.000000000e0,0.000000000e0
228,118283,0,0,0.000000000e0,0.000000000e0
229,118283,0,0,0.000000000e0,0.000000000e0
230,118283,0,0,0.000000000e0,0.000000000e0
231,118283,0,0,0.000000000e0,0.000000000e0
232,118283,0,0,0.000000000e0,0.000000000e0
233,118283,0,0,0.000000000e0,0.000000000e0
234,118283,0,0,0.000000000e0,0.000000000e0
235,118283,0,0,0.000000000e0,0.000000000e0
236,118283,0,0,0.000000000e0,0.000000000e0
237,118283,0,0,0.000000000e0,0.000000000e0
238,118283,0,0,0.000000000e0,0.000000000e0
239,118283,0,0,0.000000000e0,0.000000000e0
240,118265,18,21,1.551494600e0,1.784613399e-2
241,118265,18,21,1.581593073e0,1.774504381e-2
242,118265,18,21,1.821300074e0,1.746839766e-2
243,118265,18,21,2.022431697e0,1.721709815e-2
244,118265,18,21,2.230001755e0,1.691486315e-2
245,118265,18,21,2.444106032e0,1.673486359e-2
246,118265,18,21,2.656303502e0,1.662659890e-2
247,118265,18,21,2.864842292e0,1.652380307e-2
248,118265,18,21,3.081772520e0,1.636618354e-2
249,118265,18,21,3.297949774e0,1.622498244e-2
250,118265,18,21,3.511975470e0,1.593485776e-2
251,118265,18,21,3.718489207e0,1.580539468e-2
252,118265,18,21,3.940062668e0,1.568182448e-2
253,118265,18,21,4.146727443e0,1.556236814e-2
254,118265,18,21,4.366518864e0,1.564081123e-2
255,118265,18,21,4.564988054e0,1.569647666e-2
256,118265,18,21,4.773321126e0,1.551665062e-2
257,118265,18,21,4.991839410e0,1.547788335e-2
258,118265,18,21,5.180735598e0,1.529058380e-2
259,118265,18,21,5.377951441e0,1.518947336e-2
260,118265,18,21,5.582195805e0,1.510864955e-2
261,118265,18,21,5.795132855e0,1.501422082e-2
262,118265,18,21,6.015970308e0,1.491197294e-2
263,118265,18,21,6.245106349e0,1.477446572e-2
264,118265,18,21,6.435976570e0,1.427694609e-2
265,118265,18,21,6.631352213e0,1.421991782e-2
266,118265,18,21,6.831475780e0,1.392124941e-2
267,118265,18,21,7.037401809e0,1.360919247e-2
268,118265,18,21,7.248971985e0,1.279469491e-2
269,118265,18,21,7.465965229e0,1.290925177e-2
270,118265,18,21,7.688823470e0,1.246132084e-2
271,118265,18,21,7.918041740e0,1.233107781e-2
272,118265,18,21,8.153197500e0,1.218912879e-2
273,118265,18,21,8.333629795e0,1.198251857e-2
274,118265,18,21,8.517981811e0,1.193615516e-2
275,118265,18,21,8.705539770e0,1.187374691e-2
276,118265,18,21,8.896585262e0,1.173813802e-2
277,118265,18,21,9.085146030e0,1.158735059e-2
278,118265,18,21,9.280226807e0,1.169358156e-2
279,118265,18,21,9.478817805e0,1.169482420e-2
280,118265,18,21,9.684019353e0,1.172364189e-2
281,118265,18,21,9.886043979e0,1.175412502e-2
282,118265,18,21,1.009644765e1,1.164878380e-2
283,118265,18,21,1.031047175e1,1.154918154e-2
284,118265,18,21,1.053073176e1,1.161263451e-2
285,118265,18,21,1.075463455e1,1.150347853e-2
286,118265,18,21,1.098252532e1,1.155240643e-2
287,118265,18,21,1.121238688e1,1.165497719e-2
288,118265,18,21,1.144833334e1,1.186836952e-2
289,118265,18,21,1.168805316e1,1.205941197e-2
290,118265,18,21,1.193237048e1,1.185601458e-2
291,118265,18,21,1.209711769e1,1.202113379e-2
292,118265,18,21,1.226394954e1,1.196279066e-2
293,118265,18,21,1.243182956e1,1.189457367e-2
294,118265,18,21,1.260413607e1,1.186646862e-2
295,118265,18,21,1.277657337e1,1.180459458e-2
296,118265,18,21,1.295037549e1,1.172738148e-2
297,118265,18,21,1.312642772e1,1.154430549e-2
298,118265,18,21,1.330518256e1,1.144315345e-2
299,118265,18,21,1.348514295e1,1.125776138e-2
300,118265,18,21,1.366718596e1,1.107160723e-2
301,118265,18,21,1.385123617e1,1.106340069e-2
302,118265,18,21,1.403780598e1,1.112181521e-2
303,118265,18,21,1.422634294e1,1.092786309e-2
304,118265,18,21,1.441640161e1,1.096836851e-2
305,118265,18,21,1.460863682e1,1.107209058e-2
306,118265,18,21,1.480298318e1,1.097803881e-2
307,118265,18,21,1.499931184e1,1.091322717e-2
308,118265,18,21,1.519709866e1,1.065068072e-2
309,118265,18,21,1.539710228e1,1.039853729e-2
310,118265,18,21,1.560000294e1,1.040142564e-2
311,118265,18,21,1.580488995e1,1.048805610e-2
312,118265,18,21,1.601224784e1,1.051502143e-2
313,118265,18,21,1.622148219e1,1.050251752e-2
314,118265,18,21,1.643311560e1,1.045523602e-2
315,118265,18,21,1.664683494e1,1.042483463e-2
316,118265,18,21,1.686293604e1,1.038977177e-2
317,118265,18,21,1.708117008e1,1.033160886e-2
318,118265,18,21,1.730159357e1,1.033009906e-2
319,118265,18,21,1.752431479e1,1.027323359e-2
320,118265,18,21,1.774886404e1,1.019700541e-2
321,118265,18,21,1.797558079e1,1.010869536e-2
322,118265,18,21,1.820513944e1,1.007027377e-2
323,118265,18,21,1.843801491e1,1.006485044e-2
324,118265,18,21,1.867165089e1,1.005875550e-2
325,118265,18,21,1.890741951e1,1.005249268e-2
326,118265,18,21,1.914578373e1,1.003351882e-2
327,118265,18,21,1.938633991e1,1.002318928e-2
328,118265,18,21,1.962913438e1,1.001074199e-2
329,118265,18,21,1.987398516e1,1.000667253e-2
330,118265,18,21,2.012084864e1,1.000363045e-2
331,118265,18,21,2.037026259e1,1.000082503e-2
332,118265,18,21,2.062237052e1,1.000112709e-2
333,118265,18,21,2.087748498e1,9.999149300e-3
334,118265,18,21,2.113419233e1,9.999253855e-3
335,118265,18,21,2.139328940e1,9.998521435e-3
336,118265,18,21,2.165272747e1,9.998521435e-3
337,118265,18,21,2.191413244e1,9.998521435e-3
338,118265,18,21,2.218034836e1,9.998521435e-3
339,118265,18,21,2.231743750e1,9.998521435e-3
340,118265,18,21,2.245476483e1,9.998521435e-3
341,118265,18,21,2.259281566e1,9.998521435e-3
342,118265,18,21,2.273103389e1,9.998521435e-3
343,118265,18,21,2.287006462e1,9.998521435e-3
344,118265,18,21,2.300965188e1,9.998521435e-3
345,118265,18,21,2.315053220e1,9.998521435e-3
346,118265,18,21,2.329196730e1,9.998521435e-3
347,118265,18,21,2.343390165e1,9.998521435e-3
348,118265,18,21,2.357579184e1,9.998521435e-3
349,118265,18,21,2.371902524e1,9.998521435e-3
350,118265,18,21,2.386388211e1,9.998521435e-3
351,118265,18,21,2.400915941e1,9.998521435e-3
352,118265,18,21,2.415638450e1,9.998521435e-3
353,118265,18,21,2.430349223e1,9.998521435e-3
354,118265,18,21,2.445020479e1,9.998521435e-3
355,118265,18,21,2.459787408e1,9.998521435e-3
356,118265,18,21,2.474651416e1,9.998521435e-3
357,118265,18,21,2.489539682e1,9.998521435e-3
358,118265,18,21,2.504449277e1,9.998521435e-3
359,118265,18,21,2.519512924e1,9.998521435e-3
360,118265,18,21,2.534597172e1,9.998521435e-3
361,118265,18,21,2.549799205e1,9.998521435e-3
362,118265,18,21,2.565090187e1,9.998521435e-3
363,118265,18,21,2.580482228e1,9.998521435e-3
364,118265,18,21,2.595900297e1,9.998521435e-3
365,118265,18,21,2.611372964e1,9.998521435e-3
366,118265,18,21,2.626858411e1,9.998521435e-3
367,118265,18,21,2.642462854e1,9.998521435e-3
368,118265,18,21,2.658135175e1,9.998521435e-3
369,118265,18,21,2.673841517e1,9.998521435e-3
370,118265,18,21,2.689587521e1,9.998521435e-3
371,118265,18,21,2.705386988e1,9.998521435e-3
372,118265,18,21,2.721203929e1,9.998521435e-3
373,118265,18,21,2.737129792e1,9.998521435e-3
374,118265,18,21,2.753088030e1,9.998521435e-3
375,118265,18,21,2.769128508e1,9.998521435e-3
376,118265,18,21,2.785243515e1,9.998521435e-3
377,118265,18,21,2.801417829e1,9.998521435e-3
378,118265,18,21,2.817761645e1,9.998521435e-3
379,118265,18,21,2.834136205e1,9.998521435e-3
380,118265,18,21,2.850525565e1,9.998521435e-3
381,118265,18,21,2.866972022e1,9.998521435e-3
382,118265,18,21,2.883487363e1,9.998521435e-3
383,118265,18,21,2.900068393e1,9.998521435e-3
384,118265,18,21,2.916724369e1,9.998521435e-3
385,118265,18,21,2.933414085e1,9.998521435e-3
386,118265,18,21,2.950200835e1,9.998521435e-3
387,118265,18,21,2.966967266e1,9.998521435e-3
388,118265,18,21,2.983836803e1,9.998521435e-3
389,118265,18,21,3.000776357e1,9.998521435e-3
390,118265,18,21,3.017749049e1,9.998521435e-3
391,118265,18,21,3.034757157e1,9.998521435e-3
392,118265,18,21,3.051780431e1,9.998521435e-3
393,118265,18,21,3.068814829e1,9.998521435e-3
394,118265,18,21,3.085795765e1,9.998521435e-3
395,118265,18,21,3.102813680e1,9.998521435e-3
396,118265,18,21,3.119768873e1,9.998521435e-3
397,118265,18,21,3.136699549e1,9.998521435e-3
398,118265,18,21,3.153604171e1,9.998521435e-3
399,118265,18,21,3.170456654e1,9.998521435e-3
400,118265,18,21,3.187281256e1,9.998521435e-3
401,118265,18,21,3.204097547e1,9.998521435e-3
402,118265,18,21,3.220932775e1,9.998521435e-3
403,118265,18,21,3.237767193e1,9.998521435e-3
404,118265,18,21,3.254645443e1,9.998521435e-3
405,118265,18,21,3.271537090e1,9.998521435e-3
406,118265,18,21,3.288485549e1,9.998521435e-3
407,118265,18,21,3.305479873e1,9.998521435e-3
408,118265,18,21,3.322503123e1,9.998521435e-3
409,118265,18,21,3.339604479e1,9.998521435e-3
410,118265,18,21,3.356786831e1,9.998521435e-3
411,118265,18,21,3.374024525e1,9.998521435e-3
412,118265,18,21,3.391316644e1,9.998521435e-3
413,118265,18,21,3.408656960e1,9.998521435e-3
414,118265,18,21,3.426048456e1,9.998521435e-3
415,118265,18,21,3.443467758e1,9.998521435e-3
416,118265,18,21,3.460983477e1,9.998521435e-3
417,118265,18,21,3.478448302e1,9.998521435e-3
418,118265,18,21,3.495860737e1,9.998521435e-3
419,118265,18,21,3.513260830e1,9.998521435e-3
420,118265,18,21,3.530708182e1,9.998521435e-3
421,118265,18,21,3.548297441e1,9.998521435e-3
422,118265,18,21,3.565987354e1,9.998521435e-3
423,118265,18,21,3.583724444e1,9.998521435e-3
424,118265,18,21,3.601558199e1,9.998521435e-3
425,118265,18,21,3.619464877e1,9.998521435e-3
426,118265,18,21,3.637490082e1,9.998521435e-3
427,118265,18,21,3.655676058e1,9.998521435e-3
428,118265,18,21,3.673920547e1,9.998521435e-3
429,118265,18,21,3.692258778e1,9.998521435e-3
430,118265,18,21,3.710592609e1,9.998521435e-3
431,118265,18,21,3.729071967e1,9.998521435e-3
432,118265,18,21,3.747533454e1,9.998521435e-3
433,118265,18,21,3.766056700e1,9.998521435e-3
434,118265,18,21,3.784607084e1,9.998521435e-3
435,118265,18,21,3.803146634e1,9.998521435e-3
436,118265,18,21,3.821766286e1,9.998521435e-3
437,118265,18,21,3.840434245e1,9.998521435e-3
438,118265,18,21,3.859233865e1,9.998521435e-3
439,118265,18,21,3.878063174e1,9.998521435e-3
440,118265,18,21,3.896919762e1,9.998521435e-3
441,118265,18,21,3.915928739e1,9.998521435e-3
442,118265,18,21,3.935004464e1,9.998521435e-3
443,118265,18,21,3.954128024e1,9.998521435e-3
444,118265,18,21,3.973314900e1,9.998521435e-3
445,118265,18,21,3.992570832e1,9.998521435e-3
446,118265,18,21,4.011899891e1,9.998521435e-3
447,118265,18,21,4.031246802e1,9.998521435e-3
448,118265,18,21,4.050612611e1,9.998521435e-3
449,118265,18,21,4.070122247e1,9.998521435e-3
450,118265,18,21,4.089702318e1,9.998521435e-3
451,118265,18,21,4.109326146e1,9.998521435e-3
452,118265,18,21,4.129026096e1,9.998521435e-3
453,118265,18,21,4.148770159e1,9.998521435e-3
454,118265,18,21,4.168514689e1,9.998521435e-3
455,118265,18,21,4.188305577e1,9.998521435e-3
456,118265,18,21,4.208250901e1,9.998521435e-3
457,118265,18,21,4.228235138e1,9.998521435e-3
458,118265,18,21,4.248241971e1,9.998521435e-3
459,118265,18,21,4.268365352e1,9.998521435e-3
460,118265,18,21,4.288562092e1,9.998521435e-3
461,118265,18,21,4.308785868e1,9.998521435e-3
462,118265,18,21,4.329164355e1,9.998521435e-3
463,118265,18,21,4.349482068e1,9.998521435e-3
464,118265,18,21,4.369956358e1,9.998521435e-3
465,118265,18,21,4.390401640e1,9.998521435e-3
466,118265,18,21,4.411047487e1,9.998521435e-3
467,118265,18,21,4.431657370e1,9.998521435e-3
468,118265,18,21,4.452323786e1,9.998521435e-3
469,118265,18,21,4.473136224e1,9.998521435e-3
470,118265,18,21,4.494083085e1,9.998521435e-3
471,118265,18,21,4.515098253e1,9.998521435e-3
472,118265,18,21,4.536245917e1,9.998521435e-3
473,118265,18,21,4.557414851e1,9.998521435e-3
474,118265,18,21,4.578672371e1,9.998521435e-3
475,118265,18,21,4.599970287e1,9.998521435e-3
476,118265,18,21,4.621337156e1,9.998521435e-3
477,118265,18,21,4.642779070e1,9.998521435e-3
478,118265,18,21,4.664280139e1,9.998521435e-3
479,118265,18,21,4.685848635e1,9.998521435e-3
480,118265,18,21,4.707512244e1,9.998521435e-3
481,118265,18,21,4.729274292e1,9.998521435e-3
482,118265,18,21,4.751120592e1,9.998521435e-3
483,118265,18,21,4.772995582e1,9.998521435e-3
484,118265,18,21,4.794963527e1,9.998521435e-3
485,118265,18,21,4.817026848e1,9.998521435e-3
486,118265,18,21,4.839173180e1,9.998521435e-3
487,118265,18,21,4.861407876e1,9.998521435e-3
488,118265,18,21,4.883743111e1,9.998521435e-3
489,118265,18,21,4.906115107e1,9.998521435e-3
490,118265,18,21,4.928451117e1,9.998521435e-3
491,118265,18,21,4.950927804e1,9.998521435e-3
492,118265,18,21,4.973501889e1,9.998521435e-3
493,118265,18,21,4.996196730e1,9.998521435e-3
494,118265,18,21,5.018985216e1,9.998521435e-3
495,118265,18,21,5.041867825e1,9.998521435e-3
496,118265,18,21,5.064823515e1,9.998521435e-3
497,118265,18,21,5.087873794e1,9.998521435e-3
498,118265,18,21,5.111032041e1,9.998521435e-3
499,118265,18,21,5.134282723e1,9.998521435e-3
500,118265,18,21,5.157630759e1,9.998521435e-3
501,118265,18,21,5.181041129e1,9.998521435e-3
502,118265,18,21,5.204528871e1,9.998521435e-3
503,118265,18,21,5.228092365e1,9.998521435e-3
504,118265,18,21,5.251750651e1,9.998521435e-3
505,118265,18,21,5.275563524e1,9.998521435e-3
506,118265,18,21,5.299421025e1,9.998521435e-3
507,118265,18,21,5.323351539e1,9.998521435e-3
508,118265,18,21,5.347390849e1,9.998521435e-3
509,118265,18,21,5.371478244e1,9.998521435e-3
510,118265,18,21,5.395634764e1,9.998521435e-3
511,118265,18,21,5.419889674e1,9.998521435e-3
512,118265,18,21,5.444218252e1,9.998521435e-3
513,118265,18,21,5.468622628e1,9.998521435e-3
514,118265,18,21,5.493129572e1,9.998521435e-3
515,118265,18,21,5.517746323e1,9.998521435e-3
516,118265,18,21,5.542523661e1,9.998521435e-3
517,118265,18,21,5.567379528e1,9.998521435e-3
518,118265,18,21,5.592340082e1,9.998521435e-3
519,118265,18,21,5.617384100e1,9.998521435e-3
520,118265,18,21,5.642455628e1,9.998521435e-3
521,118265,18,21,5.667649667e1,9.998521435e-3
522,118265,18,21,5.692916672e1,9.998521435e-3
523,118265,18,21,5.718206998e1,9.998521435e-3
524,118265,18,21,5.743568840e1,9.998521435e-3
525,118265,18,21,5.769037101e1,9.998521435e-3
526,118265,18,21,5.794586115e1,9.998521435e-3
527,118265,18,21,5.820231311e1,9.998521435e-3
528,118265,18,21,5.845991947e1,9.998521435e-3
529,118265,18,21,5.871846704e1,9.998521435e-3
530,118265,18,21,5.897771854e1,9.998521435e-3
531,118265,18,21,5.923739519e1,9.998521435e-3
532,118265,18,21,5.949786898e1,9.998521435e-3
533,118265,18,21,5.975901061e1,9.998521435e-3
534,118265,18,21,6.002093173e1,9.998521435e-3
535,118265,18,21,6.028386049e1,9.998521435e-3
536,118265,18,21,6.054833477e1,9.998521435e-3
537,118265,18,21,6.081395205e1,9.998521435e-3
538,118265,18,21,6.108069367e1,9.998521435e-3
539,118265,18,21,6.134829782e1,9.998521435e-3
540,118265,18,21,6.161679091e1,9.998521435e-3
541,118265,18,21,6.188624221e1,9.998521435e-3
542,118265,18,21,6.215639283e1,9.998521435e-3
543,118265,18,21,6.242748151e1,9.998521435e-3
544,118265,18,21,6.269872919e1,9.998521435e-3
545,118265,18,21,6.297058089e1,9.998521435e-3
546,118265,18,21,6.324363885e1,9.998521435e-3
547,118265,18,21,6.351830340e1,9.998521435e-3
548,118265,18,21,6.379439853e1,9.998521435e-3
549,118265,18,21,6.407130459e1,9.998521435e-3
550,118265,18,21,6.434925682e1,9.998521435e-3
551,118265,18,21,6.462888891e1,9.998521435e-3
552,118265,18,21,6.490976181e1,9.998521435e-3
553,118265,18,21,6.519197034e1,9.998521435e-3
554,118265,18,21,6.547589470e1,9.998521435e-3
555,118265,18,21,6.576182928e1,9.998521435e-3
556,118265,18,21,6.604849638e1,9.998521435e-3
557,118265,18,21,6.633582998e1,9.998521435e-3
558,118265,18,21,6.662439350e1,9.998521435e-3
559,118265,18,21,6.691246510e1,9.998521435e-3
560,118265,18,21,6.720163915e1,9.998521435e-3
561,118265,18,21,6.749084200e1,9.998521435e-3
562,118265,18,21,6.778100637e1,9.998521435e-3
563,118265,18,21,6.807122725e1,9.998521435e-3
564,118265,18,21,6.836250983e1,9.998521435e-3
565,118265,18,21,6.865607810e1,9.998521435e-3
566,118265,18,21,6.895005384e1,9.998521435e-3
567,118265,18,21,6.924441366e1,9.998521435e-3
568,118265,18,21,6.953871193e1,9.998521435e-3
569,118265,18,21,6.983314999e1,9.998521435e-3
570,118265,18,21,7.012849995e1,9.998521435e-3
571,118265,18,21,7.042518229e1,9.998521435e-3
572,118265,18,21,7.072371011e1,9.998521435e-3
573,118265,18,21,7.102393848e1,9.998521435e-3
574,118265,18,21,7.132471957e1,9.998521435e-3
575,118265,18,21,7.162737394e1,9.998521435e-3
576,118265,18,21,7.193062905e1,9.998521435e-3
577,118265,18,21,7.223384432e1,9.998521435e-3
578,118265,18,21,7.253740241e1,9.998521435e-3
579,118265,18,21,7.284219433e1,9.998521435e-3
580,118265,18,21,7.314743370e1,9.998521435e-3
581,118265,18,21,7.345337975e1,9.998521435e-3
582,118265,18,21,7.376164835e1,9.998521435e-3
583,118265,18,21,7.407103543e1,9.998521435e-3
584,118265,18,21,7.438068302e1,9.998521435e-3
585,118265,18,21,7.469092661e1,9.998521435e-3
586,118265,18,21,7.500204577e1,9.998521435e-3
587,118265,18,21,7.531266307e1,9.998521435e-3
588,118265,18,21,7.562517451e1,9.998521435e-3
589,118265,18,21,7.593961183e1,9.998521435e-3
590,118265,18,21,7.625563058e1,9.998521435e-3
591,118265,18,21,7.657116143e1,9.998521435e-3
592,118265,18,21,7.688782557e1,9.998521435e-3
593,118265,18,21,7.720471158e1,9.998521435e-3
594,118265,18,21,7.752375414e1,9.998521435e-3
595,118265,18,21,7.784355160e1,9.998521435e-3
596,118265,18,21,7.816553806e1,9.998521435e-3
597,118265,18,21,7.848732753e1,9.998521435e-3
598,118265,18,21,7.880970325e1,9.998521435e-3
599,118265,18,21,7.913522642e1,9.998521435e-3
600,118265,18,21,7.946001919e1,9.998521435e-3
601,118265,18,21,7.978484656e1,9.998521435e-3
602,118265,18,21,8.011193567e1,9.998521435e-3
603,118265,18,21,8.043999430e1,9.998521435e-3
604,118265,18,21,8.076670651e1,9.998521435e-3
605,118265,18,21,8.109569628e1,9.998521435e-3
606,118265,18,21,8.142550099e1,9.998521435e-3
607,118265,18,21,8.175728452e1,9.998521435e-3
608,118265,18,21,8.208810986e1,9.998521435e-3
609,118265,18,21,8.242076123e1,9.998521435e-3
610,118265,18,21,8.275321767e1,9.998521435e-3
611,118265,18,21,8.308741901e1,9.998521435e-3
612,118265,18,21,8.342420619e1,9.998521435e-3
613,118265,18,21,8.375972524e1,9.998521435e-3
614,118265,18,21,8.409809887e1,9.998521435e-3
615,118265,18,21,8.443478172e1,9.998521435e-3
616,118265,18,21,8.477339946e1,9.998521435e-3
617,118265,18,21,8.511377886e1,9.998521435e-3
618,118265,18,21,8.545647597e1,9.998521435e-3
619,118265,18,21,8.579868697e1,9.998521435e-3
620,118265,18,21,8.614378934e1,9.998521435e-3
621,118265,18,21,8.649000427e1,9.998521435e-3
622,118265,18,21,8.683676284e1,9.998521435e-3
623,118265,18,21,8.718394690e1,9.998521435e-3
624,118265,18,21,8.753145915e1,9.998521435e-3
625,118265,18,21,8.788001909e1,9.998521435e-3
626,118265,18,21,8.822930632e1,9.998521435e-3
627,118265,18,21,8.858135268e1,9.998521435e-3
628,118265,18,21,8.893425824e1,9.998521435e-3
629,118265,18,21,8.928826581e1,9.998521435e-3
630,118265,18,21,8.964174536e1,9.998521435e-3
631,118265,18,21,8.999605445e1,9.998521435e-3
632,118265,18,21,9.035070324e1,9.998521435e-3
633,118265,18,21,9.070547914e1,9.998521435e-3
634,118265,18,21,9.106218116e1,9.998521435e-3
635,118265,18,21,9.142002260e1,9.998521435e-3
636,118265,18,21,9.177977199e1,9.998521435e-3
637,118265,18,21,9.214019781e1,9.998521435e-3
638,118265,18,21,9.250180938e1,9.998521435e-3
639,118265,18,21,9.286299339e1,9.998521435e-3
640,118265,18,21,9.322607897e1,9.998521435e-3
641,118265,18,21,9.358998797e1,9.998521435e-3
642,118265,18,21,9.395696545e1,9.998521435e-3
643,118265,18,21,9.432319089e1,9.998521435e-3
644,118265,18,21,9.469068206e1,9.998521435e-3
645,118265,18,21,9.505933518e1,9.998521435e-3
646,118265,18,21,9.543028540e1,9.998521435e-3
647,118265,18,21,9.580075724e1,9.998521435e-3
648,118265,18,21,9.617152364e1,9.998521435e-3
649,118265,18,21,9.654322912e1,9.998521435e-3
650,118265,18,21,9.691580546e1,9.998521435e-3
651,118265,18,21,9.728850452e1,9.998521435e-3
652,118265,18,21,9.766318372e1,9.998521435e-3
653,118265,18,21,9.803866382e1,9.998521435e-3
654,118265,18,21,9.841728974e1,9.998521435e-3
655,118265,18,21,9.879680501e1,9.998521435e-3
656,118265,18,21,9.917645378e1,9.998521435e-3
657,118265,18,21,9.955593391e1,9.998521435e-3
658,118265,18,21,9.993630043e1,9.998521435e-3
659,118265,18,21,1.003178448e2,9.998521435e-3
660,118265,18,21,1.007020943e2,9.998521435e-3
661,118265,18,21,1.010874177e2,9.998521435e-3
662,118265,18,21,1.014731390e2,9.998521435e-3
663,118265,18,21,1.018613009e2,9.998521435e-3
664,118265,18,21,1.022497207e2,9.998521435e-3
665,118265,18,21,1.026374928e2,9.998521435e-3
666,118265,18,21,1.030256027e2,9.998521435e-3
667,118265,18,21,1.034151641e2,9.998521435e-3
668,118265,18,21,1.038057506e2,9.998521435e-3
669,118265,18,21,1.041974740e2,9.998521435e-3
670,118265,18,21,1.045900089e2,9.998521435e-3
671,118265,18,21,1.049844358e2,9.998521435e-3
672,118265,18,21,1.053808745e2,9.998521435e-3
673,118265,18,21,1.057798595e2,9.998521435e-3
674,118265,18,21,1.061785484e2,9.998521435e-3
675,118265,18,21,1.065771417e2,9.998521435e-3
676,118265,18,21,1.069767091e2,9.998521435e-3
677,118265,18,21,1.073773431e2,9.998521435e-3
678,118265,18,21,1.077788080e2,9.998521435e-3
679,118265,18,21,1.081823556e2,9.998521435e-3
680,118265,18,21,1.085883234e2,9.998521435e-3
681,118265,18,21,1.089953148e2,9.998521435e-3
682,118265,18,21,1.094025932e2,9.998521435e-3
683,118265,18,21,1.098104313e2,9.998521435e-3
684,118265,18,21,1.102187237e2,9.998521435e-3
685,118265,18,21,1.106277390e2,9.998521435e-3
686,118265,18,21,1.110375920e2,9.998521435e-3
687,118265,18,21,1.114496617e2,9.998521435e-3
688,118265,18,21,1.118629988e2,9.998521435e-3
689,118265,18,21,1.122778692e2,9.998521435e-3
690,118265,18,21,1.126935694e2,9.998521435e-3
691,118265,18,21,1.131117738e2,9.998521435e-3
692,118265,18,21,1.135309778e2,9.998521435e-3
693,118265,18,21,1.139509695e2,9.998521435e-3
694,118265,18,21,1.143716344e2,9.998521435e-3
695,118265,18,21,1.147935293e2,9.998521435e-3
696,118265,18,21,1.152162494e2,9.998521435e-3
697,118265,18,21,1.156402758e2,9.998521435e-3
698,118265,18,21,1.160652037e2,9.998521435e-3
699,118265,18,21,1.164905629e2,9.998521435e-3
700,118265,18,21,1.169170705e2,9.998521435e-3
701,118265,18,21,1.173446029e2,9.998521435e-3
702,118265,18,21,1.177722017e2,9.998521435e-3
703,118265,18,21,1.181996135e2,9.998521435e-3
704,118265,18,21,1.186282804e2,9.998521435e-3
705,118265,18,21,1.190592915e2,9.998521435e-3
706,118265,18,21,1.194925290e2,9.998521435e-3
707,118265,18,21,1.199269972e2,9.998521435e-3
708,118265,18,21,1.203609263e2,9.998521435e-3
709,118265,18,21,1.207948175e2,9.998521435e-3
710,118265,18,21,1.212299998e2,9.998521435e-3
711,118265,18,21,1.216669101e2,9.998521435e-3
712,118265,18,21,1.221052884e2,9.998521435e-3
713,118265,18,21,1.225451572e2,9.998521435e-3
714,118265,18,21,1.229862280e2,9.998521435e-3
715,118265,18,21,1.234285752e2,9.998521435e-3
716,118265,18,21,1.238723507e2,9.998521435e-3
717,118265,18,21,1.243178880e2,9.998521435e-3
718,118265,18,21,1.247636206e2,9.998521435e-3
719,118265,18,21,1.252092459e2,9.998521435e-3
720,118265,18,21,1.256552777e2,9.998521435e-3
721,118265,18,21,1.261031869e2,9.998521435e-3
722,118265,18,21,1.265534976e2,9.998521435e-3
723,118265,18,21,1.270056214e2,9.998521435e-3
724,118265,18,21,1.274584377e2,9.998521435e-3
725,118265,18,21,1.279118709e2,9.998521435e-3
726,118265,18,21,1.283663783e2,9.998521435e-3
727,118265,18,21,1.288226464e2,9.998521435e-3
728,118265,18,21,1.292805119e2,9.998521435e-3
729,118265,18,21,1.297389812e2,9.998521435e-3
730,118265,18,21,1.301980689e2,9.998521435e-3
731,118265,18,21,1.306583453e2,9.998521435e-3
732,118265,18,21,1.311212915e2,9.998521435e-3
733,118265,18,21,1.315871793e2,9.998521435e-3
734,118265,18,21,1.320563497e2,9.998521435e-3
735,118265,18,21,1.325264591e2,9.998521435e-3
736,118265,18,21,1.329964024e2,9.998521435e-3
737,118265,18,21,1.334663909e2,9.998521435e-3
738,118265,18,21,1.339371208e2,9.998521435e-3
739,118265,18,21,1.344098134e2,9.998521435e-3
740,118265,18,21,1.348846864e2,9.998521435e-3
741,118265,18,21,1.353607514e2,9.998521435e-3
742,118265,18,21,1.358383922e2,9.998521435e-3
743,118265,18,21,1.363178391e2,9.998521435e-3
744,118265,18,21,1.367988610e2,9.998521435e-3
745,118265,18,21,1.372815559e2,9.998521435e-3
746,118265,18,21,1.377646045e2,9.998521435e-3
747,118265,18,21,1.382482610e2,9.998521435e-3
748,118265,18,21,1.387320568e2,9.998521435e-3
749,118265,18,21,1.392172449e2,9.998521435e-3
750,118265,18,21,1.397036853e2,9.998521435e-3
751,118265,18,21,1.401914770e2,9.998521435e-3
752,118265,18,21,1.406809029e2,9.998521435e-3
753,118265,18,21,1.411722128e2,9.998521435e-3
754,118265,18,21,1.416656216e2,9.998521435e-3
755,118265,18,21,1.421605731e2,9.998521435e-3
756,118265,18,21,1.426557740e2,9.998521435e-3
757,118265,18,21,1.431508944e2,9.998521435e-3
758,118265,18,21,1.436474471e2,9.998521435e-3
759,118265,18,21,1.441420711e2,9.998521435e-3
760,118265,18,21,1.446372432e2,9.998521435e-3
761,118265,18,21,1.451334147e2,9.998521435e-3
762,118265,18,21,1.456317758e2,9.998521435e-3
763,118265,18,21,1.461318464e2,9.998521435e-3
764,118265,18,21,1.466346810e2,9.998521435e-3
765,118265,18,21,1.471394030e2,9.998521435e-3
766,118265,18,21,1.476463921e2,9.998521435e-3
767,118265,18,21,1.481551117e2,9.998521435e-3
768,118265,18,21,1.486655233e2,9.998521435e-3
769,118265,18,21,1.491769870e2,9.998521435e-3
770,118265,18,21,1.496904064e2,1.000844300e-2
771,118265,18,21,1.502045969e2,1.001800348e-2
772,118265,18,21,1.507189720e2,1.002698496e-2
773,118265,18,21,1.512347609e2,1.003536719e-2
774,118265,18,21,1.517522811e2,1.004312026e-2
775,118265,18,21,1.522719251e2,1.005999619e-2
776,118265,18,21,1.527926759e2,1.008747109e-2
777,118265,18,21,1.533155001e2,1.011495249e-2
778,118265,18,21,1.538392488e2,1.014231160e-2
779,118265,18,21,1.543622841e2,1.017888842e-2
780,118265,18,21,1.548860726e2,1.021559498e-2
781,118265,18,21,1.554111626e2,1.027218599e-2
782,118265,18,21,1.559371009e2,1.032982828e-2
783,118265,18,21,1.564646283e2,1.039765693e-2
784,118265,18,21,1.569938815e2,1.046634131e-2
785,118265,18,21,1.575258432e2,1.054481914e-2
786,118265,18,21,1.580597565e2,1.064301134e-2
787,118265,18,21,1.585952246e2,1.075075604e-2
788,118265,18,21,1.591311222e2,1.085870637e-2
789,118265,18,21,1.596669920e2,1.097553995e-2
790,118265,18,21,1.602042701e2,1.110096622e-2
791,118265,18,21,1.607425921e2,1.124439209e-2
792,118265,18,21,1.612835202e2,1.139732947e-2
793,118265,18,21,1.618253144e2,1.155844635e-2
794,118265,18,21,1.623682528e2,1.172730750e-2
795,118265,18,21,1.629123870e2,1.191299644e-2
796,118265,18,21,1.634574296e2,1.209667428e-2
797,118265,18,21,1.640032952e2,1.230661113e-2
798,118265,18,21,1.645500275e2,1.252376251e-2
799,118265,18,21,1.650982026e2,1.275720002e-2
800,118265,18,21,1.656483299e2,1.298808307e-2
801,118265,18,21,1.662004526e2,1.323431975e-2
802,118265,18,21,1.667560659e2,1.350590209e-2
803,118265,18,21,1.673139435e2,1.379286484e-2
804,118265,18,21,1.678732368e2,1.407658325e-2
805,118265,18,21,1.684331903e2,1.437487482e-2
806,118265,18,21,1.689939702e2,1.468766424e-2
807,118265,18,21,1.695562778e2,1.502455376e-2
808,118265,18,21,1.701188323e2,1.536762075e-2
809,118265,18,21,1.706821623e2,1.572455592e-2
810,118265,18,21,1.712459923e2,1.609509245e-2
811,118265,18,21,1.718120032e2,1.648842226e-2
812,118265,18,21,1.723791906e2,1.687628359e-2
813,118265,18,21,1.729475890e2,1.729584544e-2
814,118265,18,21,1.735174355e2,1.772814398e-2
815,118265,18,21,1.740891439e2,1.818242925e-2
816,118265,18,21,1.746618809e2,1.863051292e-2
817,118265,18,21,1.752356834e2,1.909940018e-2
818,118265,18,21,1.758108636e2,1.958963007e-2
819,118265,18,21,1.763877850e2,2.011187078e-2
820,118265,18,21,1.769649382e2,2.062793021e-2
821,118265,18,21,1.775431195e2,2.116485209e-2
822,118265,18,21,1.781216961e2,2.172295625e-2
823,118265,18,21,1.787003311e2,2.230258716e-2
824,118265,18,21,1.792791646e2,2.289543180e-2
825,118265,18,21,1.798588226e2,2.350987213e-2
826,118265,18,21,1.804394511e2,2.414632697e-2
827,118265,18,21,1.810211444e2,2.480520686e-2
828,118265,18,21,1.816032842e2,2.546784159e-2
829,118265,18,21,1.821858075e2,2.617178782e-2
830,118265,18,21,1.827686536e2,2.689841009e-2
831,118265,18,21,1.833518486e2,2.764832488e-2
832,118265,18,21,1.839352279e2,2.840279809e-2
833,118265,18,21,1.845204903e2,2.918929012e-2
834,118265,18,21,1.851059450e2,3.000873361e-2
835,118265,18,21,1.856929921e2,3.086246468e-2
836,118265,18,21,1.862813516e2,3.172154766e-2
837,118265,18,21,1.868709660e2,3.261322206e-2
838,118265,18,21,1.874627095e2,3.353792159e-2
839,118265,18,21,1.880551861e2,3.448654413e-2
840,118265,18,21,1.886495538e2,3.545955205e-2
841,118265,18,21,1.892454896e2,3.646538592e-2
842,118265,18,21,1.898431663e2,3.750445062e-2
843,118265,18,21,1.904422395e2,3.856758494e-2
844,118265,18,21,1.910428771e2,3.964493990e-2
845,118265,18,21,1.916449539e2,4.076428231e-2
846,118265,18,21,1.922477650e2,4.192730966e-2
847,118265,18,21,1.928511943e2,4.311465561e-2
848,118265,18,21,1.934547409e2,4.431636370e-2
849,118265,18,21,1.940590423e2,4.555980847e-2
850,118265,18,21,1.946644323e2,4.683616555e-2
851,118265,18,21,1.952696910e2,4.815587289e-2
852,118265,18,21,1.958767832e2,4.949013889e-2
853,118265,18,21,1.964856748e2,5.086635969e-2
854,118265,18,21,1.970955521e2,5.227569484e-2
855,118265,18,21,1.977062474e2,5.371815384e-2
856,118265,18,21,1.983182358e2,5.519416177e-2
857,118265,18,21,1.989313125e2,5.671205218e-2
858,118265,18,21,1.995455615e2,5.826313662e-2
859,118265,18,21,2.001613404e2,5.984745237e-2
860,118265,18,21,2.007783277e2,6.145535503e-2
861,118265,18,21,2.013962116e2,6.311485800e-2
862,118265,18,21,2.020150512e2,6.481814152e-2
863,118265,18,21,2.026350673e2,6.655498470e-2
864,118265,18,21,2.032563882e2,6.831565471e-2
865,118265,18,21,2.038785212e2,7.012772807e-2
866,118265,18,21,2.045018148e2,7.197308066e-2
867,118265,18,21,2.051264215e2,7.387104065e-2
868,118265,18,21,2.057525630e2,7.579295587e-2
869,118265,18,21,2.063801528e2,7.776644653e-2
870,118265,18,21,2.070084140e2,7.977333366e-2
871,118265,18,21,2.076357516e2,8.182272010e-2
872,118265,18,21,2.082627449e2,8.390542336e-2
873,118265,18,21,2.088893570e2,8.605019285e-2
874,118265,18,21,2.095168616e2,8.822859224e-2
875,118265,18,21,2.101475902e2,9.044964659e-2
876,118265,18,21,2.107813856e2,9.270383232e-2
877,118265,18,21,2.114165426e2,9.500953137e-2
878,118265,18,21,2.120525577e2,9.736805158e-2
879,118265,18,21,2.126889525e2,9.976944782e-2
880,118265,18,21,2.133259995e2,1.022042449e-1
881,118265,18,21,2.139639519e2,1.046908391e-1
882,118265,18,21,2.146031190e2,1.072202287e-1
883,118265,18,21,2.152432451e2,1.098019656e-1
884,118265,18,21,2.158843428e2,1.124277904e-1
885,118265,18,21,2.165265216e2,1.151057520e-1
886,118265,18,21,2.171697137e2,1.178268230e-1
887,118265,18,21,2.178141743e2,1.206001960e-1
888,118265,18,21,2.184597758e2,1.234070869e-1
889,118265,18,21,2.191068085e2,1.262853879e-1
890,118265,18,21,2.197545520e2,1.292070331e-1
891,118265,18,21,2.204026426e2,1.321812758e-1
892,118265,18,21,2.210514859e2,1.351893623e-1
893,118265,18,21,2.217011073e2,1.382587659e-1
894,118265,18,21,2.223511590e2,1.413906461e-1
895,118265,18,21,2.230020475e2,1.445751220e-1
896,118265,18,21,2.236537955e2,1.477935144e-1
897,118265,18,21,2.243067614e2,1.510734276e-1
898,118265,18,21,2.249610563e2,1.544060081e-1
899,118265,18,21,2.256153474e2,1.578009979e-1
900,118265,18,21,2.262697502e2,1.612405916e-1
901,118265,18,21,2.269254656e2,1.647420341e-1
902,118265,18,21,2.275828485e2,1.682965187e-1
903,118265,18,21,2.282414244e2,1.719134042e-1
904,118265,18,21,2.289019677e2,1.755645994e-1
905,118265,18,21,2.295629175e2,1.792968776e-1
906,118265,18,21,2.302244916e2,1.830824162e-1
907,118265,18,21,2.308864447e2,1.869307170e-1
908,118265,18,21,2.315491395e2,1.908136537e-1
909,118265,18,21,2.322125651e2,1.947677791e-1
910,118265,18,21,2.328768574e2,1.987847341e-1
911,118265,18,21,2.335429244e2,2.028750576e-1
912,118265,18,21,2.342099745e2,2.070003377e-1
913,118265,18,21,2.348782197e2,2.111971597e-1
914,118265,18,21,2.355486624e2,2.154567913e-1
915,118265,18,21,2.362211793e2,2.197793835e-1
916,118265,18,21,2.368958543e2,2.241562667e-1
917,118265,18,21,2.375728948e2,2.286049773e-1
918,118265,18,21,2.382518289e2,2.331169115e-1
919,118265,18,21,2.389323706e2,2.376922033e-1
920,118265,18,21,2.396143226e2,2.423118997e-1
921,118265,18,21,2.402979211e2,2.470131014e-1
922,118265,18,21,2.409824251e2,2.517883112e-1
923,118265,18,21,2.416679552e2,2.566272870e-1
924,118265,18,21,2.423544182e2,2.615111148e-1
925,118265,18,21,2.430417820e2,2.664764801e-1
926,118265,18,21,2.437301258e2,2.715054646e-1
927,118265,18,21,2.444194598e2,2.766177206e-1
928,118265,18,21,2.451095921e2,2.817751583e-1
929,118265,18,21,2.458006821e2,2.870145953e-1
930,118265,18,21,2.464928573e2,2.923180787e-1
931,118265,18,21,2.471863999e2,2.976949367e-1
932,118265,18,21,2.478811389e2,3.031267297e-1
933,118265,18,21,2.485771385e2,3.086513451e-1
934,118265,18,21,2.492745122e2,3.142404174e-1
935,118265,18,21,2.499733243e2,3.199032873e-1
936,118265,18,21,2.506735167e2,3.256211127e-1
937,118265,18,21,2.513747973e2,3.314214154e-1
938,118265,18,21,2.520774056e2,3.373056959e-1
939,118265,18,21,2.527803154e2,3.432640965e-1
940,118265,18,21,2.534842346e2,3.492779249e-1
941,118265,18,21,2.541887154e2,3.553746706e-1
942,118265,18,21,2.548944093e2,3.615455782e-1
943,118265,18,21,2.556017690e2,3.678004129e-1
944,118265,18,21,2.563106785e2,3.741215597e-1
945,118265,18,21,2.570212601e2,3.805260430e-1
946,118265,18,21,2.577336337e2,3.870051601e-1
947,118265,18,21,2.584481531e2,3.935683522e-1
948,118265,18,21,2.591644796e2,4.001875393e-1
949,118265,18,21,2.598819017e2,4.069096510e-1
950,118265,18,21,2.606006240e2,4.137067286e-1
951,118265,18,21,2.613205757e2,4.205883567e-1
952,118265,18,21,2.620414513e2,4.275265293e-1
953,118265,18,21,2.627630974e2,4.345578435e-1
954,118265,18,21,2.634853452e2,4.416739885e-1
955,118265,18,21,2.642082445e2,4.488856014e-1
956,118265,18,21,2.649325235e2,4.561541767e-1
957,118265,18,21,2.656575729e2,4.635164640e-1
958,118265,18,21,2.663843233e2,4.709637499e-1
959,118265,18,21,2.671122066e2,4.784962173e-1
960,118265,18,21,2.678410635e2,4.861052649e-1
961,118265,18,21,2.685716684e2,4.938083207e-1
962,118265,18,21,2.693034160e2,5.015969643e-1
963,118265,18,21,2.700365194e2,5.094713541e-1
964,118265,18,21,2.707702236e2,5.174125733e-1
965,118265,18,21,2.715058394e2,5.254577290e-1
966,118265,18,21,2.722432274e2,5.335993714e-1
967,118265,18,21,2.729813439e2,5.418272585e-1
968,118265,18,21,2.737206079e2,5.501225702e-1
969,118265,18,21,2.744610819e2,5.585220204e-1
970,118265,18,21,2.752018380e2,5.670077179e-1
971,118265,18,21,2.759420183e2,5.755993013e-1
972,118265,18,21,2.766820246e2,5.842587220e-1
973,118265,18,21,2.774227826e2,5.930229077e-1
974,118265,18,21,2.781646689e2,6.018739470e-1
975,118265,18,21,2.789076099e2,6.108211832e-1
976,118265,18,21,2.796513197e2,6.198462073e-1
977,118265,18,21,2.803959076e2,6.289870054e-1
978,118265,18,21,2.811417957e2,6.382151442e-1
979,118265,18,21,2.818888802e2,6.475401010e-1
980,118265,18,21,2.826369009e2,6.569430767e-1
981,118265,18,21,2.833872796e2,6.664515996e-1
982,118265,18,21,2.841390288e2,6.760672458e-1
983,118265,18,21,2.848916005e2,6.857801139e-1
984,118265,18,21,2.856456314e2,6.955716464e-1
985,118265,18,21,2.864007503e2,7.054693545e-1
986,118265,18,21,2.871572151e2,7.154645016e-1
987,118265,18,21,2.879149097e2,7.255669947e-1
988,118265,18,21,2.886738208e2,7.357591641e-1
989,118265,18,21,2.894333678e2,7.460579803e-1
990,118265,18,21,2.901939868e2,7.564548831e-1
991,118265,18,21,2.909556485e2,7.669593368e-1
992,118265,18,21,2.917181654e2,7.775434051e-1
993,118265,18,21,2.924815963e2,7.882539770e-1
994,118265,18,21,2.932464479e2,7.990630465e-1
995,118265,18,21,2.940125851e2,8.099803487e-1
996,118265,18,21,2.947795143e2,8.209778815e-1
997,118265,18,21,2.955478439e2,8.320923839e-1
998,118265,18,21,2.963173820e2,8.433155971e-1
999,118265,18,21,2.970881864e2,8.546580635e-1
1000,118265,18,21,2.978602910e2,8.660812203e-1
1001,118265,18,21,2.986335638e2,8.776219684e-1
1002,118265,18,21,2.994082505e2,8.892717428e-1
1003,118265,18,21,3.001841923e2,9.010308144e-1
1004,118265,18,21,3.009614421e2,9.128904888e-1
1005,118265,18,21,3.017397152e2,9.248682023e-1
1006,118265,18,21,3.025186278e2,9.369555599e-1
1007,118265,18,21,3.032985716e2,9.491529136e-1
1008,118265,18,21,3.040805333e2,9.614414176e-1
1009,118265,18,21,3.048633258e2,9.738582174e-1
1010,118265,18,21,3.056470055e2,9.863957251e-1
1011,118265,18,21,3.064316856e2,9.990436743e-1
1012,118265,18,21,3.072174337e2,1.011783420e0
1013,118265,18,21,3.080043866e2,1.024651838e0
1014,118265,18,21,3.087931264e2,1.037631099e0
1015,118265,18,21,3.095832799e2,1.050740713e0
1016,118265,18,21,3.103746994e2,1.063942640e0
1017,118265,18,21,3.111672550e2,1.077273858e0
1018,118265,18,21,3.119610067e2,1.090716663e0
1019,118265,18,21,3.127558073e2,1.104280444e0
1020,118265,18,21,3.135515774e2,1.117946833e0
1021,118265,18,21,3.143489191e2,1.131753595e0
1022,118265,18,21,3.151473934e2,1.145672466e0
1023,118265,18,21,3.159473641e2,1.159712958e0
1024,118265,18,21,3.167481391e2,1.173856470e0
1025,118265,18,21,3.175496628e2,1.188130599e0
1026,118265,18,21,3.183519375e2,1.202527046e0
1027,118265,18,21,3.191549040e2,1.217056437e0
1028,118265,18,21,3.199589790e2,1.231689762e0
1029,118265,18,21,3.207639961e2,1.246454596e0
1030,118265,18,21,3.215701287e2,1.261342175e0
1031,118265,18,21,3.223773269e2,1.276352607e0
1032,118265,18,21,3.231855360e2,1.291486688e0
1033,118265,18,21,3.239950335e2,1.306752804e0
1034,118265,18,21,3.248058409e2,1.322142262e0
1035,118265,18,21,3.256179423e2,1.337655340e0
1036,118265,18,21,3.264313382e2,1.353282584e0
1037,118265,18,21,3.272445338e2,1.369052186e0
1038,118265,18,21,3.280571744e2,1.384956507e0
1039,118265,18,21,3.288700163e2,1.400985124e0
1040,118265,18,21,3.296839439e2,1.417128612e0
1041,118265,18,21,3.304987773e2,1.433414928e0
1042,118265,18,21,3.313156432e2,1.449826159e0
1043,118265,18,21,3.321325976e2,1.466381745e0
1044,118265,18,21,3.329508887e2,1.483053024e0
1045,118265,18,21,3.337701670e2,1.499867784e0
1046,118265,18,21,3.345904872e2,1.516808280e0
1047,118265,18,21,3.354118987e2,1.533883830e0
1048,118265,18,21,3.362343435e2,1.551085486e0
1049,118265,18,21,3.370578655e2,1.568441957e0
1050,118265,18,21,3.378824964e2,1.585924842e0
1051,118265,18,21,3.387083472e2,1.603543332e0
1052,118265,18,21,3.395352722e2,1.621288363e0
1053,118265,18,21,3.403629653e2,1.639178554e0
1054,118265,18,21,3.411917855e2,1.657205460e0
1055,118265,18,21,3.420217040e2,1.675379469e0
1056,118265,18,21,3.428527965e2,1.693680849e0
1057,118265,18,21,3.436845166e2,1.712128304e0
1058,118265,18,21,3.445172540e2,1.730712982e0
1059,118265,18,21,3.453507480e2,1.749434871e0
1060,118265,18,21,3.461849705e2,1.768304059e0
1061,118265,18,21,3.470196414e2,1.787319948e0
1062,118265,18,21,3.478550191e2,1.806473581e0
1063,118265,18,21,3.486910667e2,1.825765302e0
1064,118265,18,21,3.495279119e2,1.845195050e0
1065,118265,18,21,3.503654885e2,1.864781977e0
1066,118265,18,21,3.512039521e2,1.884518198e0
1067,118265,18,21,3.520437067e2,1.904393312e0
1068,118265,18,21,3.528848427e2,1.924407103e0
1069,118265,18,21,3.537275111e2,1.944578686e0
1070,118265,18,21,3.545719213e2,1.964890019e0
1071,118265,18,21,3.554178813e2,1.985350663e0
1072,118265,18,21,3.562652688e2,2.005961699e0
1073,118265,18,21,3.571141289e2,2.026731423e0
1074,118265,18,21,3.579645399e2,2.047641936e0
1075,118265,18,21,3.588166154e2,2.068702336e0
1076,118265,18,21,3.596695542e2,2.089903280e0
1077,118265,18,21,3.605234655e2,2.111282964e0
1078,118265,18,21,3.613781634e2,2.132804155e0
1079,118265,18,21,3.622340489e2,2.154475716e0
1080,118265,18,21,3.630909335e2,2.176288689e0
1081,118265,18,21,3.639489552e2,2.198271129e0
1082,118265,18,21,3.648083716e2,2.220405534e0
1083,118265,18,21,3.656687402e2,2.242701921e0
1084,118265,18,21,3.665301269e2,2.265140550e0
1085,118265,18,21,3.673922271e2,2.287749184e0
1086,118265,18,21,3.682549602e2,2.310510417e0
1087,118265,18,21,3.691185002e2,2.333424184e0
1088,118265,18,21,3.699832459e2,2.356490712e0
1089,118265,18,21,3.708489379e2,2.379739119e0
1090,118265,18,21,3.717151837e2,2.403141058e0
1091,118265,18,21,3.725824994e2,2.426696614e0
1092,118265,18,21,3.734507914e2,2.450405585e0
1093,118265,18,21,3.743200198e2,2.474286743e0
1094,118265,18,21,3.751897443e2,2.498331875e0
1095,118265,18,21,3.760604659e2,2.522542133e0
1096,118265,18,21,3.769322798e2,2.546906643e0
1097,118265,18,21,3.778047494e2,2.571444302e0
1098,118265,18,21,3.786779723e2,2.596146562e0
1099,118265,18,21,3.795522299e2,2.621004132e0
1100,118265,18,21,3.804274961e2,2.646036167e0
1101,118265,18,21,3.813051162e2,2.671242279e0
1102,118265,18,21,3.821842653e2,2.696613557e0
1103,118265,18,21,3.830624622e2,2.722141056e0
1104,118265,18,21,3.839415112e2,2.747833904e0
1105,118265,18,21,3.848214894e2,2.773711438e0
1106,118265,18,21,3.857026311e2,2.799765892e0
1107,118265,18,21,3.865848774e2,2.825977592e0
1108,118265,18,21,3.874683104e2,2.852355369e0
1109,118265,18,21,3.883519965e2,2.878918433e0
1110,118265,18,21,3.892356196e2,2.905649108e0
1111,118265,18,21,3.901191928e2,2.932547627e0
1112,118265,18,21,3.910037940e2,2.959623989e0
1113,118265,18,21,3.918895030e2,2.986886843e0
1114,118265,18,21,3.927765360e2,3.014318312e0
1115,118265,18,21,3.936645905e2,3.041918353e0
1116,118265,18,21,3.945535909e2,3.069686724e0
1117,118265,18,21,3.954434015e2,3.097652030e0
1118,118265,18,21,3.963339909e2,3.125797591e0
1119,118265,18,21,3.972253524e2,3.154112665e0
1120,118265,18,21,3.981174638e2,3.182596912e0
1121,118265,18,21,3.990089687e2,3.211278757e0
1122,118265,18,21,3.999041297e2,3.240131149e0
1123,118265,18,21,4.007988075e2,3.269163600e0
1124,118265,18,21,4.016945102e2,3.298377075e0
1125,118265,18,21,4.025910030e2,3.327789180e0
1126,118265,18,21,4.034884892e2,3.357372735e0
1127,118265,18,21,4.043866879e2,3.387137044e0
1128,118265,18,21,4.052858160e2,3.417072753e0
1129,118265,18,21,4.061859756e2,3.447217759e0
1130,118265,18,21,4.070875285e2,3.477546201e0
1131,118265,18,21,4.079903193e2,3.508056503e0
1132,118265,18,21,4.088956596e2,3.538739110e0
1133,118265,18,21,4.098009368e2,3.569631762e0
1134,118265,18,21,4.107073718e2,3.600698310e0
1135,118265,18,21,4.116149027e2,3.631957403e0
1136,118265,18,21,4.125236062e2,3.663400827e0
1137,118265,18,21,4.134335547e2,3.695055395e0
1138,118265,18,21,4.143443499e2,3.726884723e0
1139,118265,18,21,4.152559693e2,3.758907359e0
1140,118265,18,21,4.161684444e2,3.791104746e0
1141,118265,18,21,4.170817631e2,3.823523931e0
1142,118265,18,21,4.179960918e2,3.856129859e0
1143,118265,18,21,4.189111511e2,3.888930173e0
1144,118265,18,21,4.198270067e2,3.921906161e0
1145,118265,18,21,4.207435756e2,3.955104660e0
1146,118265,18,21,4.216610578e2,3.988480332e0
1147,118265,18,21,4.225793441e2,4.022061053e0
1148,118265,18,21,4.234987240e2,4.055829380e0
1149,118265,18,21,4.244189427e2,4.089821392e0
1150,118265,18,21,4.253400638e2,4.123991597e0
1151,118265,18,21,4.262621889e2,4.158367550e0
1152,118265,18,21,4.271852600e2,4.192921611e0
1153,118265,18,21,4.281091034e2,4.227710068e0
1154,118265,18,21,4.290336940e2,4.262688621e0
1155,118265,18,21,4.299589946e2,4.297874251e0
1156,118265,18,21,4.308853012e2,4.333239055e0
1157,118265,18,21,4.318125179e2,4.368838936e0
1158,118265,18,21,4.327405573e2,4.404619490e0
1159,118265,18,21,4.336692939e2,4.440617824e0
1160,118265,18,21,4.345987918e2,4.476807214e0
1161,118265,18,21,4.355288506e2,4.513233126e0
1162,118265,18,21,4.364598541e2,4.549840769e0
1163,118265,18,21,4.373916620e2,4.586666874e0
1164,118265,18,21,4.383246278e2,4.623674622e0
1165,118265,18,21,4.392587032e2,4.660929562e0
1166,118265,18,21,4.401933608e2,4.698378100e0
1167,118265,18,21,4.411287369e2,4.736046550e0
1168,118265,18,21,4.420649584e2,4.773897736e0
1169,118265,18,21,4.430021431e2,4.811996799e0
1170,118265,18,21,4.439395104e2,4.850280052e0
1171,118265,18,21,4.448782901e2,4.888793910e0
1172,118265,18,21,4.458178832e2,4.927502365e0
1173,118265,18,21,4.467585394e2,4.966460157e0
1174,118265,18,21,4.477001261e2,5.005603285e0
1175,118265,18,21,4.486425115e2,5.044977728e0
1176,118265,18,21,4.495856903e2,5.084537401e0
1177,118265,18,21,4.505292739e2,5.124357170e0
1178,118265,18,21,4.514732983e2,5.164374116e0
1179,118265,18,21,4.524189752e2,5.204623861e0
1180,118265,18,21,4.533654151e2,5.245060034e0
1181,118265,18,21,4.543123825e2,5.285757026e0
1182,118265,18,21,4.552598575e2,5.326641934e0
1183,118265,18,21,4.562080178e2,5.367770427e0
1184,118265,18,21,4.571568284e2,5.409087204e0
1185,118265,18,21,4.581062064e2,5.450677243e0
1186,118265,18,21,4.590560873e2,5.492456694e0
1187,118265,18,21,4.600059053e2,5.534480642e0
1188,118265,18,21,4.609560856e2,5.576693765e0
1189,118265,18,21,4.619067465e2,5.619170301e0
1190,118265,18,21,4.628586894e2,5.661847020e0
1191,118265,18,21,4.638116476e2,5.704780063e0
1192,118265,18,21,4.647654329e2,5.747903668e0
1193,118265,18,21,4.657200856e2,5.791291773e0
1194,118265,18,21,4.666760065e2,5.834880760e0
1195,118265,18,21,4.676327876e2,5.878716757e0
1196,118265,18,21,4.685909012e2,5.922754154e0
1197,118265,18,21,4.695501959e2,5.967057886e0
1198,118265,18,21,4.705102639e2,6.011574936e0
1199,118265,18,21,4.714708531e2,6.056340488e0
1200,118265,18,21,4.724319339e2,6.101308462e0
1201,118265,18,21,4.733935615e2,6.146543855e0
1202,118265,18,21,4.743563285e2,6.191982812e0
1203,118265,18,21,4.753202129e2,6.237681134e0
1204,118265,18,21,4.762851688e2,6.283593712e0
1205,118265,18,21,4.772510465e2,6.329775157e0
1206,118265,18,21,4.782177926e2,6.376161373e0
1207,118265,18,21,4.791854882e2,6.422807791e0
1208,118265,18,21,4.801541777e2,6.469659294e0
1209,118265,18,21,4.811243344e2,6.516790537e0
1210,118265,18,21,4.820942567e2,6.564128448e0
1211,118265,18,21,4.830652787e2,6.611738916e0
1212,118265,18,21,4.840369840e2,6.659556024e0
1213,118265,18,21,4.850095698e2,6.707653943e0
1214,118265,18,21,4.859828637e2,6.755959613e0
1215,118265,18,21,4.869568174e2,6.804528222e0
1216,118265,18,21,4.879314875e2,6.853314303e0
1217,118265,18,21,4.889070827e2,6.902382931e0
1218,118265,18,21,4.898832215e2,6.951671729e0
1219,118265,18,21,4.908600688e2,7.001224969e0
1220,118265,18,21,4.918376362e2,7.050996720e0
1221,118265,18,21,4.928160184e2,7.101052112e0
1222,118265,18,21,4.937951239e2,7.151317932e0
1223,118265,18,21,4.947750411e2,7.201859015e0
1224,118265,18,21,4.957558240e2,7.252620312e0
1225,118265,18,21,4.967373082e2,7.303677682e0
1226,118265,18,21,4.977196328e2,7.354947029e0
1227,118265,18,21,4.987029727e2,7.406492751e0
1228,118265,18,21,4.996873502e2,7.458259864e0
1229,118265,18,21,5.006726558e2,7.510313384e0
1230,118265,18,21,5.016593102e2,7.562589768e0
1231,118265,18,21,5.026471318e2,7.615144285e0
1232,118265,18,21,5.036347043e2,7.667932623e0
1233,118265,18,21,5.046226118e2,7.721008980e0
1234,118265,18,21,5.056109155e2,7.774309370e0
1235,118265,18,21,5.065999380e2,7.827889120e0
1236,118265,18,21,5.075897838e2,7.881693119e0
1237,118265,18,21,5.085802693e2,7.935796040e0
1238,118265,18,21,5.095713726e2,7.990124768e0
1239,118265,18,21,5.105629541e2,8.044745202e0
1240,118265,18,21,5.115562135e2,8.099591498e0
1241,118265,18,21,5.125500157e2,8.154737884e0
1242,118265,18,21,5.135441541e2,8.210111296e0
1243,118265,18,21,5.145388589e2,8.265766923e0
1244,118265,18,21,5.155337701e2,8.321659303e0
1245,118265,18,21,5.165290981e2,8.377853559e0
1246,118265,18,21,5.175257665e2,8.434276793e0
1247,118265,18,21,5.185233928e2,8.490984429e0
1248,118265,18,21,5.195218114e2,8.547931016e0
1249,118265,18,21,5.205207613e2,8.605182092e0
1250,118265,18,21,5.215206065e2,8.662664785e0
1251,118265,18,21,5.225212128e2,8.720434339e0
1252,118265,18,21,5.235218748e2,8.778444939e0
1253,118265,18,21,5.245236534e2,8.836761782e0
1254,118265,18,21,5.255259310e2,8.895311676e0
1255,118265,18,21,5.265290851e2,8.954149686e0
1256,118265,18,21,5.275329886e2,9.013229956e0
1257,118265,18,21,5.285377147e2,9.072617740e0
1258,118265,18,21,5.295430595e2,9.132239930e0
1259,118265,18,21,5.305489449e2,9.192151668e0
1260,118265,18,21,5.315557461e2,9.252307169e0
1261,118265,18,21,5.325631913e2,9.312771748e0
1262,118265,18,21,5.335714579e2,9.373472357e0
1263,118265,18,21,5.345803883e2,9.434464200e0
1264,118265,18,21,5.355903478e2,9.495701552e0
1265,118265,18,21,5.366013023e2,9.557249778e0
1266,118265,18,21,5.376126837e2,9.619035870e0
1267,118265,18,21,5.386238636e2,9.681115064e0
1268,118265,18,21,5.396350863e2,9.743441651e0
1269,118265,18,21,5.406473618e2,9.806081002e0
1270,118265,18,21,5.416613932e2,9.868960102e0
1271,118265,18,21,5.426766933e2,9.932134173e0
1272,118265,18,21,5.436930354e2,9.995557483e0
1273,118265,18,21,5.447103687e2,1.005929538e1
1274,118265,18,21,5.457287236e2,1.012327481e1
1275,118265,18,21,5.467476694e2,1.018755087e1
1276,118265,18,21,5.477671876e2,1.025207773e1
1277,118265,18,21,5.487873824e2,1.031692072e1
1278,118265,18,21,5.498081742e2,1.038200680e1
1279,118265,18,21,5.508294262e2,1.044739116e1
1280,118265,18,21,5.518516987e2,1.051302805e1
1281,118265,18,21,5.528748241e2,1.057898283e1
1282,118265,18,21,5.538985321e2,1.064518244e1
1283,118265,18,21,5.549227652e2,1.071168209e1
1284,118265,18,21,5.559480141e2,1.077843605e1
1285,118265,18,21,5.569739151e2,1.084550966e1
1286,118265,18,21,5.580007110e2,1.091282987e1
1287,118265,18,21,5.590283694e2,1.098045189e1
1288,118265,18,21,5.600575694e2,1.104832998e1
1289,118265,18,21,5.610866200e2,1.111652948e1
1290,118265,18,21,5.621158630e2,1.118497735e1
1291,118265,18,21,5.631455912e2,1.125372879e1
1292,118265,18,21,5.641760277e2,1.132273804e1
1293,118265,18,21,5.652071708e2,1.139207044e1
1294,118265,18,21,5.662390799e2,1.146165295e1
1295,118265,18,21,5.672716576e2,1.153154076e1
1296,118265,18,21,5.683049526e2,1.160168818e1
1297,118265,18,21,5.693388699e2,1.167216057e1
1298,118265,18,21,5.703734782e2,1.174288488e1
1299,118265,18,21,5.714088621e2,1.181391631e1
1300,118265,18,21,5.724451432e2,1.188520910e1
1301,118265,18,21,5.734820130e2,1.195682858e1
1302,118265,18,21,5.745195700e2,1.202870171e1
1303,118265,18,21,5.755578434e2,1.210088368e1
1304,118265,18,21,5.765968895e2,1.217332875e1
1305,118265,18,21,5.776364879e2,1.224610225e1
1306,118265,18,21,5.786768433e2,1.231913113e1
1307,118265,18,21,5.797179969e2,1.239247058e1
1308,118265,18,21,5.807599055e2,1.246607487e1
1309,118265,18,21,5.818022598e2,1.254000932e1
1310,118265,18,21,5.828454475e2,1.261420089e1
1311,118265,18,21,5.838888828e2,1.268870477e1
1312,118265,18,21,5.849327530e2,1.276347522e1
1313,118265,18,21,5.859771313e2,1.283857757e1
1314,118265,18,21,5.870220347e2,1.291393876e1
1315,118265,18,21,5.880676937e2,1.298961401e1
1316,118265,18,21,5.891140110e2,1.306555755e1
1317,118265,18,21,5.901612254e2,1.314183472e1
1318,118265,18,21,5.912090697e2,1.321837247e1
1319,118265,18,21,5.922574752e2,1.329522599e1
1320,118265,18,21,5.933065905e2,1.337234953e1
1321,118265,18,21,5.943563614e2,1.344980843e1
1322,118265,18,21,5.954068440e2,1.352752964e1
1323,118265,18,21,5.964580364e2,1.360556834e1
1324,118265,18,21,5.975100199e2,1.368387879e1
1325,118265,18,21,5.985628537e2,1.376252632e1
1326,118265,18,21,5.996164542e2,1.384143788e1
1327,118265,18,21,6.006707708e2,1.392066867e1
1328,118265,18,21,6.017258647e2,1.400017291e1
1329,118265,18,21,6.027815359e2,1.408001592e1
1330,118265,18,21,6.038380023e2,1.416012467e1
1331,118265,18,21,6.048951860e2,1.424055435e1
1332,118265,18,21,6.059530308e2,1.432125921e1
1333,118265,18,21,6.070113924e2,1.440230458e1
1334,118265,18,21,6.080704306e2,1.448361742e1
1335,118265,18,21,6.091297249e2,1.456525292e1
1336,118265,18,21,6.101896143e2,1.464716534e1
1337,118265,18,21,6.112497280e2,1.472942001e1
1338,118265,18,21,6.123106736e2,1.481194389e1
1339,118265,18,21,6.133721132e2,1.489479215e1
1340,118265,18,21,6.144341655e2,1.497791908e1
1341,118265,18,21,6.154967438e2,1.506138998e1
1342,118265,18,21,6.165598836e2,1.514513183e1
1343,118265,18,21,6.176233795e2,1.522919981e1
1344,118265,18,21,6.186878259e2,1.531354818e1
1345,118265,18,21,6.197535028e2,1.539824227e1
1346,118265,18,21,6.208202063e2,1.548320901e1
1347,118265,18,21,6.218875950e2,1.556850356e1
1348,118265,18,21,6.229548090e2,1.565408015e1
1349,118265,18,21,6.240213931e2,1.574000413e1
1350,118265,18,21,6.250883536e2,1.582620244e1
1351,118265,18,21,6.261573098e2,1.591273027e1
1352,118265,18,21,6.272274644e2,1.599954189e1
1353,118265,18,21,6.282979759e2,1.608670262e1
1354,118265,18,21,6.293690678e2,1.617413930e1
1355,118265,18,21,6.304407762e2,1.626190716e1
1356,118265,18,21,6.315124760e2,1.634996045e1
1357,118265,18,21,6.325860779e2,1.643836449e1
1358,118265,18,21,6.336598042e2,1.652704625e1
1359,118265,18,21,6.347342069e2,1.661606092e1
1360,118265,18,21,6.358092347e2,1.670536277e1
1361,118265,18,21,6.368847919e2,1.679501713e1
1362,118265,18,21,6.379611358e2,1.688495096e1
1363,118265,18,21,6.390384279e2,1.697521944e1
1364,118265,18,21,6.401164918e2,1.706577683e1
1365,118265,18,21,6.411951486e2,1.715668846e1
1366,118265,18,21,6.422747100e2,1.724788128e1
1367,118265,18,21,6.433548458e2,1.733941049e1
1368,118265,18,21,6.444355969e2,1.743123035e1
1369,118265,18,21,6.455162908e2,1.752340619e1
1370,118265,18,21,6.465975210e2,1.761586496e1
1371,118265,18,21,6.476790284e2,1.770866187e1
1372,118265,18,21,6.487611551e2,1.780175114e1
1373,118265,18,21,6.498435891e2,1.789519804e1
1374,118265,18,21,6.509265128e2,1.798892933e1
1375,118265,18,21,6.520105870e2,1.808300020e1
1376,118265,18,21,6.530948891e2,1.817736488e1
1377,118265,18,21,6.541793075e2,1.827208869e1
1378,118265,18,21,6.552643950e2,1.836709858e1
1379,118265,18,21,6.563491670e2,1.846244973e1
1380,118265,18,21,6.574365203e2,1.855809640e1
1381,118265,18,21,6.585237018e2,1.865410394e1
1382,118265,18,21,6.596118358e2,1.875039931e1
1383,118265,18,21,6.607004989e2,1.884703772e1
1384,118265,18,21,6.617895371e2,1.894397344e1
1385,118265,18,21,6.628791978e2,1.904127182e1
1386,118265,18,21,6.639696669e2,1.913885984e1
1387,118265,18,21,6.650608669e2,1.923679270e1
1388,118265,18,21,6.661529500e2,1.933502468e1
1389,118265,18,21,6.672455093e2,1.943362113e1
1390,118265,18,21,6.683386402e2,1.953250899e1
1391,118265,18,21,6.694324995e2,1.963174349e1
1392,118265,18,21,6.705269712e2,1.973127886e1
1393,118265,18,21,6.716220216e2,1.983118045e1
1394,118265,18,21,6.727176771e2,1.993137522e1
1395,118265,18,21,6.738139475e2,2.003191836e1
1396,118265,18,21,6.749106553e2,2.013276411e1
1397,118265,18,21,6.760078000e2,2.023397778e1
1398,118265,18,21,6.771053303e2,2.033548633e1
1399,118265,18,21,6.782032738e2,2.043734492e1
1400,118265,18,21,6.793016357e2,2.053950779e1
1401,118265,18,21,6.804005033e2,2.064204027e1
1402,118265,18,21,6.815000254e2,2.074486929e1
1403,118265,18,21,6.825996109e2,2.084805005e1
1404,118265,18,21,6.836999625e2,2.095153677e1
1405,118265,18,21,6.848010699e2,2.105539479e1
1406,118265,18,21,6.859032147e2,2.115955106e1
1407,118265,18,21,6.870057249e2,2.126406078e1
1408,118265,18,21,6.881088757e2,2.136887819e1
1409,118265,18,21,6.892122975e2,2.147406862e1
1410,118265,18,21,6.903162400e2,2.157955904e1
1411,118265,18,21,6.914208074e2,2.168540464e1
1412,118265,18,21,6.925261020e2,2.179155967e1
1413,118265,18,21,6.936314399e2,2.189808948e1
1414,118265,18,21,6.947374692e2,2.200492101e1
1415,118265,18,21,6.958442969e2,2.211210946e1
1416,118265,18,21,6.969516142e2,2.221960908e1
1417,118265,18,21,6.980594535e2,2.232748521e1
1418,118265,18,21,6.991674455e2,2.243566480e1
1419,118265,18,21,7.002756600e2,2.254420303e1
1420,118265,18,21,7.013835837e2,2.265305415e1
1421,118265,18,21,7.024919228e2,2.276228350e1
1422,118265,18,21,7.036007663e2,2.287181801e1
1423,118265,18,21,7.047101622e2,2.298171288e1
1424,118265,18,21,7.058202018e2,2.309192234e1
1425,118265,18,21,7.069304851e2,2.320251174e1
1426,118265,18,21,7.080410856e2,2.331340801e1
1427,118265,18,21,7.091533461e2,2.342466635e1
1428,118265,18,21,7.102667822e2,2.353624100e1
1429,118265,18,21,7.113809314e2,2.364819730e1
1430,118265,18,21,7.124957770e2,2.376046219e1
1431,118265,18,21,7.136105540e2,2.387309087e1
1432,118265,18,21,7.147253464e2,2.398603325e1
1433,118265,18,21,7.158405458e2,2.409935596e1
1434,118265,18,21,7.169574302e2,2.421298639e1
1435,118265,18,21,7.180767169e2,2.432698031e1
1436,118265,18,21,7.191945610e2,2.444129260e1
1437,118265,18,21,7.203130477e2,2.455598927e1
1438,118265,18,21,7.214316726e2,2.467099792e1
1439,118265,18,21,7.225511459e2,2.478637435e1
1440,118265,18,21,7.236713544e2,2.490207337e1
1441,118265,18,21,7.247923503e2,2.501816074e1
1442,118265,18,21,7.259141472e2,2.513456374e1
1443,118265,18,21,7.270363322e2,2.525133777e1
1444,118265,18,21,7.281584593e2,2.536843714e1
1445,118265,18,21,7.292806526e2,2.548592714e1
1446,118265,18,21,7.304032281e2,2.560373456e1
1447,118265,18,21,7.315266597e2,2.572191336e1
1448,118265,18,21,7.326508356e2,2.584041709e1
1449,118265,18,21,7.337751728e2,2.595931106e1
1450,118265,18,21,7.348996536e2,2.607852224e1
1451,118265,18,21,7.360252109e2,2.619810581e1
1452,118265,18,21,7.371510365e2,2.631801602e1
1453,118265,18,21,7.382774340e2,2.643831819e1
1454,118265,18,21,7.394043500e2,2.655893928e1
1455,118265,18,21,7.405317258e2,2.667993448e1
1456,118265,18,21,7.416597464e2,2.680125804e1
1457,118265,18,21,7.427881032e2,2.692297529e1
1458,118265,18,21,7.439165613e2,2.704501319e1
1459,118265,18,21,7.450453289e2,2.716742693e1
1460,118265,18,21,7.461749662e2,2.729017077e1
1461,118265,18,21,7.473046554e2,2.741331002e1
1462,118265,18,21,7.484346480e2,2.753677165e1
1463,118265,18,21,7.495654570e2,2.766061086e1
1464,118265,18,21,7.506970723e2,2.778478188e1
1465,118265,18,21,7.518291867e2,2.790935006e1
1466,118265,18,21,7.529620555e2,2.803424233e1
1467,118265,18,21,7.540952717e2,2.815951391e1
1468,118265,18,21,7.552286159e2,2.828511902e1
1469,118265,18,21,7.563624208e2,2.841112300e1
1470,118265,18,21,7.574970365e2,2.853745280e1
1471,118265,18,21,7.586318730e2,2.866416362e1
1472,118265,18,21,7.597671314e2,2.879120969e1
1473,118265,18,21,7.609028107e2,2.891865635e1
1474,118265,18,21,7.620390112e2,2.904643054e1
1475,118265,18,21,7.631757412e2,2.917458745e1
1476,118265,18,21,7.643131449e2,2.930308134e1
1477,118265,18,21,7.654510464e2,2.943197753e1
1478,118265,18,21,7.665902863e2,2.956120298e1
1479,118265,18,21,7.677291284e2,2.969081120e1
1480,118265,18,21,7.688684705e2,2.982075722e1
1481,118265,18,21,7.700075497e2,2.995110648e1
1482,118265,18,21,7.711472235e2,3.008178609e1
1483,118265,18,21,7.722871941e2,3.021285139e1
1484,118265,18,21,7.734277000e2,3.034425682e1
1485,118265,18,21,7.745684843e2,3.047606789e1
1486,118265,18,21,7.757098012e2,3.060821173e1
1487,118265,18,21,7.768513824e2,3.074074370e1
1488,118265,18,21,7.779935391e2,3.087361818e1
1489,118265,18,21,7.791360941e2,3.100690060e1
1490,118265,18,21,7.802788789e2,3.114051798e1
1491,118265,18,21,7.814220499e2,3.127452556e1
1492,118265,18,21,7.825657874e2,3.140887758e1
1493,118265,18,21,7.837097910e2,3.154363935e1
1494,118265,18,21,7.848542673e2,3.167873774e1
1495,118265,18,21,7.859992795e2,3.181422786e1
1496,118265,18,21,7.871447625e2,3.195006388e1
1497,118265,18,21,7.882902916e2,3.208631095e1
1498,118265,18,21,7.894361009e2,3.222289587e1
1499,118265,18,21,7.905826121e2,3.235987386e1
1500,118265,18,21,7.917297236e2,3.249719914e1
1501,118265,18,21,7.928770008e2,3.263493688e1
1502,118265,18,21,7.940245466e2,3.277301393e1
1503,118265,18,21,7.951725115e2,3.291148544e1
1504,118265,18,21,7.963208540e2,3.305030565e1
1505,118265,18,21,7.974693937e2,3.318953988e1
1506,118265,18,21,7.986185769e2,3.332911511e1
1507,118265,18,21,7.997679484e2,3.346908655e1
1508,118265,18,21,8.009176208e2,3.360940852e1
1509,118265,18,21,8.020675518e2,3.375014640e1
1510,118265,18,21,8.032177543e2,3.389122721e1
1511,118265,18,21,8.043682262e2,3.403270621e1
1512,118265,18,21,8.055188492e2,3.417453771e1
1513,118265,18,21,8.066693109e2,3.431678711e1
1514,118265,18,21,8.078201067e2,3.445938140e1
1515,118265,18,21,8.089709375e2,3.460237580e1
1516,118265,18,21,8.101221622e2,3.474572460e1
1517,118265,18,21,8.112734643e2,3.488949311e1
1518,118265,18,21,8.124255358e2,3.503360830e1
1519,118265,18,21,8.135786002e2,3.517812533e1
1520,118265,18,21,8.147327489e2,3.532299842e1
1521,118265,18,21,8.158878906e2,3.546829286e1
1522,118265,18,21,8.170431750e2,3.561393557e1
1523,118265,18,21,8.181981512e2,3.575998169e1
1524,118265,18,21,8.193528670e2,3.590638543e1
1525,118265,18,21,8.205088702e2,3.605321207e1
1526,118265,18,21,8.216662226e2,3.620038855e1
1527,118265,18,21,8.228242181e2,3.634797001e1
1528,118265,18,21,8.239823070e2,3.649591069e1
1529,118265,18,21,8.251404683e2,3.664427592e1
1530,118265,18,21,8.262988867e2,3.679298123e1
1531,118265,18,21,8.274576973e2,3.694210232e1
1532,118265,18,21,8.286166794e2,3.709158188e1
1533,118265,18,21,8.297764104e2,3.724148533e1
1534,118265,18,21,8.309367412e2,3.739175008e1
1535,118265,18,21,8.320977909e2,3.754243210e1
1536,118265,18,21,8.332592150e2,3.769347764e1
1537,118265,18,21,8.344207929e2,3.784495218e1
1538,118265,18,21,8.355824745e2,3.799679217e1
1539,118265,18,21,8.367447744e2,3.814904344e1
1540,118265,18,21,8.379076028e2,3.830166985e1
1541,118265,18,21,8.390709441e2,3.845472668e1
1542,118265,18,21,8.402346226e2,3.860814988e1
1543,118265,18,21,8.413985275e2,3.876198841e1
1544,118265,18,21,8.425624818e2,3.891620127e1
1545,118265,18,21,8.437265270e2,3.907084587e1
1546,118265,18,21,8.448907184e2,3.922585893e1
1547,118265,18,21,8.460551454e2,3.938128614e1
1548,118265,18,21,8.472198305e2,3.953710079e1
1549,118265,18,21,8.483849117e2,3.969334882e1
1550,118265,18,21,8.495504585e2,3.984996564e1
1551,118265,18,21,8.507167620e2,4.000700232e1
1552,118265,18,21,8.518834356e2,4.016442277e1
1553,118265,18,21,8.530504196e2,4.032227416e1
1554,118265,18,21,8.542178143e2,4.048049323e1
1555,118265,18,21,8.553854024e2,4.063912669e1
1556,118265,18,21,8.565533040e2,4.079815836e1
1557,118265,18,21,8.577215540e2,4.095762599e1
1558,118265,18,21,8.588899732e2,4.111746549e1
1559,118265,18,21,8.600586465e2,4.127772246e1
1560,118265,18,21,8.612274379e2,4.143838785e1
1561,118265,18,21,8.623968991e2,4.159949093e1
1562,118265,18,21,8.635656215e2,4.176096760e1
1563,118265,18,21,8.647346871e2,4.192286365e1
1564,118265,18,21,8.659040275e2,4.208516096e1
1565,118265,18,21,8.670737261e2,4.224790772e1
1566,118265,18,21,8.682436810e2,4.241102985e1
1567,118265,18,21,8.694138510e2,4.257457277e1
1568,118265,18,21,8.705842764e2,4.273851845e1
1569,118265,18,21,8.717545761e2,4.290292314e1
1570,118265,18,21,8.729252991e2,4.306770474e1
1571,118265,18,21,8.740959920e2,4.323290821e1
1572,118265,18,21,8.752670185e2,4.339851535e1
1573,118265,18,21,8.764383478e2,4.356457342e1
1574,118265,18,21,8.776099477e2,4.373101957e1
1575,118265,18,21,8.787817850e2,4.389788957e1
1576,118265,18,21,8.799539131e2,4.406516544e1
1577,118265,18,21,8.811262616e2,4.423289453e1
1578,118265,18,21,8.822989017e2,4.440101294e1
1579,118265,18,21,8.834718912e2,4.456956572e1
1580,118265,18,21,8.846450734e2,4.473852580e1
1581,118265,18,21,8.858184619e2,4.490794038e1
1582,118265,18,21,8.869923966e2,4.507774566e1
1583,118265,18,21,8.881667276e2,4.524797815e1
1584,118265,18,21,8.893415101e2,4.541863034e1
1585,118265,18,21,8.905165473e2,4.558973917e1
1586,118265,18,21,8.916919834e2,4.576124043e1
1587,118265,18,21,8.928677275e2,4.593317035e1
1588,118265,18,21,8.940436928e2,4.610552923e1
1589,118265,18,21,8.952198214e2,4.627834631e1
1590,118265,18,21,8.963960117e2,4.645155762e1
1591,118265,18,21,8.975723289e2,4.662519944e1
1592,118265,18,21,8.987489893e2,4.679926296e1
1593,118265,18,21,8.999259315e2,4.697379648e1
1594,118265,18,21,9.011032664e2,4.714872592e1
1595,118265,18,21,9.022808360e2,4.732408743e1
1596,118265,18,21,9.034588218e2,4.749987221e1
1597,118265,18,21,9.046369920e2,4.767612821e1
1598,118265,18,21,9.058152302e2,4.785279109e1
1599,118265,18,21,9.069934843e2,4.802988812e1
1600,118265,18,21,9.081717918e2,4.820741019e1
1601,118265,18,21,9.093501555e2,4.838540436e1
1602,118265,18,21,9.105284904e2,4.856379753e1
1603,118265,18,21,9.117068952e2,4.874263664e1
1604,118265,18,21,9.128856470e2,4.892190268e1
1605,118265,18,21,9.140647062e2,4.910164315e1
1606,118265,18,21,9.152443370e2,4.928178489e1
1607,118265,18,21,9.164244176e2,4.946238236e1
1608,118265,18,21,9.176050034e2,4.964340810e1
1609,118265,18,21,9.187859919e2,4.982490919e1
1610,118265,18,21,9.199669382e2,5.000681231e1
1611,118265,18,21,9.211488440e2,5.018916305e1
1612,118265,18,21,9.223312561e2,5.037195410e1
1613,118265,18,21,9.235145295e2,5.055522284e1
1614,118265,18,21,9.246981829e2,5.073889597e1
1615,118265,18,21,9.258813063e2,5.092301887e1
1616,118265,18,21,9.270637380e2,5.110758307e1
1617,118265,18,21,9.282459989e2,5.129263547e1
1618,118265,18,21,9.294294086e2,5.147809388e1
1619,118265,18,21,9.306143223e2,5.166400364e1
1620,118265,18,21,9.317993900e2,5.185035621e1
1621,118265,18,21,9.329846935e2,5.203718984e1
1622,118265,18,21,9.341701146e2,5.222444202e1
1623,118265,18,21,9.353559693e2,5.241214770e1
1624,118265,18,21,9.365423211e2,5.260029808e1
1625,118265,18,21,9.377281879e2,5.278893144e1
1626,118265,18,21,9.389141924e2,5.297798442e1
1627,118265,18,21,9.401002315e2,5.316750203e1
1628,118265,18,21,9.412862775e2,5.335746669e1
1629,118265,18,21,9.424724721e2,5.354791656e1
1630,118265,18,21,9.436588695e2,5.373878764e1
1631,118265,18,21,9.448465190e2,5.393011583e1
1632,118265,18,21,9.460334747e2,5.412190332e1
1633,118265,18,21,9.472201661e2,5.431417787e1
1634,118265,18,21,9.484067151e2,5.450687528e1
1635,118265,18,21,9.495932310e2,5.470003133e1
1636,118265,18,21,9.507796542e2,5.489365563e1
1637,118265,18,21,9.519661735e2,5.508776805e1
1638,118265,18,21,9.531530293e2,5.528230416e1
1639,118265,18,21,9.543402482e2,5.547729998e1
1640,118265,18,21,9.555279352e2,5.567275609e1
1641,118265,18,21,9.567160645e2,5.586871240e1
1642,118265,18,21,9.579045218e2,5.606509477e1
1643,118265,18,21,9.590935596e2,5.626193939e1
1644,118265,18,21,9.602826104e2,5.645924689e1
1645,118265,18,21,9.614716732e2,5.665705633e1
1646,118265,18,21,9.626608046e2,5.685530274e1
1647,118265,18,21,9.638498982e2,5.705401326e1
1648,118265,18,21,9.650388755e2,5.725318820e1
1649,118265,18,21,9.662277679e2,5.745286607e1
1650,118265,18,21,9.674167517e2,5.765297330e1
1651,118265,18,21,9.686058085e2,5.785355688e1
1652,118265,18,21,9.697950982e2,5.805460693e1
1653,118265,18,21,9.709845434e2,5.825616191e1
1654,118265,18,21,9.721742218e2,5.845814855e1
1655,118265,18,21,9.733641312e2,5.866061285e1
1656,118265,18,21,9.745544776e2,5.886355466e1
1657,118265,18,21,9.757451768e2,5.906700352e1
1658,118265,18,21,9.769363102e2,5.927088598e1
1659,118265,18,21,9.781277477e2,5.947524745e1
1660,118265,18,21,9.793192452e2,5.968007899e1
1661,118265,18,21,9.805106505e2,5.988542988e1
1662,118265,18,21,9.817020030e2,6.009121621e1
1663,118265,18,21,9.828933952e2,6.029748289e1
1664,118265,18,21,9.840848338e2,6.050422108e1
1665,118265,18,21,9.852765163e2,6.071147911e1
1666,118265,18,21,9.864685725e2,6.091918303e1
1667,118265,18,21,9.876606184e2,6.112736936e1
1668,118265,18,21,9.888529208e2,6.133602547e1
1669,118265,18,21,9.900455162e2,6.154519999e1
1670,118265,18,21,9.912381772e2,6.175481085e1
1671,118265,18,21,9.924309102e2,6.196491495e1
1672,118265,18,21,9.936234715e2,6.217549359e1
1673,118265,18,21,9.948159480e2,6.238659501e1
1674,118265,18,21,9.960085160e2,6.259813716e1
1675,118265,18,21,9.972011236e2,6.281017590e1
1676,118265,18,21,9.983938989e2,6.302270218e1
1677,118265,18,21,9.995867783e2,6.323575517e1
1678,118265,18,21,1.000779626e3,6.344925264e1
1679,118265,18,21,1.001972435e3,6.366324962e1
1680,118265,18,21,1.003165074e3,6.387772833e1
1681,118265,18,21,1.004357576e3,6.409274752e1
1682,118265,18,21,1.005550005e3,6.430821407e1
1683,118265,18,21,1.006742421e3,6.452418068e1
1684,118265,18,21,1.007934994e3,6.474062896e1
1685,118265,18,21,1.009127817e3,6.495761635e1
1686,118265,18,21,1.010320805e3,6.517505942e1
1687,118265,18,21,1.011514014e3,6.539300373e1
1688,118265,18,21,1.012707546e3,6.561143110e1
1689,118265,18,21,1.013901373e3,6.583039855e1
1690,118265,18,21,1.015095416e3,6.604981430e1
1691,118265,18,21,1.016289608e3,6.626973441e1
1692,118265,18,21,1.017484005e3,6.649013935e1
1693,118265,18,21,1.018678538e3,6.671108603e1
1694,118265,18,21,1.019872963e3,6.693248278e1
1695,118265,18,21,1.021067343e3,6.715438462e1
1696,118265,18,21,1.022261719e3,6.737678181e1
1697,118265,18,21,1.023456030e3,6.759971281e1
1698,118265,18,21,1.024650384e3,6.782309463e1
1699,118265,18,21,1.025844831e3,6.804698162e1
1700,118265,18,21,1.027039455e3,6.827135554e1
1701,118265,18,21,1.028234256e3,6.849627481e1
1702,118265,18,21,1.029429176e3,6.872163664e1
1703,118265,18,21,1.030624184e3,6.894750430e1
1704,118265,18,21,1.031819148e3,6.917385976e1
1705,118265,18,21,1.033014213e3,6.940076057e1
1706,118265,18,21,1.034209904e3,6.962810507e1
1707,118265,18,21,1.035405944e3,6.985595605e1
1708,118265,18,21,1.036602492e3,7.008429539e1
1709,118265,18,21,1.037798391e3,7.031318012e1
1710,118265,18,21,1.038993526e3,7.054250895e1
1711,118265,18,21,1.040188448e3,7.077233569e1
1712,118265,18,21,1.041385501e3,7.100266262e1
1713,118265,18,21,1.042582616e3,7.123352658e1
1714,118265,18,21,1.043779873e3,7.146483534e1
1715,118265,18,21,1.044977225e3,7.169664281e1
1716,118265,18,21,1.046174427e3,7.192895026e1
1717,118265,18,21,1.047371456e3,7.216180463e1
1718,118265,18,21,1.048568534e3,7.239509547e1
1719,118265,18,21,1.049765782e3,7.262888559e1
1720,118265,18,21,1.050963342e3,7.286317581e1
1721,118265,18,21,1.052161238e3,7.309800468e1
1722,118265,18,21,1.053359282e3,7.333328191e1
1723,118265,18,21,1.054557297e3,7.356905035e1
1724,118265,18,21,1.055755259e3,7.380531954e1
1725,118265,18,21,1.056953162e3,7.404212815e1
1726,118265,18,21,1.058150954e3,7.427938485e1
1727,118265,18,21,1.059348614e3,7.451713354e1
1728,118265,18,21,1.060546164e3,7.475539283e1
1729,118265,18,21,1.061744022e3,7.499418292e1
1730,118265,18,21,1.062941459e3,7.523342092e1
1731,118265,18,21,1.064138066e3,7.547315119e1
1732,118265,18,21,1.065334354e3,7.571338339e1
1733,118265,18,21,1.066530293e3,7.595415818e1
1734,118265,18,21,1.067727011e3,7.619537246e1
1735,118265,18,21,1.068922715e3,7.643707968e1
1736,118265,18,21,1.070118349e3,7.667928955e1
1737,118265,18,21,1.071314167e3,7.692203933e1
1738,118265,18,21,1.072510208e3,7.716522818e1
1739,118265,18,21,1.073706557e3,7.740891891e1
1740,118265,18,21,1.074903183e3,7.765310294e1
1741,118265,18,21,1.076099984e3,7.789782851e1
1742,118265,18,21,1.077296789e3,7.814299441e1
1743,118265,18,21,1.078493609e3,7.838865454e1
1744,118265,18,21,1.079690303e3,7.863482086e1
1745,118265,18,21,1.080886905e3,7.888152129e1
1746,118265,18,21,1.082083438e3,7.912866363e1
1747,118265,18,21,1.083279950e3,7.937630168e1
1748,118265,18,21,1.084476560e3,7.962444613e1
1749,118265,18,21,1.085673265e3,7.987312593e1
1750,118265,18,21,1.086870032e3,8.012224830e1
1751,118265,18,21,1.088066832e3,8.037186676e1
1752,118265,18,21,1.089263665e3,8.062199129e1
1753,118265,18,21,1.090460580e3,8.087265097e1
1754,118265,18,21,1.091657557e3,8.112374366e1
1755,118265,18,21,1.092854443e3,8.137534344e1
1756,118265,18,21,1.094051198e3,8.162744012e1
1757,118265,18,21,1.095247818e3,8.188007216e1
1758,118265,18,21,1.096444278e3,8.213313783e1
1759,118265,18,21,1.097640654e3,8.238671011e1
1760,118265,18,21,1.098836891e3,8.264078001e1
1761,118265,18,21,1.100033001e3,8.289537663e1
1762,118265,18,21,1.101228926e3,8.315040731e1
1763,118265,18,21,1.102424719e3,8.340594470e1
1764,118265,18,21,1.103620273e3,8.366197983e1
1765,118265,18,21,1.104815685e3,8.391854215e1
1766,118265,18,21,1.106011009e3,8.417553919e1
1767,118265,18,21,1.107206304e3,8.443303413e1
1768,118265,18,21,1.108401618e3,8.469102785e1
1769,118265,18,21,1.109597277e3,8.494954983e1
1770,118265,18,21,1.110793963e3,8.520850773e1
1771,118265,18,21,1.111989817e3,8.546796475e1
1772,118265,18,21,1.113185868e3,8.572791234e1
1773,118265,18,21,1.114382104e3,8.598838892e1
1774,118265,18,21,1.115578550e3,8.624930219e1
1775,118265,18,21,1.116775129e3,8.651071548e1
1776,118265,18,21,1.117971801e3,8.677262032e1
1777,118265,18,21,1.119168457e3,8.703504567e1
1778,118265,18,21,1.120364966e3,8.729790819e1
1779,118265,18,21,1.121561323e3,8.756127121e1
1780,118265,18,21,1.122757574e3,8.782512630e1
1781,118265,18,21,1.123953548e3,8.808950254e1
1782,118265,18,21,1.125149317e3,8.835431682e1
1783,118265,18,21,1.126344884e3,8.861962299e1
1784,118265,18,21,1.127540379e3,8.888542159e1
1785,118265,18,21,1.128736021e3,8.915174173e1
1786,118265,18,21,1.129931764e3,8.941850020e1
1787,118265,18,21,1.131127452e3,8.968575096e1
1788,118265,18,21,1.132322986e3,8.995348515e1
1789,118265,18,21,1.133518305e3,9.022174084e1
1790,118265,18,21,1.134713483e3,9.049043500e1
1791,118265,18,21,1.135908304e3,9.075962172e1
1792,118265,18,21,1.137103053e3,9.102929232e1
1793,118265,18,21,1.138297805e3,9.129948507e1
1794,118265,18,21,1.139492994e3,9.157010756e1
1795,118265,18,21,1.140688164e3,9.184122298e1
1796,118265,18,21,1.141883618e3,9.211282275e1
1797,118265,18,21,1.143079401e3,9.238494531e1
1798,118265,18,21,1.144275288e3,9.265749837e1
1799,118265,18,21,1.145471314e3,9.293053569e1
1800,118265,18,21,1.146667243e3,9.320405771e1
1801,118265,18,21,1.147863311e3,9.347810293e1
1802,118265,18,21,1.149060048e3,9.375257917e1
1803,118265,18,21,1.150257250e3,9.402754026e1
1804,118265,18,21,1.151454143e3,9.430298669e1
1805,118265,18,21,1.152650704e3,9.457894754e1
1806,118265,18,21,1.153845927e3,9.485533957e1
1807,118265,18,21,1.155040691e3,9.513221671e1
1808,118265,18,21,1.156235814e3,9.540957954e1
1809,118265,18,21,1.157432213e3,9.568745721e1
1810,118265,18,21,1.158629232e3,9.596575708e1
1811,118265,18,21,1.159826169e3,9.624454204e1
1812,118265,18,21,1.161023032e3,9.652381279e1
1813,118265,18,21,1.162219951e3,9.680359857e1
1814,118265,18,21,1.163416960e3,9.708380683e1
1815,118265,18,21,1.164613895e3,9.736449106e1
1816,118265,18,21,1.165810620e3,9.764566096e1
1817,118265,18,21,1.167006965e3,9.792734591e1
1818,118265,18,21,1.168202946e3,9.820945349e1
1819,118265,18,21,1.169398649e3,9.849203732e1
1820,118265,18,21,1.170594133e3,9.877510722e1
1821,118265,18,21,1.171789563e3,9.905868320e1
1822,118265,18,21,1.172985023e3,9.934268184e1
1823,118265,18,21,1.174180634e3,9.962715688e1
1824,118265,18,21,1.175376445e3,9.991211805e1
1825,118265,18,21,1.176572400e3,1.001975855e2
1826,118265,18,21,1.177768429e3,1.004834664e2
1827,118265,18,21,1.178964377e3,1.007698236e2
1828,118265,18,21,1.180160180e3,1.010566670e2
1829,118265,18,21,1.181355881e3,1.013440168e2
1830,118265,18,21,1.182551418e3,1.016317804e2
1831,118265,18,21,1.183746810e3,1.019200206e2
1832,118265,18,21,1.184942646e3,1.022087381e2
1833,118265,18,21,1.186135704e3,1.024979620e2
1834,118265,18,21,1.187329587e3,1.027875998e2
1835,118265,18,21,1.188525709e3,1.030777145e2
1836,118265,18,21,1.189721598e3,1.033683068e2
1837,118265,18,21,1.190916647e3,1.036593848e2
1838,118265,18,21,1.192110903e3,1.039508700e2
1839,118265,18,21,1.193304893e3,1.042428265e2
1840,118265,18,21,1.194498684e3,1.045352567e2
1841,118265,18,21,1.195692458e3,1.048281819e2
1842,118265,18,21,1.196886066e3,1.051215203e2
1843,118265,18,21,1.198079497e3,1.054153270e2
1844,118265,18,21,1.199272738e3,1.057096134e2
1845,118265,18,21,1.200465912e3,1.060044007e2
1846,118265,18,21,1.201659037e3,1.062996065e2
1847,118265,18,21,1.202852209e3,1.065952853e2
1848,118265,18,21,1.204045403e3,1.068914379e2
1849,118265,18,21,1.205238648e3,1.071880935e2
1850,118265,18,21,1.206431828e3,1.074851686e2
1851,118265,18,21,1.207624850e3,1.077827143e2
1852,118265,18,21,1.208817560e3,1.080807293e2
1853,118265,18,21,1.210009942e3,1.083792428e2
1854,118265,18,21,1.211201988e3,1.086781620e2
1855,118265,18,21,1.212393818e3,1.089775500e2
1856,118265,18,21,1.213585486e3,1.092774074e2
1857,118265,18,21,1.214777181e3,1.095777635e2
1858,118265,18,21,1.215968800e3,1.098785257e2
1859,118265,18,21,1.217160329e3,1.101797475e2
1860,118265,18,21,1.218351655e3,1.104814386e2
1861,118265,18,21,1.219542930e3,1.107836281e2
1862,118265,18,21,1.220734095e3,1.110862237e2
1863,118265,18,21,1.221925017e3,1.113892788e2
1864,118265,18,21,1.223115814e3,1.116928031e2
1865,118265,18,21,1.224306578e3,1.119968163e2
1866,118265,18,21,1.225497303e3,1.123012348e2
1867,118265,18,21,1.226688461e3,1.126061122e2
1868,118265,18,21,1.227879416e3,1.129114583e2
1869,118265,18,21,1.229070451e3,1.132172932e2
1870,118265,18,21,1.230261538e3,1.135235239e2
1871,118265,18,21,1.231452579e3,1.138302131e2
1872,118265,18,21,1.232643543e3,1.141373709e2
1873,118265,18,21,1.233834448e3,1.144450172e2
1874,118265,18,21,1.235025366e3,1.147530594e2
1875,118265,18,21,1.236216227e3,1.150615603e2
1876,118265,18,21,1.237407044e3,1.153705203e2
1877,118265,18,21,1.238597779e3,1.156799686e2
1878,118265,18,21,1.239788438e3,1.159898125e2
1879,118265,18,21,1.240978979e3,1.163001149e2
1880,118265,18,21,1.242169455e3,1.166108765e2
1881,118265,18,21,1.243359799e3,1.169221170e2
1882,118265,18,21,1.244550022e3,1.172337526e2
1883,118265,18,21,1.245740184e3,1.175458465e2
1884,118265,18,21,1.246930322e3,1.178583993e2
1885,118265,18,21,1.248120323e3,1.181714308e2
1886,118265,18,21,1.249310240e3,1.184848575e2
1887,118265,18,21,1.250500049e3,1.187987330e2
1888,118265,18,21,1.251689717e3,1.191130671e2
1889,118265,18,21,1.252879424e3,1.194278795e2
1890,118265,18,21,1.254068932e3,1.197430870e2
1891,118265,18,21,1.255258365e3,1.200587432e2
1892,118265,18,21,1.256447687e3,1.203748484e2
1893,118265,18,21,1.257636914e3,1.206914315e2
1894,118265,18,21,1.258826047e3,1.210084092e2
1895,118265,18,21,1.260015126e3,1.213258353e2
1896,118265,18,21,1.261204171e3,1.216437103e2
1897,118265,18,21,1.262393109e3,1.219620631e2
1898,118265,18,21,1.263581833e3,1.222808011e2
1899,118265,18,21,1.264770379e3,1.225999869e2
1900,118265,18,21,1.265958614e3,1.229196213e2
1901,118265,18,21,1.267146562e3,1.232397332e2
1902,118265,18,21,1.268334288e3,1.235602301e2
1903,118265,18,21,1.269522048e3,1.238811653e2
1904,118265,18,21,1.270710269e3,1.242025483e2
1905,118265,18,21,1.271898953e3,1.245244085e2
1906,118265,18,21,1.273087794e3,1.248466533e2
1907,118265,18,21,1.274276753e3,1.251693361e2
1908,118265,18,21,1.275465091e3,1.254924667e2
1909,118265,18,21,1.276652511e3,1.258160648e2
1910,118265,18,21,1.277839640e3,1.261400469e2
1911,118265,18,21,1.279027389e3,1.264644666e2
1912,118265,18,21,1.280215386e3,1.267893336e2
1913,118265,18,21,1.281403790e3,1.271146679e2
1914,118265,18,21,1.282591837e3,1.274403766e2
1915,118265,18,21,1.283779759e3,1.277665222e2
1916,118265,18,21,1.284967762e3,1.280931146e2
1917,118265,18,21,1.286156620e3,1.284201738e2
1918,118265,18,21,1.287344894e3,1.287476070e2
1919,118265,18,21,1.288532660e3,1.290754769e2
1920,118265,18,21,1.289720512e3,1.294037839e2
1921,118265,18,21,1.290908370e3,1.297325572e2
1922,118265,18,21,1.292096318e3,1.300617039e2
1923,118265,18,21,1.293284297e3,1.303912868e2
1924,118265,18,21,1.294472271e3,1.307213066e2
1925,118265,18,21,1.295660330e3,1.310517828e2
1926,118265,18,21,1.296848480e3,1.313826317e2
1927,118265,18,21,1.298036701e3,1.317139162e2
1928,118265,18,21,1.299224860e3,1.320456369e2
1929,118265,18,21,1.300413040e3,1.323778138e2
1930,118265,18,21,1.301601179e3,1.327103630e2
1931,118265,18,21,1.302789305e3,1.330433380e2
1932,118265,18,21,1.303977263e3,1.333767486e2
1933,118265,18,21,1.305165290e3,1.337106117e2
1934,118265,18,21,1.306353337e3,1.340448446e2
1935,118265,18,21,1.307540590e3,1.343795010e2
1936,118265,18,21,1.308727171e3,1.347145818e2
1937,118265,18,21,1.309913400e3,1.350501161e2
1938,118265,18,21,1.311099232e3,1.353860210e2
1939,118265,18,21,1.312284745e3,1.357223505e2
1940,118265,18,21,1.313469879e3,1.360591056e2
1941,118265,18,21,1.314654897e3,1.363963155e2
1942,118265,18,21,1.315839475e3,1.367338878e2
1943,118265,18,21,1.317023884e3,1.370718852e2
1944,118265,18,21,1.318208366e3,1.374103086e2
1945,118265,18,21,1.319393031e3,1.377491869e2
1946,118265,18,21,1.320577878e3,1.380884275e2
1947,118265,18,21,1.321762961e3,1.384280931e2
1948,118265,18,21,1.322948199e3,1.387681744e2
1949,118265,18,21,1.324133557e3,1.391087085e2
1950,118265,18,21,1.325318974e3,1.394496027e2
1951,118265,18,21,1.326504506e3,1.397909199e2
1952,118265,18,21,1.327689986e3,1.401326514e2
1953,118265,18,21,1.328875309e3,1.404748256e2
1954,118265,18,21,1.330060495e3,1.408173591e2
1955,118265,18,21,1.331245262e3,1.411603147e2
1956,118265,18,21,1.332429564e3,1.415036838e2
1957,118265,18,21,1.333613763e3,1.418474951e2
1958,118265,18,21,1.334797319e3,1.421916651e2
1959,118265,18,21,1.335980564e3,1.425362473e2
1960,118265,18,21,1.337163698e3,1.428812421e2
1961,118265,18,21,1.338346591e3,1.432266782e2
1962,118265,18,21,1.339529257e3,1.435724723e2
1963,118265,18,21,1.340711850e3,1.439186780e2
1964,118265,18,21,1.341894400e3,1.442652862e2
1965,118265,18,21,1.343076858e3,1.446123347e2
1966,118265,18,21,1.344259181e3,1.449597403e2
1967,118265,18,21,1.345441259e3,1.453075566e2
1968,118265,18,21,1.346622979e3,1.456557738e2
1969,118265,18,21,1.347804343e3,1.460044301e2
1970,118265,18,21,1.348985430e3,1.463534329e2
1971,118265,18,21,1.350166236e3,1.467028450e2
1972,118265,18,21,1.351346803e3,1.470526576e2
1973,118265,18,21,1.352527133e3,1.474029088e2
1974,118265,18,21,1.353707272e3,1.477535063e2
1975,118265,18,21,1.354886987e3,1.481045129e2
1976,118265,18,21,1.356066441e3,1.484559104e2
1977,118265,18,21,1.357245658e3,1.488077460e2
1978,118265,18,21,1.358424753e3,1.491599273e2
1979,118265,18,21,1.359603814e3,1.495125172e2
1980,118265,18,21,1.360783177e3,1.498654976e2
1981,118265,18,21,1.361962427e3,1.502189061e2
1982,118265,18,21,1.363141796e3,1.505726592e2
1983,118265,18,21,1.364321336e3,1.509268200e2
1984,118265,18,21,1.365500963e3,1.512813702e2
1985,118265,18,21,1.366680593e3,1.516363475e2
1986,118265,18,21,1.367860199e3,1.519916686e2
1987,118265,18,21,1.369039723e3,1.523473869e2
1988,118265,18,21,1.370219084e3,1.527034933e2
1989,118265,18,21,1.371398354e3,1.530600257e2
1990,118265,18,21,1.372577572e3,1.534169005e2
1991,118265,18,21,1.373756113e3,1.537741716e2
1992,118265,18,21,1.374934274e3,1.541318300e2
1993,118265,18,21,1.376112062e3,1.544899039e2
1994,118265,18,21,1.377289586e3,1.548483192e2
1995,118265,18,21,1.378466865e3,1.552071297e2
1996,118265,18,21,1.379643945e3,1.555663264e2
1997,118265,18,21,1.380820815e3,1.559259380e2
1998,118265,18,21,1.381997502e3,1.562858807e2
1999,118265,18,21,1.383174028e3,1.566462174e2
2000,118265,18,21,1.384350515e3,1.570069394e2
2001,118265,18,21,1.385526906e3,1.573680754e2
2002,118265,18,21,1.386703073e3,1.577295416e2
2003,118265,18,21,1.387879164e3,1.580914012e2
2004,118265,18,21,1.389055235e3,1.584536358e2
2005,118265,18,21,1.390231189e3,1.588162832e2
2006,118265,18,21,1.391407033e3,1.591792599e2
2007,118265,18,21,1.392582717e3,1.595426288e2
2008,118265,18,21,1.393758247e3,1.599063719e2
2009,118265,18,21,1.394933618e3,1.602705269e2
2010,118265,18,21,1.396108793e3,1.606350007e2
2011,118265,18,21,1.397283804e3,1.609998656e2
2012,118265,18,21,1.398458796e3,1.613651034e2
2013,118265,18,21,1.399634373e3,1.617307520e2
2014,118265,18,21,1.400810186e3,1.620967184e2
2015,118265,18,21,1.401986370e3,1.624630749e2
2016,118265,18,21,1.403162759e3,1.628297940e2
2017,118265,18,21,1.404338751e3,1.631969225e2
2018,118265,18,21,1.405514223e3,1.635643676e2
2019,118265,18,21,1.406688421e3,1.639322017e2
2020,118265,18,21,1.407862406e3,1.643003973e2
2021,118265,18,21,1.409037110e3,1.646689920e2
2022,118265,18,21,1.410212558e3,1.650379019e2
2023,118265,18,21,1.411387066e3,1.654071994e2
2024,118265,18,21,1.412561703e3,1.657768574e2
2025,118265,18,21,1.413736029e3,1.661469133e2
2026,118265,18,21,1.414910309e3,1.665172835e2
2027,118265,18,21,1.416084328e3,1.668880310e2
2028,118265,18,21,1.417258476e3,1.672591375e2
2029,118265,18,21,1.418432340e3,1.676306406e2
2030,118265,18,21,1.419606069e3,1.680024569e2
2031,118265,18,21,1.420779660e3,1.683746494e2
2032,118265,18,21,1.421952970e3,1.687471999e2
2033,118265,18,21,1.423126012e3,1.691201366e2
2034,118265,18,21,1.424298880e3,1.694933851e2
2035,118265,18,21,1.425471829e3,1.698670083e2
2036,118265,18,21,1.426644777e3,1.702409884e2
2037,118265,18,21,1.427817538e3,1.706153536e2
2038,118265,18,21,1.428990925e3,1.709900293e2
2039,118265,18,21,1.430164579e3,1.713650695e2
2040,118265,18,21,1.431337228e3,1.717404650e2
2041,118265,18,21,1.432509903e3,1.721162441e2
2042,118265,18,21,1.433682630e3,1.724923327e2
2043,118265,18,21,1.434855300e3,1.728687844e2
2044,118265,18,21,1.436027974e3,1.732455904e2
2045,118265,18,21,1.437199965e3,1.736227696e2
2046,118265,18,21,1.438371075e3,1.740002567e2
2047,118265,18,21,1.439541430e3,1.743781056e2
2048,118265,18,21,1.440711461e3,1.747563075e2
2049,118265,18,21,1.441881217e3,1.751348814e2
2050,118265,18,21,1.443051455e3,1.755137621e2
2051,118265,18,21,1.444222225e3,1.758929941e2
2052,118265,18,21,1.445393163e3,1.762725776e2
2053,118265,18,21,1.446564090e3,1.766525318e2
2054,118265,18,21,1.447734775e3,1.770327913e2
2055,118265,18,21,1.448905236e3,1.774134010e2
2056,118265,18,21,1.450075496e3,1.777943610e2
2057,118265,18,21,1.451245599e3,1.781756810e2
2058,118265,18,21,1.452415575e3,1.785573049e2
2059,118265,18,21,1.453585353e3,1.789392775e2
2060,118265,18,21,1.454754922e3,1.793215989e2
2061,118265,18,21,1.455924230e3,1.797042791e2
2062,118265,18,21,1.457093250e3,1.800872620e2
2063,118265,18,21,1.458262014e3,1.804705829e2
2064,118265,18,21,1.459430453e3,1.808542511e2
2065,118265,18,21,1.460598603e3,1.812382765e2
2066,118265,18,21,1.461766432e3,1.816226031e2
2067,118265,18,21,1.462933985e3,1.820072664e2
2068,118265,18,21,1.464101248e3,1.823922758e2
2069,118265,18,21,1.465268164e3,1.827776318e2
2070,118265,18,21,1.466434792e3,1.831632873e2
2071,118265,18,21,1.467601208e3,1.835492780e2
2072,118265,18,21,1.468767274e3,1.839356132e2
2073,118265,18,21,1.469933132e3,1.843222937e2
2074,118265,18,21,1.471098791e3,1.847092726e2
2075,118265,18,21,1.472264267e3,1.850965758e2
2076,118265,18,21,1.473429533e3,1.854842220e2
2077,118265,18,21,1.474594756e3,1.858722118e2
2078,118265,18,21,1.475759643e3,1.862604985e2
2079,118265,18,21,1.476924300e3,1.866491082e2
2080,118265,18,21,1.478088747e3,1.870380595e2
2081,118265,18,21,1.479253001e3,1.874273438e2
2082,118265,18,21,1.480417083e3,1.878169231e2
2083,118265,18,21,1.481581028e3,1.882068239e2
2084,118265,18,21,1.482744837e3,1.885970647e2
2085,118265,18,21,1.483908661e3,1.889876370e2
2086,118265,18,21,1.485072469e3,1.893785030e2
2087,118265,18,21,1.486236226e3,1.897696796e2
2088,118265,18,21,1.487399837e3,1.901611946e2
2089,118265,18,21,1.488563226e3,1.905530393e2
2090,118265,18,21,1.489726378e3,1.909451762e2
2091,118265,18,21,1.490889302e3,1.913376222e2
2092,118265,18,21,1.492051971e3,1.917304051e2
2093,118265,18,21,1.493214452e3,1.921235070e2
2094,118265,18,21,1.494376746e3,1.925168993e2
2095,118265,18,21,1.495538921e3,1.929105989e2
2096,118265,18,21,1.496700976e3,1.933046339e2
2097,118265,18,21,1.497862940e3,1.936989862e2
2098,118265,18,21,1.499024803e3,1.940936276e2
2099,118265,18,21,1.500186562e3,1.944885654e2
2100,118265,18,21,1.501348173e3,1.948838367e2
2101,118265,18,21,1.502509691e3,1.952794237e2
2102,118265,18,21,1.503671037e3,1.956752980e2
2103,118265,18,21,1.504832205e3,1.960714673e2
2104,118265,18,21,1.505993129e3,1.964679685e2
2105,118265,18,21,1.507153756e3,1.968647841e2
2106,118265,18,21,1.508314132e3,1.972618761e2
2107,118265,18,21,1.509474210e3,1.976592613e2
2108,118265,18,21,1.510634007e3,1.980569768e2
2109,118265,18,21,1.511793544e3,1.984550049e2
2110,118265,18,21,1.512952848e3,1.988533080e2
2111,118265,18,21,1.514112034e3,1.992519029e2
2112,118265,18,21,1.515271007e3,1.996508171e2
2113,118265,18,21,1.516429745e3,2.000500421e2
2114,118265,18,21,1.517588199e3,2.004495402e2
2115,118265,18,21,1.518746382e3,2.008493283e2
2116,118265,18,21,1.519904297e3,2.012494341e2
2117,118265,18,21,1.521061761e3,2.016498493e2
2118,118265,18,21,1.522219036e3,2.020505361e2
2119,118265,18,21,1.523376135e3,2.024515020e2
2120,118265,18,21,1.524533326e3,2.028527838e2
2121,118265,18,21,1.525690208e3,2.032543730e2
2122,118265,18,21,1.526846986e3,2.036562089e2
2123,118265,18,21,1.528003572e3,2.040583872e2
2124,118265,18,21,1.529159958e3,2.044608841e2
2125,118265,18,21,1.530316100e3,2.048636803e2
2126,118265,18,21,1.531471945e3,2.052667727e2
2127,118265,18,21,1.532627648e3,2.056701601e2
2128,118265,18,21,1.533783106e3,2.060738622e2
2129,118265,18,21,1.534935530e3,2.064778596e2
2130,118265,18,21,1.536095202e3,2.068821321e2
2131,118265,18,21,1.537251409e3,2.072866868e2
2132,118265,18,21,1.538406581e3,2.076915406e2
2133,118265,18,21,1.539562129e3,2.080967003e2
2134,118265,18,21,1.540717646e3,2.085021465e2
2135,118265,18,21,1.541873183e3,2.089078695e2
2136,118265,18,21,1.543028790e3,2.093138866e2
2137,118265,18,21,1.544184126e3,2.097201884e2
2138,118265,18,21,1.545338741e3,2.101267564e2
2139,118265,18,21,1.546492988e3,2.105336009e2
2140,118265,18,21,1.547646361e3,2.109407409e2
2141,118265,18,21,1.548799846e3,2.113482025e2
2142,118265,18,21,1.549953908e3,2.117559326e2
2143,118265,18,21,1.551108362e3,2.121639381e2
2144,118265,18,21,1.552262568e3,2.125722364e2
2145,118265,18,21,1.553416581e3,2.129808171e2
2146,118265,18,21,1.554570658e3,2.133896631e2
2147,118265,18,21,1.555724022e3,2.137987819e2
2148,118265,18,21,1.556877088e3,2.142082092e2
2149,118265,18,21,1.558029630e3,2.146179372e2
2150,118265,18,21,1.559181732e3,2.150279307e2
2151,118265,18,21,1.560333861e3,2.154381977e2
2152,118265,18,21,1.561486228e3,2.158487565e2
2153,118265,18,21,1.562638111e3,2.162595885e2
2154,118265,18,21,1.563789418e3,2.166706950e2
2155,118265,18,21,1.564940620e3,2.170820728e2
2156,118265,18,21,1.566091730e3,2.174937565e2
2157,118265,18,21,1.567242481e3,2.179057272e2
2158,118265,18,21,1.568393022e3,2.183179671e2
2159,118265,18,21,1.569543748e3,2.187304748e2
2160,118265,18,21,1.570694061e3,2.191432586e2
2161,118265,18,21,1.571844022e3,2.195563095e2
2162,118265,18,21,1.572993771e3,2.199696387e2
2163,118265,18,21,1.574143316e3,2.203832354e2
2164,118265,18,21,1.575292638e3,2.207971087e2
2165,118265,18,21,1.576441723e3,2.212112757e2
2166,118265,18,21,1.577590504e3,2.216257289e2
2167,118265,18,21,1.578738966e3,2.220404487e2
2168,118265,18,21,1.579887160e3,2.224554435e2
2169,118265,18,21,1.581034963e3,2.228707031e2
2170,118265,18,21,1.582182510e3,2.232862366e2
2171,118265,18,21,1.583329832e3,2.237020452e2
2172,118265,18,21,1.584477070e3,2.241181265e2
2173,118265,18,21,1.585623920e3,2.245344970e2
2174,118265,18,21,1.586770581e3,2.249511483e2
2175,118265,18,21,1.587917110e3,2.253680725e2
2176,118265,18,21,1.589063402e3,2.257852677e2
2177,118265,18,21,1.590209406e3,2.262027246e2
2178,118265,18,21,1.591355246e3,2.266204520e2
2179,118265,18,21,1.592500824e3,2.270384618e2
2180,118265,18,21,1.593646161e3,2.274567429e2
2181,118265,18,21,1.594791357e3,2.278753030e2
2182,118265,18,21,1.595936334e3,2.282941422e2
2183,118265,18,21,1.597081168e3,2.287132717e2
2184,118265,18,21,1.598225777e3,2.291326719e2
2185,118265,18,21,1.599370170e3,2.295523325e2
2186,118265,18,21,1.600514352e3,2.299722617e2
2187,118265,18,21,1.601658364e3,2.303924798e2
2188,118265,18,21,1.602802118e3,2.308129667e2
2189,118265,18,21,1.603945651e3,2.312337120e2
2190,118265,18,21,1.605088921e3,2.316547507e2
2191,118265,18,21,1.606231958e3,2.320760855e2
2192,118265,18,21,1.607374824e3,2.324976883e2
2193,118265,18,21,1.608517453e3,2.329195488e2
2194,118265,18,21,1.609659718e3,2.333416755e2
2195,118265,18,21,1.610801581e3,2.337640879e2
2196,118265,18,21,1.611943046e3,2.341867784e2
2197,118265,18,21,1.613084199e3,2.346097261e2
2198,118265,18,21,1.614225103e3,2.350329652e2
2199,118265,18,21,1.615365819e3,2.354564887e2
2200,118265,18,21,1.616506441e3,2.358802976e2
2201,118265,18,21,1.617646636e3,2.363043627e2
2202,118265,18,21,1.618786586e3,2.367286917e2
2203,118265,18,21,1.619926362e3,2.371533029e2
2204,118265,18,21,1.621065823e3,2.375781986e2
2205,118265,18,21,1.622204952e3,2.380033492e2
2206,118265,18,21,1.623343789e3,2.384287714e2
2207,118265,18,21,1.624482280e3,2.388544928e2
2208,118265,18,21,1.625620454e3,2.392805065e2
2209,118265,18,21,1.626758348e3,2.397067743e2
2210,118265,18,21,1.627895989e3,2.401333041e2
2211,118265,18,21,1.629033328e3,2.405601139e2
2212,118265,18,21,1.630170363e3,2.409872048e2
2213,118265,18,21,1.631307223e3,2.414145593e2
2214,118265,18,21,1.632443866e3,2.418421748e2
2215,118265,18,21,1.633580268e3,2.422700955e2
2216,118265,18,21,1.634716420e3,2.426982962e2
2217,118265,18,21,1.635852478e3,2.431267685e2
2218,118265,18,21,1.636988730e3,2.435555011e2
2219,118265,18,21,1.638124910e3,2.439845120e2
2220,118265,18,21,1.639260330e3,2.444138014e2
2221,118265,18,21,1.640395546e3,2.448433621e2
2222,118265,18,21,1.641530598e3,2.452731823e2
2223,118265,18,21,1.642665350e3,2.457032884e2
2224,118265,18,21,1.643799931e3,2.461336899e2
2225,118265,18,21,1.644934170e3,2.465643612e2
2226,118265,18,21,1.646068162e3,2.469953002e2
2227,118265,18,21,1.647201915e3,2.474265154e2
2228,118265,18,21,1.648335389e3,2.478580067e2
2229,118265,18,21,1.649468596e3,2.482897657e2
2230,118265,18,21,1.650601572e3,2.487217921e2
2231,118265,18,21,1.651734205e3,2.491540937e2
2232,118265,18,21,1.652866584e3,2.495866965e2
2233,118265,18,21,1.653998637e3,2.500195657e2
2234,118265,18,21,1.655130478e3,2.504527107e2
2235,118265,18,21,1.656262155e3,2.508861302e2
2236,118265,18,21,1.657393573e3,2.513198240e2
2237,118265,18,21,1.658524805e3,2.517537825e2
2238,118265,18,21,1.659655806e3,2.521880166e2
2239,118265,18,21,1.660786641e3,2.526225243e2
2240,118265,18,21,1.661917464e3,2.530573054e2
2241,118265,18,21,1.663047798e3,2.534923770e2
2242,118265,18,21,1.664177860e3,2.539277230e2
2243,118265,18,21,1.665307787e3,2.543633512e2
2244,118265,18,21,1.666437339e3,2.547992519e2
2245,118265,18,21,1.667566584e3,2.552354154e2
2246,118265,18,21,1.668695573e3,2.556718512e2
2247,118265,18,21,1.669824601e3,2.561085689e2
2248,118265,18,21,1.670953121e3,2.565455581e2
2249,118265,18,21,1.672081443e3,2.569828263e2
2250,118265,18,21,1.673209554e3,2.574203743e2
2251,118265,18,21,1.674337518e3,2.578582035e2
2252,118265,18,21,1.675465365e3,2.582963126e2
2253,118265,18,21,1.676593050e3,2.587346826e2
2254,118265,18,21,1.677720586e3,2.591733222e2
2255,118265,18,21,1.678848007e3,2.596122414e2
2256,118265,18,21,1.679975339e3,2.600514407e2
2257,118265,18,21,1.681102659e3,2.604909002e2
2258,118265,18,21,1.682229919e3,2.609306546e2
2259,118265,18,21,1.683356525e3,2.613706875e2
2260,118265,18,21,1.684483279e3,2.618109997e2
2261,118265,18,21,1.685610517e3,2.622515810e2
2262,118265,18,21,1.686736813e3,2.626924300e2
2263,118265,18,21,1.687862859e3,2.631335558e2
2264,118265,18,21,1.688988660e3,2.635749594e2
2265,118265,18,21,1.690114273e3,2.640166317e2
2266,118265,18,21,1.691239836e3,2.644585707e2
2267,118265,18,21,1.692364697e3,2.649008121e2
2268,118265,18,21,1.693488711e3,2.653433301e2
2269,118265,18,21,1.694612068e3,2.657861252e2
2270,118265,18,21,1.695735120e3,2.662291864e2
2271,118265,18,21,1.696858418e3,2.666725224e2
2272,118265,18,21,1.697981636e3,2.671161333e2
2273,118265,18,21,1.699104557e3,2.675600211e2
2274,118265,18,21,1.700227469e3,2.680041740e2
2275,118265,18,21,1.701350550e3,2.684486184e2
2276,118265,18,21,1.702473480e3,2.688933459e2
2277,118265,18,21,1.703596245e3,2.693383492e2
2278,118265,18,21,1.704718798e3,2.697836264e2
2279,118265,18,21,1.705841286e3,2.702291768e2
2280,118265,18,21,1.706963480e3,2.706750002e2
2281,118265,18,21,1.708085325e3,2.711210975e2
2282,118265,18,21,1.709206932e3,2.715674688e2
2283,118265,18,21,1.710328536e3,2.720141124e2
2284,118265,18,21,1.711449393e3,2.724610458e2
2285,118265,18,21,1.712569897e3,2.729082608e2
2286,118265,18,21,1.713690091e3,2.733557490e2
2287,118265,18,21,1.714809830e3,2.738035182e2
2288,118265,18,21,1.715928882e3,2.742515588e2
2289,118265,18,21,1.717046851e3,2.746998707e2
2290,118265,18,21,1.718164634e3,2.751484542e2
2291,118265,18,21,1.719281759e3,2.755973189e2
2292,118265,18,21,1.720398721e3,2.760464541e2
2293,118265,18,21,1.721515542e3,2.764958774e2
2294,118265,18,21,1.722632136e3,2.769455801e2
2295,118265,18,21,1.723748554e3,2.773955634e2
2296,118265,18,21,1.724864753e3,2.778458259e2
2297,118265,18,21,1.725980685e3,2.782963579e2
2298,118265,18,21,1.727096461e3,2.787471592e2
2299,118265,18,21,1.728211963e3,2.791982394e2
2300,118265,18,21,1.729327310e3,2.796495991e2
2301,118265,18,21,1.730442424e3,2.801012362e2
2302,118265,18,21,1.731557357e3,2.805531593e2
2303,118265,18,21,1.732671983e3,2.810053603e2
2304,118265,18,21,1.733786215e3,2.814578400e2
2305,118265,18,21,1.734900353e3,2.819105974e2
2306,118265,18,21,1.736014089e3,2.823636222e2
2307,118265,18,21,1.737127260e3,2.828169235e2
2308,118265,18,21,1.738240092e3,2.832705021e2
2309,118265,18,21,1.739352693e3,2.837243582e2
2310,118265,18,21,1.740463970e3,2.841784985e2
2311,118265,18,21,1.741576598e3,2.846329235e2
2312,118265,18,21,1.742689006e3,2.850876246e2
2313,118265,18,21,1.743800604e3,2.855426026e2
2314,118265,18,21,1.744911878e3,2.859978562e2
2315,118265,18,21,1.746022722e3,2.864533846e2
2316,118265,18,21,1.747133285e3,2.869091879e2
2317,118265,18,21,1.748243451e3,2.873652666e2
2318,118265,18,21,1.749353256e3,2.878216209e2
2319,118265,18,21,1.750462767e3,2.882782670e2
2320,118265,18,21,1.751571947e3,2.887351962e2
2321,118265,18,21,1.752680780e3,2.891923998e2
2322,118265,18,21,1.753789224e3,2.896498782e2
2323,118265,18,21,1.754897340e3,2.901076399e2
2324,118265,18,21,1.756005254e3,2.905656747e2
2325,118265,18,21,1.757113022e3,2.910239826e2
2326,118265,18,21,1.758220645e3,2.914825641e2
2327,118265,18,21,1.759327976e3,2.919414288e2
2328,118265,18,21,1.760434917e3,2.924005836e2
2329,118265,18,21,1.761541603e3,2.928600198e2
2330,118265,18,21,1.762648384e3,2.933197285e2
2331,118265,18,21,1.763755267e3,2.937797196e2
2332,118265,18,21,1.764861769e3,2.942399923e2
2333,118265,18,21,1.765968129e3,2.947005363e2
2334,118265,18,21,1.767074939e3,2.951613517e2
2335,118265,18,21,1.768181156e3,2.956224480e2
2336,118265,18,21,1.769286912e3,2.960838346e2
2337,118265,18,21,1.770392347e3,2.965455010e2
2338,118265,18,21,1.771497435e3,2.970074469e2
2339,118265,18,21,1.772602171e3,2.974696727e2
2340,118265,18,21,1.773706602e3,2.979321793e2
2341,118265,18,21,1.774810705e3,2.983949658e2
2342,118265,18,21,1.775914507e3,2.988580219e2
2343,118265,18,21,1.777018015e3,2.993213567e2
2344,118265,18,21,1.778121219e3,2.997849711e2
2345,118265,18,21,1.779224138e3,3.002488742e2
2346,118265,18,21,1.780326819e3,3.007130552e2
2347,118265,18,21,1.781429350e3,3.011775233e2
2348,118265,18,21,1.782531602e3,3.016422699e2
2349,118265,18,21,1.783633543e3,3.021072956e2
2350,118265,18,21,1.784735103e3,3.025725994e2
2351,118265,18,21,1.785836532e3,3.030381804e2
2352,118265,18,21,1.786937597e3,3.035040387e2
2353,118265,18,21,1.788038318e3,3.039701749e2
2354,118265,18,21,1.789138808e3,3.044365980e2
2355,118265,18,21,1.790239049e3,3.049033068e2
2356,118265,18,21,1.791339126e3,3.053703012e2
2357,118265,18,21,1.792438994e3,3.058375725e2
2358,118265,18,21,1.793538538e3,3.063051212e2
2359,118265,18,21,1.794637840e3,3.067729556e2
2360,118265,18,21,1.795736924e3,3.072410657e2
2361,118265,18,21,1.796835700e3,3.077094516e2
2362,118265,18,21,1.797934112e3,3.081781137e2
2363,118265,18,21,1.799032263e3,3.086470791e2
2364,118265,18,21,1.800130129e3,3.091163197e2
2365,118265,18,21,1.801227706e3,3.095858445e2
2366,118265,18,21,1.802325071e3,3.100556445e2
2367,118265,18,21,1.803422107e3,3.105257295e2
2368,118265,18,21,1.804518822e3,3.109960988e2
2369,118265,18,21,1.805615230e3,3.114667424e2
2370,118265,18,21,1.806710905e3,3.119376599e2
2371,118265,18,21,1.807805680e3,3.124088613e2
2372,118265,18,21,1.808899864e3,3.128803648e2
2373,118265,18,21,1.809993513e3,3.133521419e2
2374,118265,18,21,1.811086790e3,3.138242017e2
2375,118265,18,21,1.812179857e3,3.142965444e2
2376,118265,18,21,1.813272655e3,3.147691707e2
2377,118265,18,21,1.814365091e3,3.152420799e2
2378,118265,18,21,1.815457155e3,3.157152616e2
2379,118265,18,21,1.816548821e3,3.161887251e2
2380,118265,18,21,1.817640138e3,3.166624711e2
2381,118265,18,21,1.818731156e3,3.171365178e2
2382,118265,18,21,1.819821931e3,3.176108365e2
2383,118265,18,21,1.820912382e3,3.180854456e2
2384,118265,18,21,1.822002628e3,3.185603362e2
2385,118265,18,21,1.823092792e3,3.190355091e2
2386,118265,18,21,1.824182593e3,3.195109632e2
2387,118265,18,21,1.825272043e3,3.199866977e2
2388,118265,18,21,1.826361177e3,3.204627126e2
2389,118265,18,21,1.827449930e3,3.209390085e2
2390,118265,18,21,1.828538506e3,3.214156036e2
2391,118265,18,21,1.829626893e3,3.218924785e2
2392,118265,18,21,1.830715011e3,3.223696425e2
2393,118265,18,21,1.831802786e3,3.228470867e2
2394,118265,18,21,1.832890246e3,3.233248115e2
2395,118265,18,21,1.833977464e3,3.238028254e2
2396,118265,18,21,1.835064558e3,3.242811184e2
2397,118265,18,21,1.836151573e3,3.247596905e2
2398,118265,18,21,1.837238306e3,3.252385420e2
2399,118265,18,21,1.838324940e3,3.257177005e2
