frame,join,only_a,only_b,divL,divR
0,118283,0,0,0.000000000e0,0.000000000e0
1,118283,0,0,0.000000000e0,0.000000000e0
2,118283,0,0,0.000000000e0,0.000000000e0
3,118283,0,0,0.000000000e0,0.000000000e0
4,118283,0,0,0.000000000e0,0.000000000e0
5,118283,0,0,0.000000000e0,0.000000000e0
6,118283,0,0,0.000000000e0,0.000000000e0
7,118283,0,0,0.000000000e0,0.000000000e0
8,118283,0,0,0.000000000e0,0.000000000e0
9,118283,0,0,0.000000000e0,0.000000000e0
10,118283,0,0,0.000000000e0,0.000000000e0
11,118283,0,0,0.000000000e0,0.000000000e0
12,118283,0,0,0.000000000e0,0.000000000e0
13,118283,0,0,0.000000000e0,0.000000000e0
14,118283,0,0,0.000000000e0,0.000000000e0
15,118283,0,0,0.000000000e0,0.000000000e0
16,118283,0,0,0.000000000e0,0.000000000e0
17,118283,0,0,0.000000000e0,0.000000000e0
18,118283,0,0,0.000000000e0,0.000000000e0
19,118283,0,0,0.000000000e0,0.000000000e0
20,118283,0,0,0.000000000e0,0.000000000e0
21,118283,0,0,0.000000000e0,0.000000000e0
22,118283,0,0,0.000000000e0,0.000000000e0
23,118283,0,0,0.000000000e0,0.000000000e0
24,118283,0,0,0.000000000e0,0.000000000e0
25,118283,0,0,0.000000000e0,0.000000000e0
26,118283,0,0,0.000000000e0,0.000000000e0
27,118283,0,0,0.000000000e0,0.000000000e0
28,118283,0,0,0.000000000e0,0.000000000e0
29,118283,0,0,0.000000000e0,0.000000000e0
30,118283,0,0,0.000000000e0,0.000000000e0
31,118283,0,0,0.000000000e0,0.000000000e0
32,118283,0,0,0.000000000e0,0.000000000e0
33,118283,0,0,0.000000000e0,0.000000000e0
34,118283,0,0,0.000000000e0,0.000000000e0
35,118283,0,0,0.000000000e0,0.000000000e0
36,118283,0,0,0.000000000e0,0.000000000e0
37,118283,0,0,0.000000000e0,0.000000000e0
38,118283,0,0,0.000000000e0,0.000000000e0
39,118283,0,0,0.000000000e0,0.000000000e0
40,118283,0,0,0.000000000e0,0.000000000e0
41,118283,0,0,0.000000000e0,0.000000000e0
42,118283,0,0,0.000000000e0,0.000000000e0
43,118283,0,0,0.000000000e0,0.000000000e0
44,118283,0,0,0.000000000e0,0.000000000e0
45,118283,0,0,0.000000000e0,0.000000000e0
46,118283,0,0,0.000000000e0,0.000000000e0
47,118283,0,0,0.000000000e0,0.000000000e0
48,118283,0,0,0.000000000e0,0.000000000e0
49,118283,0,0,0.000000000e0,0.000000000e0
50,118283,0,0,0.000000000e0,0.000000000e0
51,118283,0,0,0.000000000e0,0.000000000e0
52,118283,0,0,0.000000000e0,0.000000000e0
53,118283,0,0,0.000000000e0,0.000000000e0
54,118283,0,0,0.000000000e0,0.000000000e0
55,118283,0,0,0.000000000e0,0.000000000e0
56,118283,0,0,0.000000000e0,0.000000000e0
57,118283,0,0,0.000000000e0,0.000000000e0
58,118283,0,0,0.000000000e0,0.000000000e0
59,118283,0,0,0.000000000e0,0.000000000e0
60,118283,0,0,0.000000000e0,0.000000000e0
61,118283,0,0,0.000000000e0,0.000000000e0
62,118283,0,0,0.000000000e0,0.000000000e0
63,118283,0,0,0.000000000e0,0.000000000e0
64,118283,0,0,0.000000000e0,0.000000000e0
65,118283,0,0,0.000000000e0,0.000000000e0
66,118283,0,0,0.000000000e0,0.000000000e0
67,118283,0,0,0.000000000e0,0.000000000e0
68,118283,0,0,0.000000000e0,0.000000000e0
69,118283,0,0,0.000000000e0,0.000000000e0
70,118283,0,0,0.000000000e0,0.000000000e0
71,118283,0,0,0.000000000e0,0.000000000e0
72,118283,0,0,0.000000000e0,0.000000000e0
73,118283,0,0,0.000000000e0,0.000000000e0
74,118283,0,0,0.000000000e0,0.000000000e0
75,118283,0,0,0.000000000e0,0.000000000e0
76,118283,0,0,0.000000000e0,0.000000000e0
77,118283,0,0,0.000000000e0,0.000000000e0
78,118283,0,0,0.000000000e0,0.000000000e0
79,118283,0,0,0.000000000e0,0.000000000e0
80,118283,0,0,0.000000000e0,0.000000000e0
81,118283,0,0,0.000000000e0,0.000000000e0
82,118283,0,0,0.000000000e0,0.000000000e0
83,118283,0,0,0.000000000e0,0.000000000e0
84,118283,0,0,0.000000000e0,0.000000000e0
85,118283,0,0,0.000000000e0,0.000000000e0
86,118283,0,0,0.000000000e0,0.000000000e0
87,118283,0,0,0.000000000e0,0.000000000e0
88,118283,0,0,0.000000000e0,0.000000000e0
89,118283,0,0,0.000000000e0,0.000000000e0
90,118283,0,0,0.000000000e0,0.000000000e0
91,118283,0,0,0.000000000e0,0.000000000e0
92,118283,0,0,0.000000000e0,0.000000000e0
93,118283,0,0,0.000000000e0,0.000000000e0
94,118283,0,0,0.000000000e0,0.000000000e0
95,118283,0,0,0.000000000e0,0.000000000e0
96,118283,0,0,0.000000000e0,0.000000000e0
97,118283,0,0,0.000000000e0,0.000000000e0
98,118283,0,0,0.000000000e0,0.000000000e0
99,118283,0,0,0.000000000e0,0.000000000e0
100,118283,0,0,0.000000000e0,0.000000000e0
101,118283,0,0,0.000000000e0,0.000000000e0
102,118283,0,0,0.000000000e0,0.000000000e0
103,118283,0,0,0.000000000e0,0.000000000e0
104,118283,0,0,0.000000000e0,0.000000000e0
105,118283,0,0,0.000000000e0,0.000000000e0
106,118283,0,0,0.000000000e0,0.000000000e0
107,118283,0,0,0.000000000e0,0.000000000e0
108,118283,0,0,0.000000000e0,0.000000000e0
109,118283,0,0,0.000000000e0,0.000000000e0
110,118283,0,0,0.000000000e0,0.000000000e0
111,118283,0,0,0.000000000e0,0.000000000e0
112,118283,0,0,0.000000000e0,0.000000000e0
113,118283,0,0,0.000000000e0,0.000000000e0
114,118283,0,0,0.000000000e0,0.000000000e0
115,118283,0,0,0.000000000e0,0.000000000e0
116,118283,0,0,0.000000000e0,0.000000000e0
117,118283,0,0,0.000000000e0,0.000000000e0
118,118283,0,0,0.000000000e0,0.000000000e0
119,118283,0,0,0.000000000e0,0.000000000e0
120,118283,0,0,0.000000000e0,0.000000000e0
121,118283,0,0,0.000000000e0,0.000000000e0
122,118283,0,0,0.000000000e0,0.000000000e0
123,118283,0,0,0.000000000e0,0.000000000e0
124,118283,0,0,0.000000000e0,0.000000000e0
125,118283,0,0,0.000000000e0,0.000000000e0
126,118283,0,0,0.000000000e0,0.000000000e0
127,118283,0,0,0.000000000e0,0.000000000e0
128,118283,0,0,0.000000000e0,0.000000000e0
129,118283,0,0,0.000000000e0,0.000000000e0
130,118283,0,0,0.000000000e0,0.000000000e0
131,118283,0,0,0.000000000e0,0.000000000e0
132,118283,0,0,0.000000000e0,0.000000000e0
133,118283,0,0,0.000000000e0,0.000000000e0
134,118283,0,0,0.000000000e0,0.000000000e0
135,118283,0,0,0.000000000e0,0.000000000e0
136,118283,0,0,0.000000000e0,0.000000000e0
137,118283,0,0,0.000000000e0,0.000000000e0
138,118283,0,0,0.000000000e0,0.000000000e0
139,118283,0,0,0.000000000e0,0.000000000e0
140,118283,0,0,0.000000000e0,0.000000000e0
141,118283,0,0,0.000000000e0,0.000000000e0
142,118283,0,0,0.000000000e0,0.000000000e0
143,118283,0,0,0.000000000e0,0.000000000e0
144,118283,0,0,0.000000000e0,0.000000000e0
145,118283,0,0,0.000000000e0,0.000000000e0
146,118283,0,0,0.000000000e0,0.000000000e0
147,118283,0,0,0.000000000e0,0.000000000e0
148,118283,0,0,0.000000000e0,0.000000000e0
149,118283,0,0,0.000000000e0,0.000000000e0
150,118283,0,0,0.000000000e0,0.000000000e0
151,118283,0,0,0.000000000e0,0.000000000e0
152,118283,0,0,0.000000000e0,0.000000000e0
153,118283,0,0,0.000000000e0,0.000000000e0
154,118283,0,0,0.000000000e0,0.000000000e0
155,118283,0,0,0.000000000e0,0.000000000e0
156,118283,0,0,0.000000000e0,0.000000000e0
157,118283,0,0,0.000000000e0,0.000000000e0
158,118283,0,0,0.000000000e0,0.000000000e0
159,118283,0,0,0.000000000e0,0.000000000e0
160,118283,0,0,0.000000000e0,0.000000000e0
161,118283,0,0,0.000000000e0,0.000000000e0
162,118283,0,0,0.000000000e0,0.000000000e0
163,118283,0,0,0.000000000e0,0.000000000e0
164,118283,0,0,0.000000000e0,0.000000000e0
165,118283,0,0,0.000000000e0,0.000000000e0
166,118283,0,0,0.000000000e0,0.000000000e0
167,118283,0,0,0.000000000e0,0.000000000e0
168,118283,0,0,0.000000000e0,0.000000000e0
169,118283,0,0,0.000000000e0,0.000000000e0
170,118283,0,0,0.000000000e0,0.000000000e0
171,118283,0,0,0.000000000e0,0.000000000e0
172,118283,0,0,0.000000000e0,0.000000000e0
173,118283,0,0,0.000000000e0,0.000000000e0
174,118283,0,0,0.000000000e0,0.000000000e0
175,118283,0,0,0.000000000e0,0.000000000e0
176,118283,0,0,0.000000000e0,0.000000000e0
177,118283,0,0,0.000000000e0,0.000000000e0
178,118283,0,0,0.000000000e0,0.000000000e0
179,118283,0,0,0.000000000e0,0.000000000e0
180,118283,0,0,0.000000000e0,0.000000000e0
181,118283,0,0,0.000000000e0,0.000000000e0
182,118283,0,0,0.000000000e0,0.000000000e0
183,118283,0,0,0.000000000e0,0.000000000e0
184,118283,0,0,0.000000000e0,0.000000000e0
185,118283,0,0,0.000000000e0,0.000000000e0
186,118283,0,0,0.000000000e0,0.000000000e0
187,118283,0,0,0.000000000e0,0.000000000e0
188,118283,0,0,0.000000000e0,0.000000000e0
189,118283,0,0,0.000000000e0,0.000000000e0
190,118283,0,0,0.000000000e0,0.000000000e0
191,118283,0,0,0.000000000e0,0.000000000e0
192,118283,0,0,0.000000000e0,0.000000000e0
193,118283,0,0,0.000000000e0,0.000000000e0
194,118283,0,0,0.000000000e0,0.000000000e0
195,118283,0,0,0.000000000e0,0.000000000e0
196,118283,0,0,0.000000000e0,0.000000000e0
197,118283,0,0,0.000000000e0,0.000000000e0
198,118283,0,0,0.000000000e0,0.000000000e0
199,118283,0,0,0.000000000e0,0.000000000e0
200,118283,0,0,0.000000000e0,0.000000000e0
201,118283,0,0,0.000000000e0,0.000000000e0
202,118283,0,0,0.000000000e0,0.000000000e0
203,118283,0,0,0.000000000e0,0.000000000e0
204,118283,0,0,0.000000000e0,0.000000000e0
205,118283,0,0,0.000000000e0,0.000000000e0
206,118283,0,0,0.000000000e0,0.000000000e0
207,118283,0,0,0.000000000e0,0.000000000e0
208,118283,0,0,0.000000000e0,0.000000000e0
209,118283,0,0,0.000000000e0,0.000000000e0
210,118283,0,0,0.000000000e0,0.000000000e0
211,118283,0,0,0.000000000e0,0.000000000e0
212,118283,0,0,0.000000000e0,0.000000000e0
213,118283,0,0,0.000000000e0,0.000000000e0
214,118283,0,0,0.000000000e0,0.000000000e0
215,118283,0,0,0.000000000e0,0.000000000e0
216,118283,0,0,0.000000000e0,0.000000000e0
217,118283,0,0,0.000000000e0,0.000000000e0
218,118283,0,0,0.000000000e0,0.000000000e0
219,118283,0,0,0.000000000e0,0.000000000e0
220,118283,0,0,0.000000000e0,0.000000000e0
221,118283,0,0,0.000000000e0,0.000000000e0
222,118283,0,0,0.000000000e0,0.000000000e0
223,118283,0,0,0.000000000e0,0.000000000e0
224,118283,0,0,0.000000000e0,0.000000000e0
225,118283,0,0,0.000000000e0,0.000000000e0
226,118283,0,0,0.000000000e0,0.000000000e0
227,118283,0,0,0.000000000e0,0.000000000e0
228,118283,0,0,0.000000000e0,0.000000000e0
229,118283,0,0,0.000000000e0,0.000000000e0
230,118283,0,0,0.000000000e0,0.000000000e0
231,118283,0,0,0.000000000e0,0.000000000e0
232,118283,0,0,0.000000000e0,0.000000000e0
233,118283,0,0,0.000000000e0,0.000000000e0
234,118283,0,0,0.000000000e0,0.000000000e0
235,118283,0,0,0.000000000e0,0.000000000e0
236,118283,0,0,0.000000000e0,0.000000000e0
237,118283,0,0,0.000000000e0,0.000000000e0
238,118283,0,0,0.000000000e0,0.000000000e0
239,118283,0,0,0.000000000e0,0.000000000e0
240,118265,18,21,1.551490009e0,1.784613399e-2
241,118265,18,21,1.578598107e0,1.774504381e-2
242,118265,18,21,1.823659644e0,1.746839766e-2
243,118265,18,21,2.030637277e0,1.721709815e-2
244,118265,18,21,2.238709869e0,1.691486315e-2
245,118265,18,21,2.452865231e0,1.673486359e-2
246,118265,18,21,2.665346650e0,1.662659890e-2
247,118265,18,21,2.873965683e0,1.652380307e-2
248,118265,18,21,3.090912242e0,1.636618354e-2
249,118265,18,21,3.307117439e0,1.622498244e-2
250,118265,18,21,3.521120606e0,1.593485776e-2
251,118265,18,21,3.727550743e0,1.580539468e-2
252,118265,18,21,3.948948541e0,1.568182448e-2
253,118265,18,21,4.155412502e0,1.556236814e-2
254,118265,18,21,4.374952411e0,1.564081123e-2
255,118265,18,21,4.573061099e0,1.569647666e-2
256,118265,18,21,4.781047775e0,1.551665062e-2
257,118265,18,21,4.999086135e0,1.547788335e-2
258,118265,18,21,5.226677296e0,1.529058380e-2
259,118265,18,21,5.424906948e0,1.518947336e-2
260,118265,18,21,5.630139001e0,1.510864955e-2
261,118265,18,21,5.843922720e0,1.501422082e-2
262,118265,18,21,6.065515123e0,1.491197294e-2
263,118265,18,21,6.295195925e0,1.477446572e-2
264,118265,18,21,6.486440623e0,1.427694609e-2
265,118265,18,21,6.682070044e0,1.421991782e-2
266,118265,18,21,6.882398622e0,1.392124941e-2
267,118265,18,21,7.088500589e0,1.360919247e-2
268,118265,18,21,7.300125028e0,1.279469491e-2
269,118265,18,21,7.517082648e0,1.290925177e-2
270,118265,18,21,7.739860543e0,1.246132084e-2
271,118265,18,21,7.968956114e0,1.233107781e-2
272,118265,18,21,8.203890160e0,1.218912879e-2
273,118265,18,21,8.384276959e0,1.198251857e-2
274,118265,18,21,8.568577622e0,1.193615516e-2
275,118265,18,21,8.756013413e0,1.187374691e-2
276,118265,18,21,8.946925866e0,1.173813802e-2
277,118265,18,21,9.135613331e0,1.158735059e-2
278,118265,18,21,9.330660940e0,1.169358156e-2
279,118265,18,21,9.529129400e0,1.169482420e-2
280,118265,18,21,9.734095761e0,1.172364189e-2
281,118265,18,21,9.936023896e0,1.175412502e-2
282,118265,18,21,1.014572937e1,1.164878380e-2
283,118265,18,21,1.035920693e1,1.154918154e-2
284,118265,18,21,1.057894820e1,1.161263451e-2
285,118265,18,21,1.080206061e1,1.150347853e-2
286,118265,18,21,1.102902197e1,1.155240643e-2
287,118265,18,21,1.125805870e1,1.165497719e-2
288,118265,18,21,1.149322346e1,1.186836952e-2
289,118265,18,21,1.173158985e1,1.205941197e-2
290,118265,18,21,1.197471243e1,1.185601458e-2
291,118265,18,21,1.213829634e1,1.202113379e-2
292,118265,18,21,1.230378370e1,1.196279066e-2
293,118265,18,21,1.247102323e1,1.189457367e-2
294,118265,18,21,1.264169132e1,1.186646862e-2
295,118265,18,21,1.281308860e1,1.180459458e-2
296,118265,18,21,1.298552304e1,1.172738148e-2
297,118265,18,21,1.316087155e1,1.154430549e-2
298,118265,18,21,1.333846859e1,1.144315345e-2
299,118265,18,21,1.351783944e1,1.125776138e-2
300,118265,18,21,1.369923789e1,1.107160723e-2
301,118265,18,21,1.388299372e1,1.106340069e-2
302,118265,18,21,1.406874491e1,1.112181521e-2
303,118265,18,21,1.425660149e1,1.092786309e-2
304,118265,18,21,1.444626317e1,1.096836851e-2
305,118265,18,21,1.463827364e1,1.107209058e-2
306,118265,18,21,1.483233288e1,1.097803881e-2
307,118265,18,21,1.502790414e1,1.091322717e-2
308,118265,18,21,1.522539715e1,1.065068072e-2
309,118265,18,21,1.542522505e1,1.039853729e-2
310,118265,18,21,1.562756726e1,1.040142564e-2
311,118265,18,21,1.583181774e1,1.048805610e-2
312,118265,18,21,1.603851494e1,1.051502143e-2
313,118265,18,21,1.624697737e1,1.050251752e-2
314,118265,18,21,1.645781772e1,1.045523602e-2
315,118265,18,21,1.667109850e1,1.042483463e-2
316,118265,18,21,1.688663203e1,1.038977177e-2
317,118265,18,21,1.710424047e1,1.033160886e-2
318,118265,18,21,1.732402891e1,1.033009906e-2
319,118265,18,21,1.754600040e1,1.027323359e-2
320,118265,18,21,1.777004793e1,1.019700541e-2
321,118265,18,21,1.799668007e1,1.010869536e-2
322,118265,18,21,1.822615098e1,1.007027377e-2
323,118265,18,21,1.845913793e1,1.006485044e-2
324,118265,18,21,1.869268372e1,1.005875550e-2
325,118265,18,21,1.892857630e1,1.005249268e-2
326,118265,18,21,1.916679000e1,1.003351882e-2
327,118265,18,21,1.940720521e1,1.002318928e-2
328,118265,18,21,1.965000986e1,1.001074199e-2
329,118265,18,21,1.989533488e1,1.000667253e-2
330,118265,18,21,2.014299525e1,1.000363045e-2
331,118265,18,21,2.039303691e1,1.000082503e-2
332,118265,18,21,2.064562576e1,1.000112709e-2
333,118265,18,21,2.090108708e1,9.999149300e-3
334,118265,18,21,2.115842752e1,9.999253855e-3
335,118265,18,21,2.141824551e1,9.998521435e-3
336,118265,18,21,2.167912786e1,9.998521435e-3
337,118265,18,21,2.181112526e1,9.998521435e-3
338,118265,18,21,2.194632055e1,9.998521435e-3
339,118265,18,21,2.208250906e1,9.998521435e-3
340,118265,18,21,2.221906815e1,9.998521435e-3
341,118265,18,21,2.235635199e1,9.998521435e-3
342,118265,18,21,2.249408506e1,9.998521435e-3
343,118265,18,21,2.263257657e1,9.998521435e-3
344,118265,18,21,2.277176493e1,9.998521435e-3
345,118265,18,21,2.291194698e1,9.998521435e-3
346,118265,18,21,2.305257698e1,9.998521435e-3
347,118265,18,21,2.319388074e1,9.998521435e-3
348,118265,18,21,2.333572055e1,9.998521435e-3
349,118265,18,21,2.347886531e1,9.998521435e-3
350,118265,18,21,2.362307556e1,9.998521435e-3
351,118265,18,21,2.376789860e1,9.998521435e-3
352,118265,18,21,2.391423580e1,9.998521435e-3
353,118265,18,21,2.406086844e1,9.998521435e-3
354,118265,18,21,2.420732737e1,9.998521435e-3
355,118265,18,21,2.435471326e1,9.998521435e-3
356,118265,18,21,2.450287056e1,9.998521435e-3
357,118265,18,21,2.465141193e1,9.998521435e-3
358,118265,18,21,2.480012877e1,9.998521435e-3
359,118265,18,21,2.495035593e1,9.998521435e-3
360,118265,18,21,2.510120247e1,9.998521435e-3
361,118265,18,21,2.525303452e1,9.998521435e-3
362,118265,18,21,2.540556788e1,9.998521435e-3
363,118265,18,21,2.555917293e1,9.998521435e-3
364,118265,18,21,2.571311659e1,9.998521435e-3
365,118265,18,21,2.586749135e1,9.998521435e-3
366,118265,18,21,2.602221023e1,9.998521435e-3
367,118265,18,21,2.617809003e1,9.998521435e-3
368,118265,18,21,2.633460459e1,9.998521435e-3
369,118265,18,21,2.649143659e1,9.998521435e-3
370,118265,18,21,2.664876854e1,9.998521435e-3
371,118265,18,21,2.680679805e1,9.998521435e-3
372,118265,18,21,2.696541243e1,9.998521435e-3
373,118265,18,21,2.712480476e1,9.998521435e-3
374,118265,18,21,2.728452133e1,9.998521435e-3
375,118265,18,21,2.744512602e1,9.998521435e-3
376,118265,18,21,2.760661939e1,9.998521435e-3
377,118265,18,21,2.776882101e1,9.998521435e-3
378,118265,18,21,2.793251493e1,9.998521435e-3
379,118265,18,21,2.809656267e1,9.998521435e-3
380,118265,18,21,2.826082613e1,9.998521435e-3
381,118265,18,21,2.842579936e1,9.998521435e-3
382,118265,18,21,2.859138571e1,9.998521435e-3
383,118265,18,21,2.875775674e1,9.998521435e-3
384,118265,18,21,2.892493024e1,9.998521435e-3
385,118265,18,21,2.909251760e1,9.998521435e-3
386,118265,18,21,2.926076602e1,9.998521435e-3
387,118265,18,21,2.942907959e1,9.998521435e-3
388,118265,18,21,2.959831977e1,9.998521435e-3
389,118265,18,21,2.976837229e1,9.998521435e-3
390,118265,18,21,2.993879792e1,9.998521435e-3
391,118265,18,21,3.010964036e1,9.998521435e-3
392,118265,18,21,3.028068667e1,9.998521435e-3
393,118265,18,21,3.045183339e1,9.998521435e-3
394,118265,18,21,3.062239624e1,9.998521435e-3
395,118265,18,21,3.079331881e1,9.998521435e-3
396,118265,18,21,3.096372881e1,9.998521435e-3
397,118265,18,21,3.113384078e1,9.998521435e-3
398,118265,18,21,3.130363642e1,9.998521435e-3
399,118265,18,21,3.147299688e1,9.998521435e-3
400,118265,18,21,3.164219412e1,9.998521435e-3
401,118265,18,21,3.181134343e1,9.998521435e-3
402,118265,18,21,3.198062242e1,9.998521435e-3
403,118265,18,21,3.215005206e1,9.998521435e-3
404,118265,18,21,3.231989315e1,9.998521435e-3
405,118265,18,21,3.248990278e1,9.998521435e-3
406,118265,18,21,3.266046543e1,9.998521435e-3
407,118265,18,21,3.283159179e1,9.998521435e-3
408,118265,18,21,3.300310664e1,9.998521435e-3
409,118265,18,21,3.317540601e1,9.998521435e-3
410,118265,18,21,3.334899740e1,9.998521435e-3
411,118265,18,21,3.352366502e1,9.998521435e-3
412,118265,18,21,3.369910327e1,9.998521435e-3
413,118265,18,21,3.387530875e1,9.998521435e-3
414,118265,18,21,3.405221095e1,9.998521435e-3
415,118265,18,21,3.422974925e1,9.998521435e-3
416,118265,18,21,3.440848837e1,9.998521435e-3
417,118265,18,21,3.458706791e1,9.998521435e-3
418,118265,18,21,3.476536043e1,9.998521435e-3
419,118265,18,21,3.494373966e1,9.998521435e-3
420,118265,18,21,3.512275293e1,9.998521435e-3
421,118265,18,21,3.530323834e1,9.998521435e-3
422,118265,18,21,3.548469674e1,9.998521435e-3
423,118265,18,21,3.566666038e1,9.998521435e-3
424,118265,18,21,3.584952050e1,9.998521435e-3
425,118265,18,21,3.603276739e1,9.998521435e-3
426,118265,18,21,3.621669603e1,9.998521435e-3
427,118265,18,21,3.640169525e1,9.998521435e-3
428,118265,18,21,3.658717235e1,9.998521435e-3
429,118265,18,21,3.677331762e1,9.998521435e-3
430,118265,18,21,3.695986072e1,9.998521435e-3
431,118265,18,21,3.714734687e1,9.998521435e-3
432,118265,18,21,3.733556530e1,9.998521435e-3
433,118265,18,21,3.752427786e1,9.998521435e-3
434,118265,18,21,3.771353405e1,9.998521435e-3
435,118265,18,21,3.790337653e1,9.998521435e-3
436,118265,18,21,3.809397212e1,9.998521435e-3
437,118265,18,21,3.828526976e1,9.998521435e-3
438,118265,18,21,3.847745613e1,9.998521435e-3
439,118265,18,21,3.867042887e1,9.998521435e-3
440,118265,18,21,3.886401864e1,9.998521435e-3
441,118265,18,21,3.905854585e1,9.998521435e-3
442,118265,18,21,3.925380710e1,9.998521435e-3
443,118265,18,21,3.944978010e1,9.998521435e-3
444,118265,18,21,3.964652742e1,9.998521435e-3
445,118265,18,21,3.984399277e1,9.998521435e-3
446,118265,18,21,4.004215424e1,9.998521435e-3
447,118265,18,21,4.024110786e1,9.998521435e-3
448,118265,18,21,4.044035836e1,9.998521435e-3
449,118265,18,21,4.064049734e1,9.998521435e-3
450,118265,18,21,4.084135892e1,9.998521435e-3
451,118265,18,21,4.104283128e1,9.998521435e-3
452,118265,18,21,4.124520612e1,9.998521435e-3
453,118265,18,21,4.144824937e1,9.998521435e-3
454,118265,18,21,4.165185512e1,9.998521435e-3
455,118265,18,21,4.185615938e1,9.998521435e-3
456,118265,18,21,4.206122031e1,9.998521435e-3
457,118265,18,21,4.226695990e1,9.998521435e-3
458,118265,18,21,4.247339914e1,9.998521435e-3
459,118265,18,21,4.268081064e1,9.998521435e-3
460,118265,18,21,4.288916227e1,9.998521435e-3
461,118265,18,21,4.309829144e1,9.998521435e-3
462,118265,18,21,4.330810373e1,9.998521435e-3
463,118265,18,21,4.351836251e1,9.998521435e-3
464,118265,18,21,4.372967380e1,9.998521435e-3
465,118265,18,21,4.394217027e1,9.998521435e-3
466,118265,18,21,4.415542533e1,9.998521435e-3
467,118265,18,21,4.436926336e1,9.998521435e-3
468,118265,18,21,4.458369295e1,9.998521435e-3
469,118265,18,21,4.479920840e1,9.998521435e-3
470,118265,18,21,4.501588125e1,9.998521435e-3
471,118265,18,21,4.523360995e1,9.998521435e-3
472,118265,18,21,4.545210008e1,9.998521435e-3
473,118265,18,21,4.567115561e1,9.998521435e-3
474,118265,18,21,4.589076805e1,9.998521435e-3
475,118265,18,21,4.611088797e1,9.998521435e-3
476,118265,18,21,4.633169130e1,9.998521435e-3
477,118265,18,21,4.655326359e1,9.998521435e-3
478,118265,18,21,4.677533725e1,9.998521435e-3
479,118265,18,21,4.699812242e1,9.998521435e-3
480,118265,18,21,4.722179119e1,9.998521435e-3
481,118265,18,21,4.744638573e1,9.998521435e-3
482,118265,18,21,4.767163700e1,9.998521435e-3
483,118265,18,21,4.789762583e1,9.998521435e-3
484,118265,18,21,4.812444411e1,9.998521435e-3
485,118265,18,21,4.835199291e1,9.998521435e-3
486,118265,18,21,4.858043153e1,9.998521435e-3
487,118265,18,21,4.880977086e1,9.998521435e-3
488,118265,18,21,4.904011915e1,9.998521435e-3
489,118265,18,21,4.927092432e1,9.998521435e-3
490,118265,18,21,4.950142800e1,9.998521435e-3
491,118265,18,21,4.973346389e1,9.998521435e-3
492,118265,18,21,4.996644695e1,9.998521435e-3
493,118265,18,21,5.020074408e1,9.998521435e-3
494,118265,18,21,5.043587461e1,9.998521435e-3
495,118265,18,21,5.067209484e1,9.998521435e-3
496,118265,18,21,5.090929524e1,9.998521435e-3
497,118265,18,21,5.114730487e1,9.998521435e-3
498,118265,18,21,5.138607164e1,9.998521435e-3
499,118265,18,21,5.162588030e1,9.998521435e-3
500,118265,18,21,5.186661692e1,9.998521435e-3
501,118265,18,21,5.210805227e1,9.998521435e-3
502,118265,18,21,5.235038348e1,9.998521435e-3
503,118265,18,21,5.259336665e1,9.998521435e-3
504,118265,18,21,5.283752060e1,9.998521435e-3
505,118265,18,21,5.308308590e1,9.998521435e-3
506,118265,18,21,5.332918431e1,9.998521435e-3
507,118265,18,21,5.357613233e1,9.998521435e-3
508,118265,18,21,5.382414631e1,9.998521435e-3
509,118265,18,21,5.407261675e1,9.998521435e-3
510,118265,18,21,5.432175502e1,9.998521435e-3
511,118265,18,21,5.457185258e1,9.998521435e-3
512,118265,18,21,5.482277324e1,9.998521435e-3
513,118265,18,21,5.507444569e1,9.998521435e-3
514,118265,18,21,5.532699832e1,9.998521435e-3
515,118265,18,21,5.558082999e1,9.998521435e-3
516,118265,18,21,5.583618800e1,9.998521435e-3
517,118265,18,21,5.609248692e1,9.998521435e-3
518,118265,18,21,5.634973589e1,9.998521435e-3
519,118265,18,21,5.660795559e1,9.998521435e-3
520,118265,18,21,5.686654005e1,9.998521435e-3
521,118265,18,21,5.712622739e1,9.998521435e-3
522,118265,18,21,5.738666176e1,9.998521435e-3
523,118265,18,21,5.764721442e1,9.998521435e-3
524,118265,18,21,5.790886101e1,9.998521435e-3
525,118265,18,21,5.817196985e1,9.998521435e-3
526,118265,18,21,5.843628995e1,9.998521435e-3
527,118265,18,21,5.870175534e1,9.998521435e-3
528,118265,18,21,5.896869365e1,9.998521435e-3
529,118265,18,21,5.923730879e1,9.998521435e-3
530,118265,18,21,5.950729591e1,9.998521435e-3
531,118265,18,21,5.977801732e1,9.998521435e-3
532,118265,18,21,6.004957034e1,9.998521435e-3
533,118265,18,21,6.032182652e1,9.998521435e-3
534,118265,18,21,6.059477462e1,9.998521435e-3
535,118265,18,21,6.086880330e1,9.998521435e-3
536,118265,18,21,6.114441940e1,9.998521435e-3
537,118265,18,21,6.142102864e1,9.998521435e-3
538,118265,18,21,6.169823841e1,9.998521435e-3
539,118265,18,21,6.197595734e1,9.998521435e-3
540,118265,18,21,6.225409046e1,9.998521435e-3
541,118265,18,21,6.253270064e1,9.998521435e-3
542,118265,18,21,6.281172878e1,9.998521435e-3
543,118265,18,21,6.309174367e1,9.998521435e-3
544,118265,18,21,6.337193632e1,9.998521435e-3
545,118265,18,21,6.365272740e1,9.998521435e-3
546,118265,18,21,6.393425937e1,9.998521435e-3
547,118265,18,21,6.421754917e1,9.998521435e-3
548,118265,18,21,6.450227298e1,9.998521435e-3
549,118265,18,21,6.478767775e1,9.998521435e-3
550,118265,18,21,6.507393563e1,9.998521435e-3
551,118265,18,21,6.536194082e1,9.998521435e-3
552,118265,18,21,6.565133624e1,9.998521435e-3
553,118265,18,21,6.594187583e1,9.998521435e-3
554,118265,18,21,6.623388693e1,9.998521435e-3
555,118265,18,21,6.652800594e1,9.998521435e-3
556,118265,18,21,6.682296986e1,9.998521435e-3
557,118265,18,21,6.711866516e1,9.998521435e-3
558,118265,18,21,6.741560293e1,9.998521435e-3
559,118265,18,21,6.771220722e1,9.998521435e-3
560,118265,18,21,6.800995241e1,9.998521435e-3
561,118265,18,21,6.830810551e1,9.998521435e-3
562,118265,18,21,6.860679056e1,9.998521435e-3
563,118265,18,21,6.890555631e1,9.998521435e-3
564,118265,18,21,6.920561024e1,9.998521435e-3
565,118265,18,21,6.950838219e1,9.998521435e-3
566,118265,18,21,6.981165492e1,9.998521435e-3
567,118265,18,21,7.011557647e1,9.998521435e-3
568,118265,18,21,7.041993707e1,9.998521435e-3
569,118265,18,21,7.072451005e1,9.998521435e-3
570,118265,18,21,7.103001095e1,9.998521435e-3
571,118265,18,21,7.133693073e1,9.998521435e-3
572,118265,18,21,7.164590938e1,9.998521435e-3
573,118265,18,21,7.195643521e1,9.998521435e-3
574,118265,18,21,7.226776522e1,9.998521435e-3
575,118265,18,21,7.258110970e1,9.998521435e-3
576,118265,18,21,7.289553131e1,9.998521435e-3
577,118265,18,21,7.320940148e1,9.998521435e-3
578,118265,18,21,7.352423455e1,9.998521435e-3
579,118265,18,21,7.383976955e1,9.998521435e-3
580,118265,18,21,7.415581083e1,9.998521435e-3
581,118265,18,21,7.447299384e1,9.998521435e-3
582,118265,18,21,7.479224565e1,9.998521435e-3
583,118265,18,21,7.511294631e1,9.998521435e-3
584,118265,18,21,7.543389160e1,9.998521435e-3
585,118265,18,21,7.575561766e1,9.998521435e-3
586,118265,18,21,7.607854062e1,9.998521435e-3
587,118265,18,21,7.640107572e1,9.998521435e-3
588,118265,18,21,7.672492636e1,9.998521435e-3
589,118265,18,21,7.705130144e1,9.998521435e-3
590,118265,18,21,7.737863724e1,9.998521435e-3
591,118265,18,21,7.770635055e1,9.998521435e-3
592,118265,18,21,7.803498208e1,9.998521435e-3
593,118265,18,21,7.836480525e1,9.998521435e-3
594,118265,18,21,7.869557132e1,9.998521435e-3
595,118265,18,21,7.902754820e1,9.998521435e-3
596,118265,18,21,7.936083812e1,9.998521435e-3
597,118265,18,21,7.969482854e1,9.998521435e-3
598,118265,18,21,8.003054092e1,9.998521435e-3
599,118265,18,21,8.036795558e1,9.998521435e-3
600,118265,18,21,8.070511828e1,9.998521435e-3
601,118265,18,21,8.104233500e1,9.998521435e-3
602,118265,18,21,8.138209889e1,9.998521435e-3
603,118265,18,21,8.172208867e1,9.998521435e-3
604,118265,18,21,8.206288085e1,9.998521435e-3
605,118265,18,21,8.240392851e1,9.998521435e-3
606,118265,18,21,8.274740257e1,9.998521435e-3
607,118265,18,21,8.309078207e1,9.998521435e-3
608,118265,18,21,8.343500612e1,9.998521435e-3
609,118265,18,21,8.378089578e1,9.998521435e-3
610,118265,18,21,8.412733045e1,9.998521435e-3
611,118265,18,21,8.447490107e1,9.998521435e-3
612,118265,18,21,8.482333594e1,9.998521435e-3
613,118265,18,21,8.517294602e1,9.998521435e-3
614,118265,18,21,8.552362836e1,9.998521435e-3
615,118265,18,21,8.587463785e1,9.998521435e-3
616,118265,18,21,8.622728143e1,9.998521435e-3
617,118265,18,21,8.658096475e1,9.998521435e-3
618,118265,18,21,8.693581502e1,9.998521435e-3
619,118265,18,21,8.729177457e1,9.998521435e-3
620,118265,18,21,8.764996031e1,9.998521435e-3
621,118265,18,21,8.800924695e1,9.998521435e-3
622,118265,18,21,8.836889084e1,9.998521435e-3
623,118265,18,21,8.872873021e1,9.998521435e-3
624,118265,18,21,8.908979949e1,9.998521435e-3
625,118265,18,21,8.945241455e1,9.998521435e-3
626,118265,18,21,8.981631694e1,9.998521435e-3
627,118265,18,21,9.018192070e1,9.998521435e-3
628,118265,18,21,9.054888699e1,9.998521435e-3
629,118265,18,21,9.091612705e1,9.998521435e-3
630,118265,18,21,9.128287247e1,9.998521435e-3
631,118265,18,21,9.165040492e1,9.998521435e-3
632,118265,18,21,9.201864817e1,9.998521435e-3
633,118265,18,21,9.238804506e1,9.998521435e-3
634,118265,18,21,9.275897701e1,9.998521435e-3
635,118265,18,21,9.313156855e1,9.998521435e-3
636,118265,18,21,9.350523333e1,9.998521435e-3
637,118265,18,21,9.387964390e1,9.998521435e-3
638,118265,18,21,9.425427651e1,9.998521435e-3
639,118265,18,21,9.463000122e1,9.998521435e-3
640,118265,18,21,9.500810867e1,9.998521435e-3
641,118265,18,21,9.538769139e1,9.998521435e-3
642,118265,18,21,9.576898287e1,9.998521435e-3
643,118265,18,21,9.615073458e1,9.998521435e-3
644,118265,18,21,9.653283209e1,9.998521435e-3
645,118265,18,21,9.691646492e1,9.998521435e-3
646,118265,18,21,9.730183530e1,9.998521435e-3
647,118265,18,21,9.768741818e1,9.998521435e-3
648,118265,18,21,9.807325232e1,9.998521435e-3
649,118265,18,21,9.845998544e1,9.998521435e-3
650,118265,18,21,9.884778335e1,9.998521435e-3
651,118265,18,21,9.923599571e1,9.998521435e-3
652,118265,18,21,9.962514055e1,9.998521435e-3
653,118265,18,21,1.000156183e2,9.998521435e-3
654,118265,18,21,1.004096866e2,9.998521435e-3
655,118265,18,21,1.008041308e2,9.998521435e-3
656,118265,18,21,1.011987165e2,9.998521435e-3
657,118265,18,21,1.015934932e2,9.998521435e-3
658,118265,18,21,1.019888955e2,9.998521435e-3
659,118265,18,21,1.023852710e2,9.998521435e-3
660,118265,18,21,1.027841929e2,9.998521435e-3
661,118265,18,21,1.031842115e2,9.998521435e-3
662,118265,18,21,1.035853943e2,9.998521435e-3
663,118265,18,21,1.039879023e2,9.998521435e-3
664,118265,18,21,1.043910840e2,9.998521435e-3
665,118265,18,21,1.047944464e2,9.998521435e-3
666,118265,18,21,1.051982356e2,9.998521435e-3
667,118265,18,21,1.056028321e2,9.998521435e-3
668,118265,18,21,1.060088793e2,9.998521435e-3
669,118265,18,21,1.064175303e2,9.998521435e-3
670,118265,18,21,1.068283516e2,9.998521435e-3
671,118265,18,21,1.072395824e2,9.998521435e-3
672,118265,18,21,1.076519523e2,9.998521435e-3
673,118265,18,21,1.080658532e2,9.998521435e-3
674,118265,18,21,1.084801697e2,9.998521435e-3
675,118265,18,21,1.088953656e2,9.998521435e-3
676,118265,18,21,1.093117582e2,9.998521435e-3
677,118265,18,21,1.097288286e2,9.998521435e-3
678,118265,18,21,1.101466082e2,9.998521435e-3
679,118265,18,21,1.105660165e2,9.998521435e-3
680,118265,18,21,1.109878445e2,9.998521435e-3
681,118265,18,21,1.114105276e2,9.998521435e-3
682,118265,18,21,1.118336327e2,9.998521435e-3
683,118265,18,21,1.122578054e2,9.998521435e-3
684,118265,18,21,1.126830079e2,9.998521435e-3
685,118265,18,21,1.131093073e2,9.998521435e-3
686,118265,18,21,1.135362420e2,1.000829954e-2
687,118265,18,21,1.139652995e2,1.001768933e-2
688,118265,18,21,1.143953990e2,1.002646429e-2
689,118265,18,21,1.148271680e2,1.003463426e-2
690,118265,18,21,1.152600137e2,1.004218175e-2
691,118265,18,21,1.156950884e2,1.005884857e-2
692,118265,18,21,1.161312800e2,1.008597884e-2
693,118265,18,21,1.165679033e2,1.011307299e-2
694,118265,18,21,1.170053873e2,1.013996646e-2
695,118265,18,21,1.174443281e2,1.017600351e-2
696,118265,18,21,1.178838536e2,1.021207701e-2
697,118265,18,21,1.183246479e2,1.026782402e-2
698,118265,18,21,1.187666021e2,1.032440043e-2
699,118265,18,21,1.192094418e2,1.039099260e-2
700,118265,18,21,1.196536412e2,1.045828468e-2
701,118265,18,21,1.200991981e2,1.053521994e-2
702,118265,18,21,1.205450848e2,1.062194480e-2
703,118265,18,21,1.209916071e2,1.072870357e-2
704,118265,18,21,1.214401308e2,1.083573684e-2
705,118265,18,21,1.218907645e2,1.095159436e-2
706,118265,18,21,1.223427116e2,1.107588003e-2
707,118265,18,21,1.227952422e2,1.120818508e-2
708,118265,18,21,1.232467894e2,1.135853817e-2
709,118265,18,21,1.236983500e2,1.151676715e-2
710,118265,18,21,1.241512264e2,1.168248590e-2
711,118265,18,21,1.246059963e2,1.185534057e-2
712,118265,18,21,1.250621318e2,1.203495695e-2
713,118265,18,21,1.255193410e2,1.224045092e-2
714,118265,18,21,1.259775148e2,1.245247157e-2
715,118265,18,21,1.264366400e2,1.267101033e-2
716,118265,18,21,1.268971382e2,1.289567056e-2
717,118265,18,21,1.273589290e2,1.313549780e-2
718,118265,18,21,1.278220422e2,1.339081599e-2
719,118265,18,21,1.282862820e2,1.366243011e-2
720,118265,18,21,1.287519420e2,1.393980343e-2
721,118265,18,21,1.292194422e2,1.423177522e-2
722,118265,18,21,1.296889206e2,1.453821882e-2
723,118265,18,21,1.301596969e2,1.484946527e-2
724,118265,18,21,1.306312547e2,1.518450178e-2
725,118265,18,21,1.311035002e2,1.553335973e-2
726,118265,18,21,1.315770175e2,1.589588111e-2
727,118265,18,21,1.320521396e2,1.626237195e-2
728,118265,18,21,1.325287552e2,1.664150072e-2
729,118265,18,21,1.330055946e2,1.704275404e-2
730,118265,18,21,1.334833765e2,1.746738003e-2
731,118265,18,21,1.339630271e2,1.789556846e-2
732,118265,18,21,1.344449817e2,1.833597611e-2
733,118265,18,21,1.349299005e2,1.879782939e-2
734,118265,18,21,1.354182082e2,1.927197795e-2
735,118265,18,21,1.359082384e2,1.976859516e-2
736,118265,18,21,1.363982498e2,2.027766331e-2
737,118265,18,21,1.368883681e2,2.080856919e-2
738,118265,18,21,1.373799072e2,2.135229407e-2
739,118265,18,21,1.378733905e2,2.190869190e-2
740,118265,18,21,1.383681856e2,2.249707461e-2
741,118265,18,21,1.388639943e2,2.310784192e-2
742,118265,18,21,1.393612138e2,2.373224860e-2
743,118265,18,21,1.398602009e2,2.437016064e-2
744,118265,18,21,1.403604008e2,2.503082149e-2
745,118265,18,21,1.408617579e2,2.572425887e-2
746,118265,18,21,1.413637738e2,2.644251090e-2
747,118265,18,21,1.418674026e2,2.717515558e-2
748,118265,18,21,1.423720158e2,2.793123374e-2
749,118265,18,21,1.428776647e2,2.872033676e-2
750,118265,18,21,1.433843311e2,2.952400109e-2
751,118265,18,21,1.438918160e2,3.036126405e-2
752,118265,18,21,1.444007907e2,3.122221273e-2
753,118265,18,21,1.449118765e2,3.211637005e-2
754,118265,18,21,1.454253797e2,3.302527398e-2
755,118265,18,21,1.459406604e2,3.395762455e-2
756,118265,18,21,1.464562291e2,3.492292696e-2
757,118265,18,21,1.469716619e2,3.593187559e-2
758,118265,18,21,1.474881908e2,3.695569832e-2
759,118265,18,21,1.480027646e2,3.800312479e-2
760,118265,18,21,1.485180509e2,3.908326153e-2
761,118265,18,21,1.490346278e2,4.019632530e-2
762,118265,18,21,1.495534452e2,4.134334027e-2
763,118265,18,21,1.500741319e2,4.251403905e-2
764,118265,18,21,1.505976064e2,4.371766557e-2
765,118265,18,21,1.511228776e2,4.495440855e-2
766,118265,18,21,1.516505147e2,4.621490405e-2
767,118265,18,21,1.521798481e2,4.750837381e-2
768,118265,18,21,1.527108844e2,4.884530665e-2
769,118265,18,21,1.532429093e2,5.021568234e-2
770,118265,18,21,1.537767482e2,5.161004778e-2
771,118265,18,21,1.543113938e2,5.303721632e-2
772,118265,18,21,1.548461407e2,5.449710630e-2
773,118265,18,21,1.553824522e2,5.600953262e-2
774,118265,18,21,1.559205926e2,5.754614178e-2
775,118265,18,21,1.564610140e2,5.911579665e-2
776,118265,18,21,1.570027593e2,6.071837566e-2
777,118265,18,21,1.575465124e2,6.236323916e-2
778,118265,18,21,1.580907925e2,6.405124824e-2
779,118265,18,21,1.586344077e2,6.577222470e-2
780,118265,18,21,1.591789486e2,6.752613686e-2
781,118265,18,21,1.597249315e2,6.932240868e-2
782,118265,18,21,1.602718792e2,7.115185582e-2
783,118265,18,21,1.608205504e2,7.302388518e-2
784,118265,18,21,1.613711062e2,7.493947271e-2
785,118265,18,21,1.619241495e2,7.689769464e-2
786,118265,18,21,1.624790356e2,7.888933618e-2
787,118265,18,21,1.630356166e2,8.092342196e-2
788,118265,18,21,1.635928314e2,8.299055644e-2
789,118265,18,21,1.641500426e2,8.511948939e-2
790,118265,18,21,1.647086520e2,8.728197865e-2
791,118265,18,21,1.652682847e2,8.948713826e-2
792,118265,18,21,1.658304369e2,9.172554036e-2
793,118265,18,21,1.663933969e2,9.401561753e-2
794,118265,18,21,1.669575586e2,9.634873670e-2
795,118265,18,21,1.675230960e2,9.873506868e-2
796,118265,18,21,1.680897690e2,1.011548436e-1
797,118265,18,21,1.686573450e2,1.036265244e-1
798,118265,18,21,1.692258050e2,1.061410422e-1
799,118265,18,21,1.697954275e2,1.086982541e-1
800,118265,18,21,1.703666993e2,1.113081921e-1
801,118265,18,21,1.709399017e2,1.139701957e-1
802,118265,18,21,1.715163107e2,1.166753249e-1
803,118265,18,21,1.720950037e2,1.194233751e-1
804,118265,18,21,1.726749908e2,1.222141497e-1
805,118265,18,21,1.732555531e2,1.250665724e-1
806,118265,18,21,1.738367812e2,1.279727885e-1
807,118265,18,21,1.744193590e2,1.309222148e-1
808,118265,18,21,1.750023654e2,1.339146302e-1
809,118265,18,21,1.755861724e2,1.369686355e-1
810,118265,18,21,1.761705883e2,1.400659662e-1
811,118265,18,21,1.767573079e2,1.432258801e-1
812,118265,18,21,1.773452254e2,1.464289828e-1
813,118265,18,21,1.779343871e2,1.496939696e-1
814,118265,18,21,1.785250791e2,1.530026056e-1
815,118265,18,21,1.791175670e2,1.563638314e-1
816,118265,18,21,1.797110706e2,1.597778510e-1
817,118265,18,21,1.803057850e2,1.632644557e-1
818,118265,18,21,1.809017843e2,1.667949331e-1
819,118265,18,21,1.814991677e2,1.703783179e-1
820,118265,18,21,1.820972078e2,1.740144632e-1
821,118265,18,21,1.826966192e2,1.777126885e-1
822,118265,18,21,1.832966050e2,1.814741823e-1
823,118265,18,21,1.838969457e2,1.852887437e-1
824,118265,18,21,1.844976941e2,1.891564288e-1
825,118265,18,21,1.850994542e2,1.930865685e-1
826,118265,18,21,1.857023563e2,1.970700113e-1
827,118265,18,21,1.863064952e2,2.011161933e-1
828,118265,18,21,1.869114549e2,2.052262099e-1
829,118265,18,21,1.875168247e2,2.093989922e-1
830,118265,18,21,1.881228341e2,2.136254875e-1
831,118265,18,21,1.887294486e2,2.179147297e-1
832,118265,18,21,1.893362520e2,2.222573443e-1
833,118265,18,21,1.899449554e2,2.266821526e-1
834,118265,18,21,1.905536330e2,2.311608782e-1
835,118265,18,21,1.911638705e2,2.357027886e-1
836,118265,18,21,1.917754383e2,2.402984843e-1
837,118265,18,21,1.923881216e2,2.449664506e-1
838,118265,18,21,1.930026530e2,2.496980437e-1
839,118265,18,21,1.936177033e2,2.545036064e-1
840,118265,18,21,1.942344756e2,2.593633054e-1
841,118265,18,21,1.948525963e2,2.642957029e-1
842,118265,18,21,1.954722450e2,2.692917589e-1
843,118265,18,21,1.960931267e2,2.743513247e-1
844,118265,18,21,1.967154356e2,2.794845216e-1
845,118265,18,21,1.973390401e2,2.846906814e-1
846,118265,18,21,1.979631501e2,2.899609596e-1
847,118265,18,21,1.985877459e2,2.952951889e-1
848,118265,18,21,1.992126453e2,3.006931517e-1
849,118265,18,21,1.998383260e2,3.061738647e-1
850,118265,18,21,2.004653574e2,3.117295523e-1
851,118265,18,21,2.010925352e2,3.173495339e-1
852,118265,18,21,2.017217189e2,3.230337085e-1
853,118265,18,21,2.023527640e2,3.288006755e-1
854,118265,18,21,2.029847923e2,3.346322248e-1
855,118265,18,21,2.036179193e2,3.405476978e-1
856,118265,18,21,2.042524953e2,3.465276329e-1
857,118265,18,21,2.048883488e2,3.525908546e-1
858,118265,18,21,2.055255943e2,3.587191203e-1
859,118265,18,21,2.061646358e2,3.649214575e-1
860,118265,18,21,2.068049331e2,3.711981884e-1
861,118265,18,21,2.074460836e2,3.775690698e-1
862,118265,18,21,2.080881696e2,3.840053267e-1
863,118265,18,21,2.087314872e2,3.905161226e-1
864,118265,18,21,2.093761163e2,3.971013620e-1
865,118265,18,21,2.100215363e2,4.037705133e-1
866,118265,18,21,2.106681225e2,4.105247205e-1
867,118265,18,21,2.113160744e2,4.173537277e-1
868,118265,18,21,2.119655101e2,4.242576913e-1
869,118265,18,21,2.126163730e2,4.312460132e-1
870,118265,18,21,2.132679592e2,4.383096757e-1
871,118265,18,21,2.139187455e2,4.454581475e-1
872,118265,18,21,2.145692127e2,4.526924419e-1
873,118265,18,21,2.152193707e2,4.600113988e-1
874,118265,18,21,2.158704962e2,4.674061456e-1
875,118265,18,21,2.165248711e2,4.748858724e-1
876,118265,18,21,2.171822902e2,4.824412567e-1
877,118265,18,21,2.178411040e2,4.901010349e-1
878,118265,18,21,2.185007251e2,4.978368707e-1
879,118265,18,21,2.191607442e2,5.056581489e-1
880,118265,18,21,2.198213436e2,5.135556470e-1
881,118265,18,21,2.204828105e2,5.215478927e-1
882,118265,18,21,2.211454093e2,5.296262824e-1
883,118265,18,21,2.218090258e2,5.378010008e-1
884,118265,18,21,2.224737104e2,5.460521927e-1
885,118265,18,21,2.231396628e2,5.543986667e-1
886,118265,18,21,2.238068039e2,5.628314903e-1
887,118265,18,21,2.244754645e2,5.713505756e-1
888,118265,18,21,2.251453482e2,5.799659042e-1
889,118265,18,21,2.258166663e2,5.886768135e-1
890,118265,18,21,2.264887400e2,5.974745789e-1
891,118265,18,21,2.271612599e2,6.063591849e-1
892,118265,18,21,2.278345733e2,6.153304616e-1
893,118265,18,21,2.285086134e2,6.244074402e-1
894,118265,18,21,2.291830280e2,6.335821638e-1
895,118265,18,21,2.298581722e2,6.428441015e-1
896,118265,18,21,2.305341182e2,6.521932095e-1
897,118265,18,21,2.312113786e2,6.616482578e-1
898,118265,18,21,2.318900438e2,6.711910914e-1
899,118265,18,21,2.325688381e2,6.808311574e-1
900,118265,18,21,2.332478615e2,6.905695694e-1
901,118265,18,21,2.339281746e2,7.004146866e-1
902,118265,18,21,2.346100578e2,7.103483149e-1
903,118265,18,21,2.352934774e2,7.203794294e-1
904,118265,18,21,2.359792892e2,7.304985759e-1
905,118265,18,21,2.366659237e2,7.407439992e-1
906,118265,18,21,2.373536385e2,7.510782876e-1
907,118265,18,21,2.380421146e2,7.615105275e-1
908,118265,18,21,2.387318398e2,7.720314097e-1
909,118265,18,21,2.394229910e2,7.826688795e-1
910,118265,18,21,2.401158563e2,7.934053944e-1
911,118265,18,21,2.408105588e2,8.042510735e-1
912,118265,18,21,2.415062968e2,8.151859032e-1
913,118265,18,21,2.422032070e2,8.262378965e-1
914,118265,18,21,2.429016415e2,8.373892295e-1
915,118265,18,21,2.436015224e2,8.486397444e-1
916,118265,18,21,2.443029668e2,8.599993315e-1
917,118265,18,21,2.450060352e2,8.714767079e-1
918,118265,18,21,2.457103878e2,8.830539441e-1
919,118265,18,21,2.464159305e2,8.947310109e-1
920,118265,18,21,2.471222990e2,9.065076794e-1
921,118265,18,21,2.478296849e2,9.184123824e-1
922,118265,18,21,2.485378476e2,9.304281106e-1
923,118265,18,21,2.492468918e2,9.425441780e-1
924,118265,18,21,2.499568198e2,9.547602496e-1
925,118265,18,21,2.506677279e2,9.671046465e-1
926,118265,18,21,2.513798191e2,9.795502113e-1
927,118265,18,21,2.520930667e2,9.921062514e-1
928,118265,18,21,2.528075004e2,1.004773634e0
929,118265,18,21,2.535232974e2,1.017570018e0
930,118265,18,21,2.542403070e2,1.030468353e0
931,118265,18,21,2.549592627e2,1.043477506e0
932,118265,18,21,2.556800532e2,1.056587904e0
933,118265,18,21,2.564024704e2,1.069847068e0
934,118265,18,21,2.571266636e2,1.083208625e0
935,118265,18,21,2.578527841e2,1.096681405e0
936,118265,18,21,2.585808265e2,1.110256147e0
937,118265,18,21,2.593109329e2,1.123970191e0
938,118265,18,21,2.600424943e2,1.137796938e0
939,118265,18,21,2.607743762e2,1.151746280e0
940,118265,18,21,2.615073999e2,1.165798240e0
941,118265,18,21,2.622409806e2,1.179990013e0
942,118265,18,21,2.629755087e2,1.194294937e0
943,118265,18,21,2.637113149e2,1.208712714e0
944,118265,18,21,2.644484454e2,1.223243359e0
945,118265,18,21,2.651869611e2,1.237925374e0
946,118265,18,21,2.659268743e2,1.252721295e0
947,118265,18,21,2.666685571e2,1.267630953e0
948,118265,18,21,2.674113399e2,1.282653882e0
949,118265,18,21,2.681551748e2,1.297818150e0
950,118265,18,21,2.689003652e2,1.313116220e0
951,118265,18,21,2.696468683e2,1.328528578e0
952,118265,18,21,2.703944086e2,1.344054554e0
953,118265,18,21,2.711428116e2,1.359722579e0
954,118265,18,21,2.718918592e2,1.375514939e0
955,118265,18,21,2.726417070e2,1.391431875e0
956,118265,18,21,2.733930911e2,1.407473877e0
957,118265,18,21,2.741452515e2,1.423658577e0
958,118265,18,21,2.748991694e2,1.439968016e0
959,118265,18,21,2.756542852e2,1.456402507e0
960,118265,18,21,2.764104560e2,1.472952426e0
961,118265,18,21,2.771684287e2,1.489655391e0
962,118265,18,21,2.779275427e2,1.506494813e0
963,118265,18,21,2.786881332e2,1.523460045e0
964,118265,18,21,2.794493715e2,1.540541638e0
965,118265,18,21,2.802125362e2,1.557776766e0
966,118265,18,21,2.809774357e2,1.575138447e0
967,118265,18,21,2.817430761e2,1.592645925e0
968,118265,18,21,2.825098681e2,1.610270429e0
969,118265,18,21,2.832779119e2,1.628048838e0
970,118265,18,21,2.840462351e2,1.645954493e0
971,118265,18,21,2.848140296e2,1.663996646e0
972,118265,18,21,2.855817179e2,1.682166211e0
973,118265,18,21,2.863501917e2,1.700501187e0
974,118265,18,21,2.871197846e2,1.718964237e0
975,118265,18,21,2.878905317e2,1.737564214e0
976,118265,18,21,2.886621163e2,1.756292036e0
977,118265,18,21,2.894345983e2,1.775175787e0
978,118265,18,21,2.902083251e2,1.794198000e0
979,118265,18,21,2.909832831e2,1.813368760e0
980,118265,18,21,2.917592671e2,1.832668203e0
981,118265,18,21,2.925376517e2,1.852124407e0
982,118265,18,21,2.933174131e2,1.871719628e0
983,118265,18,21,2.940980856e2,1.891453734e0
984,118265,18,21,2.948803258e2,1.911326887e0
985,118265,18,21,2.956636950e2,1.931368151e0
986,118265,18,21,2.964482952e2,1.951549215e0
987,118265,18,21,2.972340583e2,1.971869898e0
988,118265,18,21,2.980209796e2,1.992330137e0
989,118265,18,21,2.988085223e2,2.012948694e0
990,118265,18,21,2.995969753e2,2.033717337e0
991,118265,18,21,3.003864477e2,2.054637243e0
992,118265,18,21,3.011768161e2,2.075697559e0
993,118265,18,21,3.019680067e2,2.096916971e0
994,118265,18,21,3.027604071e2,2.118287047e0
995,118265,18,21,3.035542002e2,2.139798486e0
996,118265,18,21,3.043489969e2,2.161460785e0
997,118265,18,21,3.051453533e2,2.183293944e0
998,118265,18,21,3.059430838e2,2.205278665e0
999,118265,18,21,3.067424186e2,2.227405537e0
1000,118265,18,21,3.075433068e2,2.249683803e0
1001,118265,18,21,3.083457544e2,2.272123114e0
1002,118265,18,21,3.091501839e2,2.294734176e0
1003,118265,18,21,3.099564105e2,2.317488542e0
1004,118265,18,21,3.107640577e2,2.340394912e0
1005,118265,18,21,3.115728540e2,2.363462888e0
1006,118265,18,21,3.123823848e2,2.386693422e0
1007,118265,18,21,3.131929577e2,2.410077836e0
1008,118265,18,21,3.140055285e2,2.433625862e0
1009,118265,18,21,3.148186248e2,2.457336767e0
1010,118265,18,21,3.156324159e2,2.481210856e0
1011,118265,18,21,3.164471855e2,2.505239115e0
1012,118265,18,21,3.172629421e2,2.529421640e0
1013,118265,18,21,3.180796417e2,2.553777593e0
1014,118265,18,21,3.188977669e2,2.578308369e0
1015,118265,18,21,3.197172261e2,2.602994574e0
1016,118265,18,21,3.205381048e2,2.627835780e0
1017,118265,18,21,3.213601658e2,2.652850952e0
1018,118265,18,21,3.221834707e2,2.678031545e0
1019,118265,18,21,3.230078978e2,2.703378040e0
1020,118265,18,21,3.238333504e2,2.728891078e0
1021,118265,18,21,3.246603900e2,2.754578991e0
1022,118265,18,21,3.254886065e2,2.780432934e0
1023,118265,18,21,3.263183782e2,2.806453272e0
1024,118265,18,21,3.271490024e2,2.832630728e0
1025,118265,18,21,3.279803885e2,2.858993592e0
1026,118265,18,21,3.288125681e2,2.885534117e0
1027,118265,18,21,3.296454620e2,2.912242096e0
1028,118265,18,21,3.304795386e2,2.939107999e0
1029,118265,18,21,3.313145870e2,2.966159822e0
1030,118265,18,21,3.321507661e2,2.993379945e0
1031,118265,18,21,3.329880523e2,3.020778118e0
1032,118265,18,21,3.338264083e2,3.048345816e0
1033,118265,18,21,3.346660921e2,3.076100674e0
1034,118265,18,21,3.355071028e2,3.104024702e0
1035,118265,18,21,3.363494327e2,3.132127310e0
1036,118265,18,21,3.371931027e2,3.160390078e0
1037,118265,18,21,3.380366599e2,3.188850565e0
1038,118265,18,21,3.388796611e2,3.217491787e0
1039,118265,18,21,3.397229134e2,3.246312880e0
1040,118265,18,21,3.405673257e2,3.275295020e0
1041,118265,18,21,3.414127028e2,3.304475390e0
1042,118265,18,21,3.422601301e2,3.333827102e0
1043,118265,18,21,3.431076859e2,3.363369200e0
1044,118265,18,21,3.439566497e2,3.393083907e0
1045,118265,18,21,3.448066247e2,3.422998129e0
1046,118265,18,21,3.456576837e2,3.453084617e0
1047,118265,18,21,3.465098579e2,3.483362014e0
1048,118265,18,21,3.473631428e2,3.513802622e0
1049,118265,18,21,3.482175412e2,3.544453301e0
1050,118265,18,21,3.490730728e2,3.575277907e0
1051,118265,18,21,3.499298459e2,3.606305673e0
1052,118265,18,21,3.507877665e2,3.637497943e0
1053,118265,18,21,3.516464971e2,3.668901006e0
1054,118265,18,21,3.525063756e2,3.700478680e0
1055,118265,18,21,3.533676799e2,3.732249499e0
1056,118265,18,21,3.542304609e2,3.764195428e0
1057,118265,18,21,3.550941820e2,3.796363850e0
1058,118265,18,21,3.559592413e2,3.828708130e0
1059,118265,18,21,3.568253903e2,3.861246464e0
1060,118265,18,21,3.576926510e2,3.893960392e0
1061,118265,18,21,3.585607406e2,3.926887337e0
1062,118265,18,21,3.594300250e2,3.960000795e0
1063,118265,18,21,3.603001257e2,3.993319964e0
1064,118265,18,21,3.611710456e2,4.026816027e0
1065,118265,18,21,3.620426948e2,4.060526062e0
1066,118265,18,21,3.629152812e2,4.094423230e0
1067,118265,18,21,3.637889936e2,4.128516881e0
1068,118265,18,21,3.646637874e2,4.162798147e0
1069,118265,18,21,3.655397976e2,4.197295170e0
1070,118265,18,21,3.664171208e2,4.231991599e0
1071,118265,18,21,3.672958133e2,4.266885891e0
1072,118265,18,21,3.681756748e2,4.301968681e0
1073,118265,18,21,3.690566710e2,4.337268101e0
1074,118265,18,21,3.699388900e2,4.372757061e0
1075,118265,18,21,3.708221911e2,4.408454483e0
1076,118265,18,21,3.717064637e2,4.444351960e0
1077,118265,18,21,3.725915354e2,4.480467285e0
1078,118265,18,21,3.734774963e2,4.516773113e0
1079,118265,18,21,3.743645252e2,4.553288003e0
1080,118265,18,21,3.752525383e2,4.589993609e0
1081,118265,18,21,3.761416110e2,4.626927717e0
1082,118265,18,21,3.770320454e2,4.664054046e0
1083,118265,18,21,3.779235289e2,4.701401558e0
1084,118265,18,21,3.788162061e2,4.738941173e0
1085,118265,18,21,3.797096537e2,4.776710200e0
1086,118265,18,21,3.806039112e2,4.814672374e0
1087,118265,18,21,3.814991262e2,4.852846034e0
1088,118265,18,21,3.823956523e2,4.891222500e0
1089,118265,18,21,3.832932117e2,4.929830005e0
1090,118265,18,21,3.841914419e2,4.968642923e0
1091,118265,18,21,3.850908529e2,5.007668703e0
1092,118265,18,21,3.859914007e2,5.046898192e0
1093,118265,18,21,3.868929573e2,5.086359667e0
1094,118265,18,21,3.877952252e2,5.126016695e0
1095,118265,18,21,3.886985078e2,5.165897252e0
1096,118265,18,21,3.896031053e2,5.205983064e0
1097,118265,18,21,3.905084338e2,5.246313106e0
1098,118265,18,21,3.914147019e2,5.286840069e0
1099,118265,18,21,3.923221869e2,5.327591480e0
1100,118265,18,21,3.932307813e2,5.368549126e0
1101,118265,18,21,3.941417407e2,5.409741160e0
1102,118265,18,21,3.950542319e2,5.451140805e0
1103,118265,18,21,3.959658058e2,5.492766469e0
1104,118265,18,21,3.968782250e2,5.534610603e0
1105,118265,18,21,3.977916561e2,5.576690549e0
1106,118265,18,21,3.987062729e2,5.618979092e0
1107,118265,18,21,3.996220304e2,5.661494699e0
1108,118265,18,21,4.005390190e2,5.704219041e0
1109,118265,18,21,4.014562869e2,5.747189933e0
1110,118265,18,21,4.023735306e2,5.790371041e0
1111,118265,18,21,4.032907547e2,5.833791407e0
1112,118265,18,21,4.042090432e2,5.877421969e0
1113,118265,18,21,4.051284813e2,5.921300097e0
1114,118265,18,21,4.060492842e2,5.965389512e0
1115,118265,18,21,4.069711529e2,6.009708546e0
1116,118265,18,21,4.078940511e2,6.054248520e0
1117,118265,18,21,4.088179644e2,6.099037698e0
1118,118265,18,21,4.097430148e2,6.144039958e0
1119,118265,18,21,4.106691508e2,6.189273866e0
1120,118265,18,21,4.115963681e2,6.234730746e0
1121,118265,18,21,4.125232066e2,6.280439276e0
1122,118265,18,21,4.134540948e2,6.326363358e0
1123,118265,18,21,4.143849394e2,6.372521378e0
1124,118265,18,21,4.153172426e2,6.418904293e0
1125,118265,18,21,4.162505689e2,6.465540440e0
1126,118265,18,21,4.171849208e2,6.512393400e0
1127,118265,18,21,4.181200935e2,6.559481375e0
1128,118265,18,21,4.190562684e2,6.606795282e0
1129,118265,18,21,4.199933814e2,6.654363511e0
1130,118265,18,21,4.209316960e2,6.702149730e0
1131,118265,18,21,4.218710278e2,6.750172223e0
1132,118265,18,21,4.228126723e2,6.798421980e0
1133,118265,18,21,4.237539638e2,6.846927457e0
1134,118265,18,21,4.246962375e2,6.895652383e0
1135,118265,18,21,4.256394281e2,6.944615106e0
1136,118265,18,21,4.265835494e2,6.993806679e0
1137,118265,18,21,4.275285514e2,7.043255611e0
1138,118265,18,21,4.284744194e2,7.092925673e0
1139,118265,18,21,4.294211853e2,7.142835241e0
1140,118265,18,21,4.303688236e2,7.192975387e0
1141,118265,18,21,4.313173617e2,7.243374624e0
1142,118265,18,21,4.322669759e2,7.293996714e0
1143,118265,18,21,4.332173572e2,7.344860019e0
1144,118265,18,21,4.341685274e2,7.395955588e0
1145,118265,18,21,4.351204750e2,7.447311902e0
1146,118265,18,21,4.360733946e2,7.498892696e0
1147,118265,18,21,4.370271620e2,7.550716187e0
1148,118265,18,21,4.379820458e2,7.602773332e0
1149,118265,18,21,4.389378281e2,7.655092600e0
1150,118265,18,21,4.398945619e2,7.707637721e0
1151,118265,18,21,4.408523629e2,7.760427029e0
1152,118265,18,21,4.418111510e2,7.813451557e0
1153,118265,18,21,4.427707540e2,7.866739785e0
1154,118265,18,21,4.437311417e2,7.920255447e0
1155,118265,18,21,4.446922960e2,7.974016887e0
1156,118265,18,21,4.456543098e2,8.028015144e0
1157,118265,18,21,4.466172250e2,8.082278700e0
1158,118265,18,21,4.475808340e2,8.136771295e0
1159,118265,18,21,4.485451208e2,8.191511271e0
1160,118265,18,21,4.495100956e2,8.246489667e0
1161,118265,18,21,4.504756041e2,8.301734963e0
1162,118265,18,21,4.514419467e2,8.357210894e0
1163,118265,18,21,4.524091639e2,8.412935800e0
1164,118265,18,21,4.533773232e2,8.468900711e0
1165,118265,18,21,4.543466592e2,8.525134103e0
1166,118265,18,21,4.553164535e2,8.581599704e0
1167,118265,18,21,4.562869354e2,8.638315861e0
1168,118265,18,21,4.572581740e2,8.695273678e0
1169,118265,18,21,4.582302106e2,8.752501628e0
1170,118265,18,21,4.592025097e2,8.809963438e0
1171,118265,18,21,4.601759753e2,8.867677440e0
1172,118265,18,21,4.611502834e2,8.925634661e0
1173,118265,18,21,4.621255136e2,8.983863572e0
1174,118265,18,21,4.631017966e2,9.042327903e0
1175,118265,18,21,4.640790670e2,9.101045985e0
1176,118265,18,21,4.650571649e2,9.160008849e0
1177,118265,18,21,4.660357642e2,9.219244968e0
1178,118265,18,21,4.670148453e2,9.278718071e0
1179,118265,18,21,4.679957460e2,9.338446494e0
1180,118265,18,21,4.689773328e2,9.398421266e0
1181,118265,18,21,4.699596467e2,9.458670861e0
1182,118265,18,21,4.709424643e2,9.519159011e0
1183,118265,18,21,4.719260653e2,9.579904051e0
1184,118265,18,21,4.729105067e2,9.640897010e0
1185,118265,18,21,4.738961395e2,9.702166364e0
1186,118265,18,21,4.748825617e2,9.763675841e0
1187,118265,18,21,4.758689246e2,9.825443775e0
1188,118265,18,21,4.768556957e2,9.887461196e0
1189,118265,18,21,4.778440115e2,9.949756577e0
1190,118265,18,21,4.788340929e2,1.001229364e1
1191,118265,18,21,4.798254990e2,1.007509073e1
1192,118265,18,21,4.808181097e2,1.013813887e1
1193,118265,18,21,4.818116340e2,1.020146653e1
1194,118265,18,21,4.828063292e2,1.026503744e1
1195,118265,18,21,4.838018952e2,1.032886993e1
1196,118265,18,21,4.847987711e2,1.039295503e1
1197,118265,18,21,4.857965883e2,1.045732121e1
1198,118265,18,21,4.867950000e2,1.052193220e1
1199,118265,18,21,4.877937761e2,1.058680632e1
1200,118265,18,21,4.887927676e2,1.065193458e1
1201,118265,18,21,4.897921453e2,1.071734545e1
1202,118265,18,21,4.907924663e2,1.078300266e1
1203,118265,18,21,4.917936614e2,1.084892455e1
1204,118265,18,21,4.927955336e2,1.091510214e1
1205,118265,18,21,4.937981344e2,1.098156391e1
1206,118265,18,21,4.948016394e2,1.104827360e1
1207,118265,18,21,4.958060736e2,1.111524953e1
1208,118265,18,21,4.968114951e2,1.118248274e1
1209,118265,18,21,4.978184424e2,1.125000169e1
1210,118265,18,21,4.988251796e2,1.131777013e1
1211,118265,18,21,4.998329816e2,1.138580639e1
1212,118265,18,21,5.008414797e2,1.145410149e1
1213,118265,18,21,5.018508498e2,1.152268391e1
1214,118265,18,21,5.028609469e2,1.159151738e1
1215,118265,18,21,5.038716962e2,1.166062024e1
1216,118265,18,21,5.048831713e2,1.172998352e1
1217,118265,18,21,5.058955653e2,1.179963569e1
1218,118265,18,21,5.069085001e2,1.186954044e1
1219,118265,18,21,5.079221536e2,1.193971608e1
1220,118265,18,21,5.089365131e2,1.201015362e1
1221,118265,18,21,5.099516846e2,1.208088156e1
1222,118265,18,21,5.109675798e2,1.215186361e1
1223,118265,18,21,5.119842841e2,1.222311801e1
1224,118265,18,21,5.130018396e2,1.229463583e1
1225,118265,18,21,5.140200903e2,1.236644554e1
1226,118265,18,21,5.150391751e2,1.243851085e1
1227,118265,18,21,5.160592747e2,1.251085013e1
1228,118265,18,21,5.170803873e2,1.258345439e1
1229,118265,18,21,5.181024251e2,1.265635211e1
1230,118265,18,21,5.191258054e2,1.272950702e1
1231,118265,18,21,5.201503363e2,1.280293747e1
1232,118265,18,21,5.211745971e2,1.287663449e1
1233,118265,18,21,5.221991827e2,1.295062655e1
1234,118265,18,21,5.232241565e2,1.302487738e1
1235,118265,18,21,5.242498326e2,1.309940531e1
1236,118265,18,21,5.252762974e2,1.317420138e1
1237,118265,18,21,5.263033905e2,1.324929405e1
1238,118265,18,21,5.273310898e2,1.332464705e1
1239,118265,18,21,5.283592460e2,1.340027871e1
1240,118265,18,21,5.293890411e2,1.347618005e1
1241,118265,18,21,5.304193589e2,1.355237956e1
1242,118265,18,21,5.314499918e2,1.362884096e1
1243,118265,18,21,5.324811717e2,1.370558257e1
1244,118265,18,21,5.335125234e2,1.378259542e1
1245,118265,18,21,5.345442619e2,1.385990781e1
1246,118265,18,21,5.355773220e2,1.393748338e1
1247,118265,18,21,5.366113096e2,1.401534044e1
1248,118265,18,21,5.376460578e2,1.409347000e1
1249,118265,18,21,5.386813100e2,1.417190055e1
1250,118265,18,21,5.397174359e2,1.425059580e1
1251,118265,18,21,5.407542932e2,1.432957408e1
1252,118265,18,21,5.417911658e2,1.440882643e1
1253,118265,18,21,5.428289870e2,1.448838135e1
1254,118265,18,21,5.438671906e2,1.456820257e1
1255,118265,18,21,5.449061584e2,1.464830846e1
1256,118265,18,21,5.459457912e2,1.472869005e1
1257,118265,18,21,5.469861023e2,1.480937584e1
1258,118265,18,21,5.480269652e2,1.489032958e1
1259,118265,18,21,5.490682844e2,1.497156962e1
1260,118265,18,21,5.501103707e2,1.505308700e1
1261,118265,18,21,5.511530806e2,1.513491020e1
1262,118265,18,21,5.521963544e2,1.521700297e1
1263,118265,18,21,5.532408722e2,1.529938364e1
1264,118265,18,21,5.542869196e2,1.538204324e1
1265,118265,18,21,5.553342661e2,1.546501023e1
1266,118265,18,21,5.563819385e2,1.554824834e1
1267,118265,18,21,5.574293178e2,1.563177589e1
1268,118265,18,21,5.584766778e2,1.571558390e1
1269,118265,18,21,5.595250829e2,1.579970083e1
1270,118265,18,21,5.605757982e2,1.588409040e1
1271,118265,18,21,5.616278550e2,1.596877092e1
1272,118265,18,21,5.626805593e2,1.605373343e1
1273,118265,18,21,5.637337539e2,1.613900638e1
1274,118265,18,21,5.647876868e2,1.622455348e1
1275,118265,18,21,5.658421789e2,1.631039308e1
1276,118265,18,21,5.668972113e2,1.639651619e1
1277,118265,18,21,5.679528985e2,1.648295128e1
1278,118265,18,21,5.690091409e2,1.656966209e1
1279,118265,18,21,5.700658116e2,1.665666691e1
1280,118265,18,21,5.711234708e2,1.674395679e1
1281,118265,18,21,5.721819603e2,1.683156019e1
1282,118265,18,21,5.732409998e2,1.691944085e1
1283,118265,18,21,5.743005228e2,1.700761711e1
1284,118265,18,21,5.753610291e2,1.709607999e1
1285,118265,18,21,5.764221629e2,1.718485797e1
1286,118265,18,21,5.774841575e2,1.727391480e1
1287,118265,18,21,5.785469736e2,1.736326880e1
1288,118265,18,21,5.796112974e2,1.745291100e1
1289,118265,18,21,5.806754482e2,1.754286987e1
1290,118265,18,21,5.817397583e2,1.763310914e1
1291,118265,18,21,5.828045098e2,1.772364715e1
1292,118265,18,21,5.838699349e2,1.781447491e1
1293,118265,18,21,5.849360417e2,1.790562089e1
1294,118265,18,21,5.860028798e2,1.799704883e1
1295,118265,18,21,5.870703421e2,1.808877703e1
1296,118265,18,21,5.881384869e2,1.818079654e1
1297,118265,18,21,5.892072280e2,1.827313581e1
1298,118265,18,21,5.902766348e2,1.836575857e1
1299,118265,18,21,5.913467642e2,1.845868315e1
1300,118265,18,21,5.924177553e2,1.855190057e1
1301,118265,18,21,5.934893097e2,1.864543931e1
1302,118265,18,21,5.945615248e2,1.873926309e1
1303,118265,18,21,5.956344118e2,1.883338663e1
1304,118265,18,21,5.967080261e2,1.892780148e1
1305,118265,18,21,5.977821660e2,1.902253655e1
1306,118265,18,21,5.988570361e2,1.911755610e1
1307,118265,18,21,5.999326604e2,1.921287907e1
1308,118265,18,21,6.010089933e2,1.930849716e1
1309,118265,18,21,6.020857445e2,1.940443951e1
1310,118265,18,21,6.031633024e2,1.950067047e1
1311,118265,18,21,6.042410613e2,1.959720891e1
1312,118265,18,21,6.053192081e2,1.969404633e1
1313,118265,18,21,6.063978345e2,1.979121154e1
1314,118265,18,21,6.074769564e2,1.988866850e1
1315,118265,18,21,6.085567868e2,1.998643562e1
1316,118265,18,21,6.096372285e2,2.008450392e1
1317,118265,18,21,6.107185377e2,2.018290171e1
1318,118265,18,21,6.118004487e2,2.028159190e1
1319,118265,18,21,6.128828838e2,2.038059170e1
1320,118265,18,21,6.139659726e2,2.047989214e1
1321,118265,18,21,6.150496875e2,2.057952167e1
1322,118265,18,21,6.161340854e2,2.067944403e1
1323,118265,18,21,6.172191555e2,2.077967755e1
1324,118265,18,21,6.183049691e2,2.088021324e1
1325,118265,18,21,6.193915935e2,2.098107959e1
1326,118265,18,21,6.204789547e2,2.108224031e1
1327,118265,18,21,6.215669925e2,2.118371375e1
1328,118265,18,21,6.226557586e2,2.128549093e1
1329,118265,18,21,6.237450614e2,2.138760033e1
1330,118265,18,21,6.248351283e2,2.149000567e1
1331,118265,18,21,6.259258720e2,2.159272529e1
1332,118265,18,21,6.270172270e2,2.169575022e1
1333,118265,18,21,6.281090574e2,2.179910894e1
1334,118265,18,21,6.292015324e2,2.190276517e1
1335,118265,18,21,6.302942322e2,2.200673725e1
1336,118265,18,21,6.313874676e2,2.211101619e1
1337,118265,18,21,6.324808856e2,2.221563048e1
1338,118265,18,21,6.335751026e2,2.232054384e1
1339,118265,18,21,6.346697820e2,2.242577460e1
1340,118265,18,21,6.357650242e2,2.253131379e1
1341,118265,18,21,6.368607393e2,2.263718987e1
1342,118265,18,21,6.379569821e2,2.274336656e1
1343,118265,18,21,6.390535485e2,2.284986221e1
1344,118265,18,21,6.401510133e2,2.295666783e1
1345,118265,18,21,6.412496577e2,2.306381189e1
1346,118265,18,21,6.423492947e2,2.317125811e1
1347,118265,18,21,6.434495842e2,2.327902483e1
1348,118265,18,21,6.445496463e2,2.338710307e1
1349,118265,18,21,6.456490261e2,2.349552029e1
1350,118265,18,21,6.467487475e2,2.360424033e1
1351,118265,18,21,6.478504310e2,2.371328160e1
1352,118265,18,21,6.489532605e2,2.382263525e1
1353,118265,18,21,6.500563935e2,2.393232988e1
1354,118265,18,21,6.511600716e2,2.404232939e1
1355,118265,18,21,6.522643314e2,2.415265229e1
1356,118265,18,21,6.533685392e2,2.426328978e1
1357,118265,18,21,6.544745862e2,2.437427049e1
1358,118265,18,21,6.555807213e2,2.448555829e1
1359,118265,18,21,6.566874974e2,2.459717164e1
1360,118265,18,21,6.577948540e2,2.470910165e1
1361,118265,18,21,6.589026860e2,2.482137686e1
1362,118265,18,21,6.600112597e2,2.493396101e1
1363,118265,18,21,6.611207452e2,2.504687243e1
1364,118265,18,21,6.622309574e2,2.516010210e1
1365,118265,18,21,6.633417075e2,2.527367844e1
1366,118265,18,21,6.644533164e2,2.538756507e1
1367,118265,18,21,6.655654627e2,2.550178025e1
1368,118265,18,21,6.666781777e2,2.561631489e1
1369,118265,18,21,6.677907795e2,2.573119729e1
1370,118265,18,21,6.689038707e2,2.584639120e1
1371,118265,18,21,6.700172029e2,2.596191480e1
1372,118265,18,21,6.711311171e2,2.607775903e1
1373,118265,18,21,6.722452732e2,2.619395232e1
1374,118265,18,21,6.733598716e2,2.631045837e1
1375,118265,18,21,6.744755822e2,2.642729549e1
1376,118265,18,21,6.755914829e2,2.654445471e1
1377,118265,18,21,6.767074437e2,2.666196453e1
1378,118265,18,21,6.778240159e2,2.677978873e1
1379,118265,18,21,6.789402266e2,2.689794568e1
1380,118265,18,21,6.800589883e2,2.701642647e1
1381,118265,18,21,6.811775180e2,2.713525964e1
1382,118265,18,21,6.822969419e2,2.725440897e1
1383,118265,18,21,6.834168556e2,2.737389286e1
1384,118265,18,21,6.845371061e2,2.749370239e1
1385,118265,18,21,6.856579212e2,2.761386606e1
1386,118265,18,21,6.867794853e2,2.773434764e1
1387,118265,18,21,6.879017409e2,2.785516546e1
1388,118265,18,21,6.890248394e2,2.797631055e1
1389,118265,18,21,6.901483556e2,2.809781138e1
1390,118265,18,21,6.912723852e2,2.821963164e1
1391,118265,18,21,6.923971018e2,2.834178965e1
1392,118265,18,21,6.935223914e2,2.846427638e1
1393,118265,18,21,6.946482087e2,2.858712028e1
1394,118265,18,21,6.957745630e2,2.871028501e1
1395,118265,18,21,6.969014922e2,2.883378889e1
1396,118265,18,21,6.980288173e2,2.895762288e1
1397,118265,18,21,6.991565291e2,2.908181545e1
1398,118265,18,21,7.002845659e2,2.920633029e1
1399,118265,18,21,7.014129644e2,2.933118572e1
1400,118265,18,21,7.025417386e2,2.945637276e1
1401,118265,18,21,7.036709670e2,2.958191989e1
1402,118265,18,21,7.048007889e2,2.970779084e1
1403,118265,18,21,7.059306214e2,2.983398506e1
1404,118265,18,21,7.070612267e2,2.996052657e1
1405,118265,18,21,7.081924819e2,3.008742807e1
1406,118265,18,21,7.093247218e2,3.021465312e1
1407,118265,18,21,7.104572713e2,3.034223097e1
1408,118265,18,21,7.115904150e2,3.047015328e1
1409,118265,18,21,7.127237852e2,3.059844015e1
1410,118265,18,21,7.138576050e2,3.072705519e1
1411,118265,18,21,7.149919959e2,3.085602607e1
1412,118265,18,21,7.161270695e2,3.098533425e1
1413,118265,18,21,7.172621438e2,3.111501779e1
1414,118265,18,21,7.183978489e2,3.124503031e1
1415,118265,18,21,7.195342876e2,3.137540226e1
1416,118265,18,21,7.206711725e2,3.150611095e1
1417,118265,18,21,7.218085331e2,3.163719544e1
1418,118265,18,21,7.229459838e2,3.176861075e1
1419,118265,18,21,7.240835928e2,3.190038429e1
1420,118265,18,21,7.252208660e2,3.203250760e1
1421,118265,18,21,7.263585096e2,3.216500834e1
1422,118265,18,21,7.274965944e2,3.229784032e1
1423,118265,18,21,7.286351663e2,3.243102840e1
1424,118265,18,21,7.297743366e2,3.256457123e1
1425,118265,18,21,7.309137139e2,3.269848872e1
1426,118265,18,21,7.320533352e2,3.283273584e1
1427,118265,18,21,7.331945508e2,3.296734087e1
1428,118265,18,21,7.343368938e2,3.310229589e1
1429,118265,18,21,7.354799121e2,3.323764038e1
1430,118265,18,21,7.366235622e2,3.337331864e1
1431,118265,18,21,7.377670680e2,3.350935804e1
1432,118265,18,21,7.389105430e2,3.364574954e1
1433,118265,18,21,7.400543886e2,3.378254009e1
1434,118265,18,21,7.411998543e2,3.391966628e1
1435,118265,18,21,7.423476681e2,3.405715542e1
1436,118265,18,21,7.434939714e2,3.419499827e1
1437,118265,18,21,7.446408763e2,3.433323261e1
1438,118265,18,21,7.457878515e2,3.447181395e1
1439,118265,18,21,7.469356071e2,3.461075956e1
1440,118265,18,21,7.480840441e2,3.475006026e1
1441,118265,18,21,7.492332374e2,3.488975391e1
1442,118265,18,21,7.503831568e2,3.502980408e1
1443,118265,18,21,7.515334026e2,3.517021961e1
1444,118265,18,21,7.526835306e2,3.531099110e1
1445,118265,18,21,7.538336901e2,3.545215622e1
1446,118265,18,21,7.549841634e2,3.559366962e1
1447,118265,18,21,7.561354158e2,3.573555992e1
1448,118265,18,21,7.572873528e2,3.587780823e1
1449,118265,18,21,7.584394272e2,3.602045235e1
1450,118265,18,21,7.595915850e2,3.616344648e1
1451,118265,18,21,7.607447446e2,3.630682699e1
1452,118265,18,21,7.618980993e2,3.645056677e1
1453,118265,18,21,7.630519910e2,3.659470344e1
1454,118265,18,21,7.642063315e2,3.673919155e1
1455,118265,18,21,7.653610622e2,3.688405874e1
1456,118265,18,21,7.665163674e2,3.702929727e1
1457,118265,18,21,7.676719872e2,3.717493464e1
1458,118265,18,21,7.688276294e2,3.732092505e1
1459,118265,18,21,7.699835108e2,3.746729584e1
1460,118265,18,21,7.711401906e2,3.761403849e1
1461,118265,18,21,7.722968986e2,3.776119040e1
1462,118265,18,21,7.734538412e2,3.790869715e1
1463,118265,18,21,7.746115207e2,3.805658608e1
1464,118265,18,21,7.757699348e2,3.820484832e1
1465,118265,18,21,7.769288236e2,3.835351190e1
1466,118265,18,21,7.780883959e2,3.850254187e1
1467,118265,18,21,7.792482453e2,3.865195551e1
1468,118265,18,21,7.804081405e2,3.880174393e1
1469,118265,18,21,7.815684709e2,3.895193572e1
1470,118265,18,21,7.827295405e2,3.910250370e1
1471,118265,18,21,7.838907582e2,3.925345717e1
1472,118265,18,21,7.850523149e2,3.940478678e1
1473,118265,18,21,7.862142747e2,3.955652073e1
1474,118265,18,21,7.873766745e2,3.970862271e1
1475,118265,18,21,7.885395315e2,3.986112167e1
1476,118265,18,21,7.897029794e2,4.001399867e1
1477,118265,18,21,7.908669113e2,4.016728214e1
1478,118265,18,21,7.920321089e2,4.032093570e1
1479,118265,18,21,7.931968254e2,4.047498723e1
1480,118265,18,21,7.943619620e2,4.062942670e1
1481,118265,18,21,7.955268174e2,4.078427357e1
1482,118265,18,21,7.966921945e2,4.093949131e1
1483,118265,18,21,7.978577936e2,4.109510768e1
1484,118265,18,21,7.990238352e2,4.125110460e1
1485,118265,18,21,8.001901369e2,4.140752125e1
1486,118265,18,21,8.013568985e2,4.156431097e1
1487,118265,18,21,8.025238508e2,4.172150116e1
1488,118265,18,21,8.036912946e2,4.187907359e1
1489,118265,18,21,8.048591175e2,4.203707507e1
1490,118265,18,21,8.060270877e2,4.219545109e1
1491,118265,18,21,8.071953700e2,4.235422915e1
1492,118265,18,21,8.083641341e2,4.251339105e1
1493,118265,18,21,8.095331448e2,4.267297451e1
1494,118265,18,21,8.107025547e2,4.283294455e1
1495,118265,18,21,8.118724161e2,4.299331857e1
1496,118265,18,21,8.130426626e2,4.315407822e1
1497,118265,18,21,8.142129346e2,4.331526120e1
1498,118265,18,21,8.153834115e2,4.347683199e1
1499,118265,18,21,8.165545146e2,4.363881775e1
1500,118265,18,21,8.177261217e2,4.380119134e1
1501,118265,18,21,8.188978724e2,4.396399024e1
1502,118265,18,21,8.200698153e2,4.412717823e1
1503,118265,18,21,8.212420999e2,4.429077356e1
1504,118265,18,21,8.224146743e2,4.445476872e1
1505,118265,18,21,8.235874255e2,4.461919088e1
1506,118265,18,21,8.247607318e2,4.478400369e1
1507,118265,18,21,8.259341488e2,4.494922501e1
1508,118265,18,21,8.271077779e2,4.511484624e1
1509,118265,18,21,8.282816424e2,4.528090416e1
1510,118265,18,21,8.294557012e2,4.544735351e1
1511,118265,18,21,8.306299417e2,4.561421253e1
1512,118265,18,21,8.318042447e2,4.578147222e1
1513,118265,18,21,8.329783628e2,4.594916106e1
1514,118265,18,21,8.341527374e2,4.611725396e1
1515,118265,18,21,8.353270689e2,4.628575902e1
1516,118265,18,21,8.365016959e2,4.645466725e1
1517,118265,18,21,8.376763766e2,4.662400691e1
1518,118265,18,21,8.388517481e2,4.679375158e1
1519,118265,18,21,8.400280340e2,4.696391896e1
1520,118265,18,21,8.412053154e2,4.713449101e1
1521,118265,18,21,8.423835657e2,4.730549585e1
1522,118265,18,21,8.435618712e2,4.747690650e1
1523,118265,18,21,8.447397892e2,4.764873209e1
1524,118265,18,21,8.459173580e2,4.782097459e1
1525,118265,18,21,8.470961902e2,4.799365189e1
1526,118265,18,21,8.482762919e2,4.816673709e1
1527,118265,18,21,8.494569467e2,4.834023942e1
1528,118265,18,21,8.506376056e2,4.851415977e1
1529,118265,18,21,8.518183117e2,4.868852588e1
1530,118265,18,21,8.529991949e2,4.886330177e1
1531,118265,18,21,8.541803875e2,4.903849638e1
1532,118265,18,21,8.553616519e2,4.921410994e1
1533,118265,18,21,8.565436381e2,4.939016137e1
1534,118265,18,21,8.577261419e2,4.956663461e1
1535,118265,18,21,8.589092825e2,4.974352787e1
1536,118265,18,21,8.600927039e2,4.992084126e1
1537,118265,18,21,8.612762512e2,5.009859401e1
1538,118265,18,21,8.624598118e2,5.027676913e1
1539,118265,18,21,8.636439079e2,5.045537530e1
1540,118265,18,21,8.648284396e2,5.063439908e1
1541,118265,18,21,8.660134576e2,5.081386118e1
1542,118265,18,21,8.671987308e2,5.099374452e1
1543,118265,18,21,8.683841381e2,5.117404963e1
1544,118265,18,21,8.695695016e2,5.135478822e1
1545,118265,18,21,8.707549283e2,5.153596957e1
1546,118265,18,21,8.719404183e2,5.171757640e1
1547,118265,18,21,8.731260611e2,5.189960930e1
1548,118265,18,21,8.743118596e2,5.208207871e1
1549,118265,18,21,8.754980250e2,5.226500358e1
1550,118265,18,21,8.766845730e2,5.244835760e1
1551,118265,18,21,8.778717939e2,5.263214093e1
1552,118265,18,21,8.790592914e2,5.281636330e1
1553,118265,18,21,8.802470694e2,5.300103467e1
1554,118265,18,21,8.814351659e2,5.318614805e1
1555,118265,18,21,8.826233710e2,5.337169082e1
1556,118265,18,21,8.838117938e2,5.355767226e1
1557,118265,18,21,8.850005350e2,5.374410217e1
1558,118265,18,21,8.861893611e2,5.393097263e1
1559,118265,18,21,8.873783465e2,5.411828283e1
1560,118265,18,21,8.885673534e2,5.430603307e1
1561,118265,18,21,8.897569988e2,5.449423316e1
1562,118265,18,21,8.909458198e2,5.468287475e1
1563,118265,18,21,8.921348977e2,5.487194856e1
1564,118265,18,21,8.933241442e2,5.506147506e1
1565,118265,18,21,8.945137165e2,5.525145373e1
1566,118265,18,21,8.957034587e2,5.544187606e1
1567,118265,18,21,8.968933300e2,5.563273284e1
1568,118265,18,21,8.980833569e2,5.582404343e1
1569,118265,18,21,8.992732275e2,5.601581699e1
1570,118265,18,21,9.004634234e2,5.620803592e1
1571,118265,18,21,9.016535017e2,5.640069073e1
1572,118265,18,21,9.028438147e2,5.659380018e1
1573,118265,18,21,9.040343979e2,5.678736492e1
1574,118265,18,21,9.052251651e2,5.698138733e1
1575,118265,18,21,9.064160723e2,5.717584770e1
1576,118265,18,21,9.076071762e2,5.737076465e1
1577,118265,18,21,9.087984680e2,5.756613892e1
1578,118265,18,21,9.099899620e2,5.776197191e1
1579,118265,18,21,9.111817142e2,5.795824480e1
1580,118265,18,21,9.123735477e2,5.815498514e1
1581,118265,18,21,9.135655512e2,5.835218457e1
1582,118265,18,21,9.147580124e2,5.854984388e1
1583,118265,18,21,9.159507800e2,5.874794452e1
1584,118265,18,21,9.171439000e2,5.894650482e1
1585,118265,18,21,9.183372413e2,5.914553683e1
1586,118265,18,21,9.195308856e2,5.934503059e1
1587,118265,18,21,9.207247505e2,5.954496763e1
1588,118265,18,21,9.219187408e2,5.974536633e1
1589,118265,18,21,9.231128613e2,5.994623757e1
1590,118265,18,21,9.243069555e2,6.014758139e1
1591,118265,18,21,9.255010771e2,6.034937044e1
1592,118265,18,21,9.266954406e2,6.055162302e1
1593,118265,18,21,9.278900496e2,6.075434941e1
1594,118265,18,21,9.290849603e2,6.095754104e1
1595,118265,18,21,9.302800137e2,6.116119063e1
1596,118265,18,21,9.314753773e2,6.136530597e1
1597,118265,18,21,9.326708773e2,6.156989702e1
1598,118265,18,21,9.338663521e2,6.177495530e1
1599,118265,18,21,9.350617489e2,6.198047234e1
1600,118265,18,21,9.362571051e2,6.218645688e1
1601,118265,18,21,9.374524708e2,6.239292788e1
1602,118265,18,21,9.386477062e2,6.259986783e1
1603,118265,18,21,9.398429184e2,6.280726773e1
1604,118265,18,21,9.410383837e2,6.301513661e1
1605,118265,18,21,9.422341091e2,6.322348437e1
1606,118265,18,21,9.434303145e2,6.343231388e1
1607,118265,18,21,9.446268770e2,6.364159584e1
1608,118265,18,21,9.458238510e2,6.385134829e1
1609,118265,18,21,9.470211803e2,6.406157897e1
1610,118265,18,21,9.482183743e2,6.427229035e1
1611,118265,18,21,9.494164435e2,6.448345437e1
1612,118265,18,21,9.506149254e2,6.469509839e1
1613,118265,18,21,9.518142212e2,6.490721391e1
1614,118265,18,21,9.530138043e2,6.511981120e1
1615,118265,18,21,9.542127732e2,6.533286270e1
1616,118265,18,21,9.554109665e2,6.554638677e1
1617,118265,18,21,9.566089424e2,6.576039540e1
1618,118265,18,21,9.578079742e2,6.597487847e1
1619,118265,18,21,9.590084259e2,6.618981739e1
1620,118265,18,21,9.602089470e2,6.640523036e1
1621,118265,18,21,9.614096580e2,6.662112806e1
1622,118265,18,21,9.626104063e2,6.683750136e1
1623,118265,18,21,9.638115070e2,6.705433163e1
1624,118265,18,21,9.650130239e2,6.727163668e1
1625,118265,18,21,9.662140117e2,6.748942619e1
1626,118265,18,21,9.674150571e2,6.770769097e1
1627,118265,18,21,9.686160649e2,6.792641243e1
1628,118265,18,21,9.698169973e2,6.814559938e1
1629,118265,18,21,9.710180329e2,6.836527271e1
1630,118265,18,21,9.722191899e2,6.858542208e1
1631,118265,18,21,9.734215258e2,6.880602891e1
1632,118265,18,21,9.746230950e2,6.902710199e1
1633,118265,18,21,9.758243553e2,6.924866105e1
1634,118265,18,21,9.770253930e2,6.947068760e1
1635,118265,18,21,9.782263255e2,6.969317213e1
1636,118265,18,21,9.794270941e2,6.991612309e1
1637,118265,18,21,9.806279153e2,7.013955993e1
1638,118265,18,21,9.818290031e2,7.036346486e1
1639,118265,18,21,9.830303839e2,7.058782862e1
1640,118265,18,21,9.842321616e2,7.081265090e1
1641,118265,18,21,9.854343395e2,7.103796001e1
1642,118265,18,21,9.866367756e2,7.126373852e1
1643,118265,18,21,9.878397311e2,7.148997728e1
1644,118265,18,21,9.890426294e2,7.171667601e1
1645,118265,18,21,9.902454978e2,7.194385353e1
1646,118265,18,21,9.914483649e2,7.217150129e1
1647,118265,18,21,9.926511334e2,7.239961021e1
1648,118265,18,21,9.938537247e2,7.262818010e1
1649,118265,18,21,9.950561902e2,7.285722978e1
1650,118265,18,21,9.962586773e2,7.308675080e1
1651,118265,18,21,9.974611777e2,7.331672458e1
1652,118265,18,21,9.986638511e2,7.354715985e1
1653,118265,18,21,9.998666387e2,7.377807550e1
1654,118265,18,21,1.001069601e3,7.400946325e1
1655,118265,18,21,1.002272735e3,7.424130469e1
1656,118265,18,21,1.003476245e3,7.447359912e1
1657,118265,18,21,1.004680068e3,7.470637442e1
1658,118265,18,21,1.005884266e3,7.493962227e1
1659,118265,18,21,1.007088718e3,7.517332427e1
1660,118265,18,21,1.008293172e3,7.540747982e1
1661,118265,18,21,1.009497494e3,7.564210741e1
1662,118265,18,21,1.010701704e3,7.587720771e1
1663,118265,18,21,1.011905906e3,7.611276249e1
1664,118265,18,21,1.013110106e3,7.634877130e1
1665,118265,18,21,1.014314510e3,7.658525280e1
1666,118265,18,21,1.015519233e3,7.682220788e1
1667,118265,18,21,1.016723897e3,7.705960893e1
1668,118265,18,21,1.017928772e3,7.729746455e1
1669,118265,18,21,1.019133903e3,7.753579351e1
1670,118265,18,21,1.020339053e3,7.777459685e1
1671,118265,18,21,1.021544229e3,7.801384703e1
1672,118265,18,21,1.022749187e3,7.825354326e1
1673,118265,18,21,1.023954024e3,7.849371328e1
1674,118265,18,21,1.025158906e3,7.873435818e1
1675,118265,18,21,1.026363792e3,7.897545054e1
1676,118265,18,21,1.027568800e3,7.921698960e1
1677,118265,18,21,1.028773876e3,7.945900321e1
1678,118265,18,21,1.029978874e3,7.970148301e1
1679,118265,18,21,1.031183800e3,7.994441053e1
1680,118265,18,21,1.032388519e3,8.018778513e1
1681,118265,18,21,1.033593067e3,8.043163471e1
1682,118265,18,21,1.034797497e3,8.067595103e1
1683,118265,18,21,1.036001879e3,8.092070622e1
1684,118265,18,21,1.037206383e3,8.116590861e1
1685,118265,18,21,1.038411103e3,8.141158624e1
1686,118265,18,21,1.039615955e3,8.165773096e1
1687,118265,18,21,1.040820991e3,8.190431504e1
1688,118265,18,21,1.042026317e3,8.215134692e1
1689,118265,18,21,1.043231903e3,8.239884524e1
1690,118265,18,21,1.044437673e3,8.264681089e1
1691,118265,18,21,1.045643556e3,8.289521622e1
1692,118265,18,21,1.046849613e3,8.314406981e1
1693,118265,18,21,1.048055772e3,8.339339041e1
1694,118265,18,21,1.049261790e3,8.364316933e1
1695,118265,18,21,1.050467731e3,8.389338794e1
1696,118265,18,21,1.051673636e3,8.414405494e1
1697,118265,18,21,1.052879443e3,8.439518917e1
1698,118265,18,21,1.054085260e3,8.464678219e1
1699,118265,18,21,1.055291137e3,8.489880597e1
1700,118265,18,21,1.056497159e3,8.515127818e1
1701,118265,18,21,1.057703325e3,8.540421778e1
1702,118265,18,21,1.058909578e3,8.565761647e1
1703,118265,18,21,1.060115886e3,8.591144631e1
1704,118265,18,21,1.061322116e3,8.616572512e1
1705,118265,18,21,1.062528416e3,8.642046246e1
1706,118265,18,21,1.063735307e3,8.667565904e1
1707,118265,18,21,1.064942517e3,8.693128705e1
1708,118265,18,21,1.066150201e3,8.718735474e1
1709,118265,18,21,1.067357205e3,8.744387438e1
1710,118265,18,21,1.068563413e3,8.770083852e1
1711,118265,18,21,1.069769375e3,8.795822968e1
1712,118265,18,21,1.070977436e3,8.821606740e1
1713,118265,18,21,1.072185528e3,8.847436305e1
1714,118265,18,21,1.073393732e3,8.873310957e1
1715,118265,18,21,1.074602001e3,8.899228971e1
1716,118265,18,21,1.075810091e3,8.925191336e1
1717,118265,18,21,1.077017976e3,8.951200035e1
1718,118265,18,21,1.078225879e3,8.977254295e1
1719,118265,18,21,1.079433920e3,9.003352305e1
1720,118265,18,21,1.080642240e3,9.029494956e1
1721,118265,18,21,1.081850864e3,9.055683175e1
1722,118265,18,21,1.083059603e3,9.081916866e1
1723,118265,18,21,1.084268280e3,9.108193858e1
1724,118265,18,21,1.085476871e3,9.134515038e1
1725,118265,18,21,1.086685369e3,9.160881360e1
1726,118265,18,21,1.087893724e3,9.187292890e1
1727,118265,18,21,1.089101913e3,9.213746839e1
1728,118265,18,21,1.090309960e3,9.240244995e1
1729,118265,18,21,1.091518283e3,9.266788318e1
1730,118265,18,21,1.092726154e3,9.293376885e1
1731,118265,18,21,1.093933163e3,9.320007918e1
1732,118265,18,21,1.095139822e3,9.346682260e1
1733,118265,18,21,1.096346099e3,9.373401762e1
1734,118265,18,21,1.097553124e3,9.400166498e1
1735,118265,18,21,1.098759103e3,9.426973701e1
1736,118265,18,21,1.099964978e3,9.453824215e1
1737,118265,18,21,1.101171008e3,9.480719890e1
1738,118265,18,21,1.102377228e3,9.507659856e1
1739,118265,18,21,1.103583725e3,9.534642229e1
1740,118265,18,21,1.104790469e3,9.561667864e1
1741,118265,18,21,1.105997357e3,9.588738640e1
1742,118265,18,21,1.107204219e3,9.615853711e1
1743,118265,18,21,1.108411064e3,9.643010265e1
1744,118265,18,21,1.109617752e3,9.670210064e1
1745,118265,18,21,1.110824315e3,9.697454999e1
1746,118265,18,21,1.112030777e3,9.724744232e1
1747,118265,18,21,1.113237185e3,9.752074962e1
1748,118265,18,21,1.114443657e3,9.779448962e1
1749,118265,18,21,1.115650192e3,9.806867182e1
1750,118265,18,21,1.116856756e3,9.834329681e1
1751,118265,18,21,1.118063320e3,9.861833671e1
1752,118265,18,21,1.119269886e3,9.889380935e1
1753,118265,18,21,1.120476503e3,9.916972432e1
1754,118265,18,21,1.121683151e3,9.944607282e1
1755,118265,18,21,1.122889678e3,9.972283594e1
1756,118265,18,21,1.124096044e3,1.000000316e2
1757,118265,18,21,1.125302243e3,1.002776696e2
1758,118265,18,21,1.126508253e3,1.005557411e2
1759,118265,18,21,1.127714148e3,1.008342274e2
1760,118265,18,21,1.128919875e3,1.011131371e2
1761,118265,18,21,1.130125443e3,1.013924887e2
1762,118265,18,21,1.131330796e3,1.016722738e2
1763,118265,18,21,1.132535984e3,1.019524736e2
1764,118265,18,21,1.133740903e3,1.022330967e2
1765,118265,18,21,1.134945647e3,1.025141526e2
1766,118265,18,21,1.136150273e3,1.027956415e2
1767,118265,18,21,1.137354838e3,1.030775450e2
1768,118265,18,21,1.138559391e3,1.033598717e2
1769,118265,18,21,1.139764257e3,1.036426310e2
1770,118265,18,21,1.140970119e3,1.039258235e2
1771,118265,18,21,1.142175281e3,1.042094212e2
1772,118265,18,21,1.143380752e3,1.044934419e2
1773,118265,18,21,1.144586438e3,1.047778949e2
1774,118265,18,21,1.145792371e3,1.050627810e2
1775,118265,18,21,1.146998409e3,1.053480723e2
1776,118265,18,21,1.148204556e3,1.056337770e2
1777,118265,18,21,1.149410642e3,1.059199138e2
1778,118265,18,21,1.150616411e3,1.062064833e2
1779,118265,18,21,1.151821921e3,1.064934577e2
1780,118265,18,21,1.153027270e3,1.067808455e2
1781,118265,18,21,1.154232281e3,1.070686653e2
1782,118265,18,21,1.155436997e3,1.073569085e2
1783,118265,18,21,1.156641479e3,1.076455561e2
1784,118265,18,21,1.157845922e3,1.079346168e2
1785,118265,18,21,1.159050519e3,1.082241093e2
1786,118265,18,21,1.160255221e3,1.085140250e2
1787,118265,18,21,1.161459842e3,1.088043358e2
1788,118265,18,21,1.162664315e3,1.090950591e2
1789,118265,18,21,1.163868509e3,1.093862137e2
1790,118265,18,21,1.165072509e3,1.096777913e2
1791,118265,18,21,1.166276127e3,1.099697638e2
1792,118265,18,21,1.167479638e3,1.102621487e2
1793,118265,18,21,1.168683099e3,1.105549555e2
1794,118265,18,21,1.169886920e3,1.108481848e2
1795,118265,18,21,1.171090714e3,1.111418085e2
1796,118265,18,21,1.172294642e3,1.114358444e2
1797,118265,18,21,1.173498841e3,1.117303020e2
1798,118265,18,21,1.174703091e3,1.120251724e2
1799,118265,18,21,1.175907372e3,1.123204368e2
1800,118265,18,21,1.177111505e3,1.126161128e2
1801,118265,18,21,1.178315750e3,1.129122102e2
1802,118265,18,21,1.179520685e3,1.132087201e2
1803,118265,18,21,1.180726021e3,1.135056199e2
1804,118265,18,21,1.181930928e3,1.138029199e2
1805,118265,18,21,1.183135441e3,1.141006390e2
1806,118265,18,21,1.184338577e3,1.143987688e2
1807,118265,18,21,1.185541237e3,1.146972912e2
1808,118265,18,21,1.186744222e3,1.149962151e2
1809,118265,18,21,1.187948418e3,1.152955501e2
1810,118265,18,21,1.189153236e3,1.155952970e2
1811,118265,18,21,1.190357970e3,1.158954375e2
1812,118265,18,21,1.191562630e3,1.161959806e2
1813,118265,18,21,1.192767274e3,1.164969356e2
1814,118265,18,21,1.193971968e3,1.167983033e2
1815,118265,18,21,1.195176549e3,1.171000555e2
1816,118265,18,21,1.196380883e3,1.174022099e2
1817,118265,18,21,1.197584796e3,1.177047757e2
1818,118265,18,21,1.198788313e3,1.180077528e2
1819,118265,18,21,1.199991508e3,1.183111126e2
1820,118265,18,21,1.201194474e3,1.186148731e2
1821,118265,18,21,1.202397389e3,1.189190340e2
1822,118265,18,21,1.203600333e3,1.192236051e2
1823,118265,18,21,1.204803369e3,1.195285583e2
1824,118265,18,21,1.206006574e3,1.198339117e2
1825,118265,18,21,1.207209859e3,1.201396652e2
1826,118265,18,21,1.208413184e3,1.204458191e2
1827,118265,18,21,1.209616400e3,1.207523544e2
1828,118265,18,21,1.210819438e3,1.210592891e2
1829,118265,18,21,1.212022343e3,1.213666235e2
1830,118265,18,21,1.213225053e3,1.216743577e2
1831,118265,18,21,1.214427597e3,1.219824729e2
1832,118265,18,21,1.215630599e3,1.222909778e2
1833,118265,18,21,1.216830890e3,1.225998816e2
1834,118265,18,21,1.218031994e3,1.229091845e2
1835,118265,18,21,1.219235201e3,1.232188679e2
1836,118265,18,21,1.220438099e3,1.235289405e2
1837,118265,18,21,1.221640122e3,1.238394021e2
1838,118265,18,21,1.222841321e3,1.241502609e2
1839,118265,18,21,1.224042206e3,1.244614988e2
1840,118265,18,21,1.225242858e3,1.247731247e2
1841,118265,18,21,1.226443445e3,1.250851385e2
1842,118265,18,21,1.227643834e3,1.253975498e2
1843,118265,18,21,1.228844042e3,1.257103308e2
1844,118265,18,21,1.230044034e3,1.260234993e2
1845,118265,18,21,1.231243933e3,1.263370554e2
1846,118265,18,21,1.232443751e3,1.266510088e2
1847,118265,18,21,1.233643580e3,1.269653317e2
1848,118265,18,21,1.234843389e3,1.272800421e2
1849,118265,18,21,1.236043219e3,1.275951306e2
1850,118265,18,21,1.237242953e3,1.279106158e2
1851,118265,18,21,1.238442498e3,1.282264699e2
1852,118265,18,21,1.239641699e3,1.285427109e2
1853,118265,18,21,1.240840535e3,1.288593294e2
1854,118265,18,21,1.242039004e3,1.291763345e2
1855,118265,18,21,1.243237238e3,1.294937074e2
1856,118265,18,21,1.244435280e3,1.298114662e2
1857,118265,18,21,1.245633319e3,1.301296015e2
1858,118265,18,21,1.246831250e3,1.304481225e2
1859,118265,18,21,1.248029059e3,1.307670105e2
1860,118265,18,21,1.249226632e3,1.310862741e2
1861,118265,18,21,1.250424106e3,1.314059131e2
1862,118265,18,21,1.251621436e3,1.317259367e2
1863,118265,18,21,1.252818485e3,1.320463265e2
1864,118265,18,21,1.254015387e3,1.323670911e2
1865,118265,18,21,1.255212231e3,1.326882305e2
1866,118265,18,21,1.256409031e3,1.330097446e2
1867,118265,18,21,1.257606221e3,1.333316239e2
1868,118265,18,21,1.258803175e3,1.336538772e2
1869,118265,18,21,1.260000188e3,1.339765046e2
1870,118265,18,21,1.261197223e3,1.342995062e2
1871,118265,18,21,1.262394174e3,1.346228630e2
1872,118265,18,21,1.263590999e3,1.349465929e2
1873,118265,18,21,1.264787742e3,1.352706960e2
1874,118265,18,21,1.265984471e3,1.355951725e2
1875,118265,18,21,1.267181119e3,1.359200035e2
1876,118265,18,21,1.268377715e3,1.362452069e2
1877,118265,18,21,1.269574227e3,1.365707735e2
1878,118265,18,21,1.270770667e3,1.368967124e2
1879,118265,18,21,1.271966980e3,1.372230047e2
1880,118265,18,21,1.273163194e3,1.375496686e2
1881,118265,18,21,1.274359242e3,1.378766948e2
1882,118265,18,21,1.275555130e3,1.382040926e2
1883,118265,18,21,1.276750913e3,1.385318336e2
1884,118265,18,21,1.277946642e3,1.388599449e2
1885,118265,18,21,1.279142209e3,1.391884175e2
1886,118265,18,21,1.280337636e3,1.395172606e2
1887,118265,18,21,1.281532929e3,1.398464462e2
1888,118265,18,21,1.282728056e3,1.401759919e2
1889,118265,18,21,1.283923174e3,1.405058975e2
1890,118265,18,21,1.285118060e3,1.408361726e2
1891,118265,18,21,1.286312835e3,1.411667891e2
1892,118265,18,21,1.287507442e3,1.414977648e2
1893,118265,18,21,1.288701900e3,1.418290997e2
1894,118265,18,21,1.289896253e3,1.421607939e2
1895,118265,18,21,1.291090520e3,1.424928283e2
1896,118265,18,21,1.292284698e3,1.428252209e2
1897,118265,18,21,1.293478726e3,1.431579717e2
1898,118265,18,21,1.294672513e3,1.434910809e2
1899,118265,18,21,1.295866100e3,1.438245296e2
1900,118265,18,21,1.297059323e3,1.441583262e2
1901,118265,18,21,1.298252232e3,1.444924799e2
1902,118265,18,21,1.299444872e3,1.448269909e2
1903,118265,18,21,1.300637531e3,1.451618403e2
1904,118265,18,21,1.301830636e3,1.454970368e2
1905,118265,18,21,1.303024143e3,1.458325894e2
1906,118265,18,21,1.304217753e3,1.461684891e2
1907,118265,18,21,1.305411441e3,1.465047259e2
1908,118265,18,21,1.306604488e3,1.468413086e2
1909,118265,18,21,1.307796600e3,1.471782464e2
1910,118265,18,21,1.308988357e3,1.475155302e2
1911,118265,18,21,1.310180688e3,1.478531503e2
1912,118265,18,21,1.311373226e3,1.481911059e2
1913,118265,18,21,1.312566150e3,1.485294153e2
1914,118265,18,21,1.313758726e3,1.488680696e2
1915,118265,18,21,1.314951115e3,1.492070590e2
1916,118265,18,21,1.316143522e3,1.495463829e2
1917,118265,18,21,1.317336740e3,1.498860598e2
1918,118265,18,21,1.318529318e3,1.502260712e2
1919,118265,18,21,1.319721366e3,1.505664164e2
1920,118265,18,21,1.320913452e3,1.509070949e2
1921,118265,18,21,1.322105498e3,1.512481253e2
1922,118265,18,21,1.323297595e3,1.515894891e2
1923,118265,18,21,1.324489691e3,1.519311763e2
1924,118265,18,21,1.325681760e3,1.522731954e2
1925,118265,18,21,1.326873920e3,1.526155649e2
1926,118265,18,21,1.328066108e3,1.529582667e2
1927,118265,18,21,1.329258330e3,1.533012907e2
1928,118265,18,21,1.330450455e3,1.536446455e2
1929,118265,18,21,1.331642583e3,1.539883403e2
1930,118265,18,21,1.332834630e3,1.543323658e2
1931,118265,18,21,1.334026632e3,1.546767122e2
1932,118265,18,21,1.335218427e3,1.550213881e2
1933,118265,18,21,1.336410256e3,1.553664028e2
1934,118265,18,21,1.337602089e3,1.557117472e2
1935,118265,18,21,1.338793101e3,1.560574020e2
1936,118265,18,21,1.339983415e3,1.564033849e2
1937,118265,18,21,1.341173320e3,1.567497052e2
1938,118265,18,21,1.342362794e3,1.570963539e2
1939,118265,18,21,1.343551931e3,1.574433119e2
1940,118265,18,21,1.344740649e3,1.577905968e2
1941,118265,18,21,1.345929218e3,1.581382087e2
1942,118265,18,21,1.347117290e3,1.584861475e2
1943,118265,18,21,1.348305176e3,1.588343942e2
1944,118265,18,21,1.349493122e3,1.591829666e2
1945,118265,18,21,1.350681211e3,1.595318647e2
1946,118265,18,21,1.351869471e3,1.598810886e2
1947,118265,18,21,1.353057932e3,1.602306100e2
1948,118265,18,21,1.354246467e3,1.605804554e2
1949,118265,18,21,1.355435120e3,1.609306253e2
1950,118265,18,21,1.356623807e3,1.612811196e2
1951,118265,18,21,1.357812573e3,1.616319100e2
1952,118265,18,21,1.359001252e3,1.619830234e2
1953,118265,18,21,1.360189752e3,1.623344506e2
1954,118265,18,21,1.361378052e3,1.626862007e2
1955,118265,18,21,1.362565917e3,1.630382454e2
1956,118265,18,21,1.363753300e3,1.633906118e2
1957,118265,18,21,1.364940588e3,1.637432906e2
1958,118265,18,21,1.366127195e3,1.640962911e2
1959,118265,18,21,1.367313419e3,1.644495756e2
1960,118265,18,21,1.368499478e3,1.648031801e2
1961,118265,18,21,1.369685283e3,1.651570955e2
1962,118265,18,21,1.370870856e3,1.655113312e2
1963,118265,18,21,1.372056323e3,1.658658496e2
1964,118265,18,21,1.373241709e3,1.662206868e2
1965,118265,18,21,1.374426953e3,1.665758242e2
1966,118265,18,21,1.375612007e3,1.669312802e2
1967,118265,18,21,1.376796796e3,1.672870174e2
1968,118265,18,21,1.377981248e3,1.676430719e2
1969,118265,18,21,1.379165310e3,1.679994253e2
1970,118265,18,21,1.380349037e3,1.683560960e2
1971,118265,18,21,1.381532425e3,1.687130467e2
1972,118265,18,21,1.382715526e3,1.690703041e2
1973,118265,18,21,1.383898358e3,1.694278588e2
1974,118265,18,21,1.385081004e3,1.697857294e2
1975,118265,18,21,1.386263193e3,1.701438784e2
1976,118265,18,21,1.387445085e3,1.705023329e2
1977,118265,18,21,1.388626682e3,1.708610834e2
1978,118265,18,21,1.389808118e3,1.712201390e2
1979,118265,18,21,1.390989509e3,1.715794715e2
1980,118265,18,21,1.392171200e3,1.719391077e2
1981,118265,18,21,1.393352742e3,1.722990384e2
1982,118265,18,21,1.394534351e3,1.726592729e2
1983,118265,18,21,1.395716066e3,1.730197829e2
1984,118265,18,21,1.396897829e3,1.733805858e2
1985,118265,18,21,1.398079561e3,1.737416815e2
1986,118265,18,21,1.399261262e3,1.741030792e2
1987,118265,18,21,1.400442857e3,1.744647508e2
1988,118265,18,21,1.401624252e3,1.748267139e2
1989,118265,18,21,1.402805489e3,1.751889684e2
1990,118265,18,21,1.403986664e3,1.755515236e2
1991,118265,18,21,1.405167127e3,1.759143419e2
1992,118265,18,21,1.406347199e3,1.762774500e2
1993,118265,18,21,1.407526877e3,1.766408478e2
1994,118265,18,21,1.408706229e3,1.770045448e2
1995,118265,18,21,1.409885277e3,1.773685035e2
1996,118265,18,21,1.411064093e3,1.777327505e2
1997,118265,18,21,1.412242666e3,1.780972670e2
1998,118265,18,21,1.413421041e3,1.784620977e2
1999,118265,18,21,1.414599241e3,1.788272244e2
2000,118265,18,21,1.415777351e3,1.791926414e2
2001,118265,18,21,1.416955321e3,1.795583376e2
2002,118265,18,21,1.418133052e3,1.799243588e2
2003,118265,18,21,1.419310670e3,1.802906585e2
2004,118265,18,21,1.420488252e3,1.806572351e2
2005,118265,18,21,1.421665699e3,1.810240960e2
2006,118265,18,21,1.422842970e3,1.813912494e2
2007,118265,18,21,1.424020037e3,1.817586677e2
2008,118265,18,21,1.425196915e3,1.821263567e2
2009,118265,18,21,1.426373604e3,1.824943588e2
2010,118265,18,21,1.427550080e3,1.828626488e2
2011,118265,18,21,1.428726363e3,1.832311888e2
2012,118265,18,21,1.429902575e3,1.835999956e2
2013,118265,18,21,1.431079340e3,1.839690780e2
2014,118265,18,21,1.432256315e3,1.843384570e2
2015,118265,18,21,1.433433625e3,1.847080857e2
2016,118265,18,21,1.434611121e3,1.850780011e2
2017,118265,18,21,1.435788168e3,1.854482127e2
2018,118265,18,21,1.436964655e3,1.858187117e2
2019,118265,18,21,1.438139827e3,1.861894598e2
2020,118265,18,21,1.439314752e3,1.865604729e2
2021,118265,18,21,1.440490360e3,1.869317705e2
2022,118265,18,21,1.441666679e3,1.873033519e2
2023,118265,18,21,1.442842026e3,1.876751796e2
2024,118265,18,21,1.444017465e3,1.880472889e2
2025,118265,18,21,1.445192560e3,1.884196902e2
2026,118265,18,21,1.446367572e3,1.887923761e2
2027,118265,18,21,1.447542282e3,1.891653096e2
2028,118265,18,21,1.448717114e3,1.895385080e2
2029,118265,18,21,1.449891656e3,1.899119910e2
2030,118265,18,21,1.451066362e3,1.902857582e2
2031,118265,18,21,1.452241096e3,1.906597712e2
2032,118265,18,21,1.453415540e3,1.910340541e2
2033,118265,18,21,1.454589860e3,1.914086347e2
2034,118265,18,21,1.455763978e3,1.917834953e2
2035,118265,18,21,1.456937891e3,1.921585985e2
2036,118265,18,21,1.458111538e3,1.925339514e2
2037,118265,18,21,1.459284905e3,1.929095917e2
2038,118265,18,21,1.460458825e3,1.932855107e2
2039,118265,18,21,1.461632737e3,1.936616714e2
2040,118265,18,21,1.462805644e3,1.940380993e2
2041,118265,18,21,1.463978429e3,1.944148326e2
2042,118265,18,21,1.465151238e3,1.947918451e2
2043,118265,18,21,1.466323984e3,1.951690990e2
2044,118265,18,21,1.467496528e3,1.955466016e2
2045,118265,18,21,1.468668427e3,1.959243897e2
2046,118265,18,21,1.469839473e3,1.963024661e2
2047,118265,18,21,1.471009756e3,1.966807823e2
2048,118265,18,21,1.472179754e3,1.970593455e2
2049,118265,18,21,1.473349341e3,1.974382188e2
2050,118265,18,21,1.474519164e3,1.978173873e2
2051,118265,18,21,1.475689547e3,1.981967943e2
2052,118265,18,21,1.476859888e3,1.985764468e2
2053,118265,18,21,1.478030009e3,1.989563814e2
2054,118265,18,21,1.479199973e3,1.993366103e2
2055,118265,18,21,1.480369749e3,1.997170769e2
2056,118265,18,21,1.481539379e3,2.000977888e2
2057,118265,18,21,1.482709060e3,2.004788001e2
2058,118265,18,21,1.483878721e3,2.008601231e2
2059,118265,18,21,1.485048151e3,2.012416838e2
2060,118265,18,21,1.486217340e3,2.016234894e2
2061,118265,18,21,1.487386236e3,2.020055762e2
2062,118265,18,21,1.488554813e3,2.023879552e2
2063,118265,18,21,1.489723101e3,2.027705814e2
2064,118265,18,21,1.490891033e3,2.031534511e2
2065,118265,18,21,1.492058641e3,2.035366091e2
2066,118265,18,21,1.493225895e3,2.039200748e2
2067,118265,18,21,1.494392839e3,2.043037948e2
2068,118265,18,21,1.495559456e3,2.046877571e2
2069,118265,18,21,1.496725693e3,2.050719980e2
2070,118265,18,21,1.497891606e3,2.054565280e2
2071,118265,18,21,1.499057272e3,2.058413122e2
2072,118265,18,21,1.500222553e3,2.062263385e2
2073,118265,18,21,1.501387591e3,2.066116431e2
2074,118265,18,21,1.502552396e3,2.069972536e2
2075,118265,18,21,1.503716983e3,2.073831350e2
2076,118265,18,21,1.504881326e3,2.077692577e2
2077,118265,18,21,1.506045592e3,2.081556577e2
2078,118265,18,21,1.507209489e3,2.085423448e2
2079,118265,18,21,1.508373123e3,2.089292828e2
2080,118265,18,21,1.509536514e3,2.093164716e2
2081,118265,18,21,1.510699678e3,2.097039365e2
2082,118265,18,21,1.511862637e3,2.100916963e2
2083,118265,18,21,1.513025425e3,2.104797236e2
2084,118265,18,21,1.514188045e3,2.108680094e2
2085,118265,18,21,1.515350648e3,2.112565710e2
2086,118265,18,21,1.516513202e3,2.116454179e2
2087,118265,18,21,1.517675671e3,2.120345132e2
2088,118265,18,21,1.518837963e3,2.124238560e2
2089,118265,18,21,1.520000000e3,2.128134843e2
2090,118265,18,21,1.521161768e3,2.132033971e2
2091,118265,18,21,1.522323274e3,2.135935748e2
2092,118265,18,21,1.523484492e3,2.139840078e2
2093,118265,18,21,1.524645489e3,2.143747346e2
2094,118265,18,21,1.525806265e3,2.147657455e2
2095,118265,18,21,1.526966890e3,2.151570034e2
2096,118265,18,21,1.528127364e3,2.155485066e2
2097,118265,18,21,1.529287714e3,2.159403032e2
2098,118265,18,21,1.530447933e3,2.163323832e2
2099,118265,18,21,1.531608016e3,2.167247178e2
2100,118265,18,21,1.532767919e3,2.171173145e2
2101,118265,18,21,1.533927695e3,2.175102121e2
2102,118265,18,21,1.535087267e3,2.179033923e2
2103,118265,18,21,1.536246628e3,2.182968174e2
2104,118265,18,21,1.537405713e3,2.186904856e2
2105,118265,18,21,1.538564465e3,2.190844437e2
2106,118265,18,21,1.539722934e3,2.194786941e2
2107,118265,18,21,1.540881069e3,2.198731886e2
2108,118265,18,21,1.542038890e3,2.202679430e2
2109,118265,18,21,1.543196417e3,2.206629950e2
2110,118265,18,21,1.544353677e3,2.210583475e2
2111,118265,18,21,1.545510786e3,2.214539437e2
2112,118265,18,21,1.546667648e3,2.218497815e2
2113,118265,18,21,1.547824241e3,2.222459070e2
2114,118265,18,21,1.548980520e3,2.226423326e2
2115,118265,18,21,1.550136494e3,2.230390012e2
2116,118265,18,21,1.551292168e3,2.234359108e2
2117,118265,18,21,1.552447359e3,2.238331335e2
2118,118265,18,21,1.553602330e3,2.242306554e2
2119,118265,18,21,1.554757094e3,2.246284290e2
2120,118265,18,21,1.555911921e3,2.250264429e2
2121,118265,18,21,1.557066407e3,2.254247424e2
2122,118265,18,21,1.558220759e3,2.258233391e2
2123,118265,18,21,1.559374887e3,2.262221875e2
2124,118265,18,21,1.560528784e3,2.266212752e2
2125,118265,18,21,1.561682406e3,2.270206564e2
2126,118265,18,21,1.562835698e3,2.274203512e2
2127,118265,18,21,1.563988819e3,2.278202971e2
2128,118265,18,21,1.565141665e3,2.282204910e2
2129,118265,18,21,1.566291719e3,2.286209692e2
2130,118265,18,21,1.567448769e3,2.290217422e2
2131,118265,18,21,1.568602439e3,2.294227648e2
2132,118265,18,21,1.569755339e3,2.298240357e2
2133,118265,18,21,1.570908276e3,2.302255902e2
2134,118265,18,21,1.572061067e3,2.306274475e2
2135,118265,18,21,1.573213848e3,2.310295711e2
2136,118265,18,21,1.574366607e3,2.314319426e2
2137,118265,18,21,1.575519046e3,2.318346065e2
2138,118265,18,21,1.576670719e3,2.322375637e2
2139,118265,18,21,1.577821994e3,2.326407681e2
2140,118265,18,21,1.578972362e3,2.330442189e2
2141,118265,18,21,1.580122704e3,2.334479620e2
2142,118265,18,21,1.581273437e3,2.338519977e2
2143,118265,18,21,1.582424261e3,2.342563058e2
2144,118265,18,21,1.583575296e3,2.346608593e2
2145,118265,18,21,1.584726144e3,2.350657044e2
2146,118265,18,21,1.585877026e3,2.354708511e2
2147,118265,18,21,1.587027157e3,2.358762433e2
2148,118265,18,21,1.588176959e3,2.362818794e2
2149,118265,18,21,1.589326231e3,2.366878060e2
2150,118265,18,21,1.590475032e3,2.370940342e2
2151,118265,18,21,1.591623802e3,2.375005160e2
2152,118265,18,21,1.592772796e3,2.379072587e2
2153,118265,18,21,1.593921305e3,2.383142909e2
2154,118265,18,21,1.595069213e3,2.387216335e2
2155,118265,18,21,1.596216975e3,2.391292205e2
2156,118265,18,21,1.597364615e3,2.395370498e2
2157,118265,18,21,1.598511882e3,2.399451672e2
2158,118265,18,21,1.599658923e3,2.403535946e2
2159,118265,18,21,1.600806107e3,2.407622657e2
2160,118265,18,21,1.601952856e3,2.411711872e2
2161,118265,18,21,1.603099241e3,2.415804136e2
2162,118265,18,21,1.604245381e3,2.419899493e2
2163,118265,18,21,1.605391279e3,2.423997374e2
2164,118265,18,21,1.606536932e3,2.428097666e2
2165,118265,18,21,1.607682327e3,2.432200821e2
2166,118265,18,21,1.608827390e3,2.436307052e2
2167,118265,18,21,1.609972103e3,2.440415811e2
2168,118265,18,21,1.611116523e3,2.444526973e2
2169,118265,18,21,1.612260527e3,2.448641166e2
2170,118265,18,21,1.613404248e3,2.452758514e2
2171,118265,18,21,1.614547718e3,2.456878385e2
2172,118265,18,21,1.615691078e3,2.461000747e2
2173,118265,18,21,1.616834026e3,2.465125960e2
2174,118265,18,21,1.617976759e3,2.469254225e2
2175,118265,18,21,1.619119336e3,2.473385000e2
2176,118265,18,21,1.620261651e3,2.477518269e2
2177,118265,18,21,1.621403654e3,2.481654384e2
2178,118265,18,21,1.622545469e3,2.485793720e2
2179,118265,18,21,1.623686997e3,2.489935646e2
2180,118265,18,21,1.624828257e3,2.494080063e2
2181,118265,18,21,1.625969348e3,2.498227414e2
2182,118265,18,21,1.627110195e3,2.502377803e2
2183,118265,18,21,1.628250872e3,2.506530679e2
2184,118265,18,21,1.629391300e3,2.510686032e2
2185,118265,18,21,1.630531485e3,2.514844322e2
2186,118265,18,21,1.631671434e3,2.519005642e2
2187,118265,18,21,1.632811189e3,2.523169620e2
2188,118265,18,21,1.633950663e3,2.527336155e2
2189,118265,18,21,1.635089892e3,2.531505624e2
2190,118265,18,21,1.636228837e3,2.535678213e2
2191,118265,18,21,1.637367530e3,2.539853275e2
2192,118265,18,21,1.638506032e3,2.544030794e2
2193,118265,18,21,1.639644279e3,2.548211232e2
2194,118265,18,21,1.640782142e3,2.552394794e2
2195,118265,18,21,1.641919581e3,2.556580823e2
2196,118265,18,21,1.643056607e3,2.560769564e2
2197,118265,18,21,1.644193302e3,2.564961216e2
2198,118265,18,21,1.645329731e3,2.569155987e2
2199,118265,18,21,1.646465953e3,2.573353318e2
2200,118265,18,21,1.647602061e3,2.577553091e2
2201,118265,18,21,1.648737723e3,2.581755763e2
2202,118265,18,21,1.649873119e3,2.585961542e2
2203,118265,18,21,1.651008321e3,2.590169882e2
2204,118265,18,21,1.652143186e3,2.594380745e2
2205,118265,18,21,1.653277698e3,2.598594677e2
2206,118265,18,21,1.654411896e3,2.602811708e2
2207,118265,18,21,1.655545724e3,2.607031294e2
2208,118265,18,21,1.656679212e3,2.611253409e2
2209,118265,18,21,1.657812399e3,2.615478410e2
2210,118265,18,21,1.658945312e3,2.619706496e2
2211,118265,18,21,1.660077903e3,2.623937127e2
2212,118265,18,21,1.661210170e3,2.628170288e2
2213,118265,18,21,1.662342246e3,2.632406503e2
2214,118265,18,21,1.663474086e3,2.636645889e2
2215,118265,18,21,1.664605668e3,2.640887811e2
2216,118265,18,21,1.665736982e3,2.645132257e2
2217,118265,18,21,1.666868185e3,2.649379676e2
2218,118265,18,21,1.667999564e3,2.653630168e2
2219,118265,18,21,1.669130855e3,2.657883184e2
2220,118265,18,21,1.670261369e3,2.662138713e2
2221,118265,18,21,1.671391662e3,2.666397217e2
2222,118265,18,21,1.672521775e3,2.670658966e2
2223,118265,18,21,1.673651573e3,2.674923324e2
2224,118265,18,21,1.674781182e3,2.679190186e2
2225,118265,18,21,1.675910432e3,2.683460018e2
2226,118265,18,21,1.677039418e3,2.687733011e2
2227,118265,18,21,1.678168148e3,2.692008515e2
2228,118265,18,21,1.679296583e3,2.696286513e2
2229,118265,18,21,1.680424735e3,2.700567469e2
2230,118265,18,21,1.681552639e3,2.704851589e2
2231,118265,18,21,1.682680185e3,2.709138392e2
2232,118265,18,21,1.683807459e3,2.713427774e2
2233,118265,18,21,1.684934392e3,2.717720105e2
2234,118265,18,21,1.686061096e3,2.722015594e2
2235,118265,18,21,1.687187622e3,2.726313683e2
2236,118265,18,21,1.688313874e3,2.730614254e2
2237,118265,18,21,1.689439924e3,2.734917764e2
2238,118265,18,21,1.690565728e3,2.739224421e2
2239,118265,18,21,1.691691351e3,2.743533680e2
2240,118265,18,21,1.692816946e3,2.747845594e2
2241,118265,18,21,1.693942037e3,2.752160531e2
2242,118265,18,21,1.695066843e3,2.756478608e2
2243,118265,18,21,1.696191498e3,2.760799281e2
2244,118265,18,21,1.697315766e3,2.765122525e2
2245,118265,18,21,1.698439713e3,2.769448697e2
2246,118265,18,21,1.699563390e3,2.773777996e2
2247,118265,18,21,1.700687093e3,2.778109882e2
2248,118265,18,21,1.701810278e3,2.782444341e2
2249,118265,18,21,1.702933252e3,2.786781900e2
2250,118265,18,21,1.704056004e3,2.791122672e2
2251,118265,18,21,1.705178598e3,2.795466023e2
2252,118265,18,21,1.706301064e3,2.799811942e2
2253,118265,18,21,1.707423358e3,2.804160877e2
2254,118265,18,21,1.708545490e3,2.808512929e2
2255,118265,18,21,1.709667586e3,2.812867549e2
2256,118265,18,21,1.710789816e3,2.817224727e2
2257,118265,18,21,1.711912243e3,2.821584924e2
2258,118265,18,21,1.713034715e3,2.825948411e2
2259,118265,18,21,1.714156638e3,2.830314552e2
2260,118265,18,21,1.715278541e3,2.834683242e2
2261,118265,18,21,1.716400834e3,2.839054947e2
2262,118265,18,21,1.717522013e3,2.843429858e2
2263,118265,18,21,1.718642850e3,2.847807327e2
2264,118265,18,21,1.719763362e3,2.852187336e2
2265,118265,18,21,1.720883629e3,2.856570348e2
2266,118265,18,21,1.722003675e3,2.860956570e2
2267,118265,18,21,1.723122956e3,2.865345523e2
2268,118265,18,21,1.724241374e3,2.869737101e2
2269,118265,18,21,1.725359116e3,2.874131676e2
2270,118265,18,21,1.726476452e3,2.878529455e2
2271,118265,18,21,1.727593833e3,2.882929781e2
2272,118265,18,21,1.728711041e3,2.887332741e2
2273,118265,18,21,1.729827885e3,2.891738689e2
2274,118265,18,21,1.730944542e3,2.896147833e2
2275,118265,18,21,1.732061087e3,2.900559519e2
2276,118265,18,21,1.733177558e3,2.904974016e2
2277,118265,18,21,1.734294034e3,2.909391585e2
2278,118265,18,21,1.735410533e3,2.913812345e2
2279,118265,18,21,1.736527273e3,2.918235642e2
2280,118265,18,21,1.737643775e3,2.922661565e2
2281,118265,18,21,1.738759917e3,2.927090568e2
2282,118265,18,21,1.739875812e3,2.931522753e2
2283,118265,18,21,1.740991694e3,2.935957471e2
2284,118265,18,21,1.742106807e3,2.940394806e2
2285,118265,18,21,1.743221555e3,2.944835398e2
2286,118265,18,21,1.744335986e3,2.949279167e2
2287,118265,18,21,1.745449956e3,2.953725560e2
2288,118265,18,21,1.746563233e3,2.958174561e2
2289,118265,18,21,1.747675420e3,2.962626637e2
2290,118265,18,21,1.748787409e3,2.967081984e2
2291,118265,18,21,1.749898732e3,2.971539857e2
2292,118265,18,21,1.751009880e3,2.976000330e2
2293,118265,18,21,1.752120879e3,2.980463868e2
2294,118265,18,21,1.753231642e3,2.984930856e2
2295,118265,18,21,1.754342218e3,2.989400368e2
2296,118265,18,21,1.755452567e3,2.993872569e2
2297,118265,18,21,1.756562640e3,2.998347828e2
2298,118265,18,21,1.757672547e3,3.002826355e2
2299,118265,18,21,1.758782172e3,3.007307398e2
2300,118265,18,21,1.759891633e3,3.011791138e2
2301,118265,18,21,1.761000852e3,3.016277928e2
2302,118265,18,21,1.762109881e3,3.020767978e2
2303,118265,18,21,1.763218595e3,3.025260719e2
2304,118265,18,21,1.764326906e3,3.029756155e2
2305,118265,18,21,1.765435114e3,3.034254731e2
2306,118265,18,21,1.766542909e3,3.038756561e2
2307,118265,18,21,1.767650128e3,3.043260900e2
2308,118265,18,21,1.768756997e3,3.047767925e2
2309,118265,18,21,1.769863627e3,3.052278098e2
2310,118265,18,21,1.770968933e3,3.056791517e2
2311,118265,18,21,1.772075578e3,3.061307441e2
2312,118265,18,21,1.773181992e3,3.065826221e2
2313,118265,18,21,1.774287588e3,3.070348147e2
2314,118265,18,21,1.775392853e3,3.074873410e2
2315,118265,18,21,1.776497683e3,3.079401176e2
2316,118265,18,21,1.777602228e3,3.083931612e2
2317,118265,18,21,1.778706371e3,3.088465185e2
2318,118265,18,21,1.779810148e3,3.093002102e2
2319,118265,18,21,1.780913625e3,3.097541424e2
2320,118265,18,21,1.782016768e3,3.102083403e2
2321,118265,18,21,1.783119558e3,3.106628595e2
2322,118265,18,21,1.784221952e3,3.111177215e2
2323,118265,18,21,1.785324010e3,3.115728232e2
2324,118265,18,21,1.786425858e3,3.120281992e2
2325,118265,18,21,1.787527553e3,3.124838770e2
2326,118265,18,21,1.788629094e3,3.129398868e2
2327,118265,18,21,1.789730334e3,3.133961347e2
2328,118265,18,21,1.790831176e3,3.138526567e2
2329,118265,18,21,1.791931755e3,3.143094791e2
2330,118265,18,21,1.793032418e3,3.147666406e2
2331,118265,18,21,1.794133174e3,3.152240483e2
2332,118265,18,21,1.795233542e3,3.156817199e2
2333,118265,18,21,1.796333759e3,3.161396997e2
2334,118265,18,21,1.797434420e3,3.165980081e2
2335,118265,18,21,1.798534479e3,3.170565523e2
2336,118265,18,21,1.799634070e3,3.175153587e2
2337,118265,18,21,1.800733334e3,3.179744732e2
2338,118265,18,21,1.801832243e3,3.184339151e2
2339,118265,18,21,1.802930793e3,3.188936007e2
2340,118265,18,21,1.804029032e3,3.193535561e2
2341,118265,18,21,1.805126938e3,3.198138097e2
2342,118265,18,21,1.806224536e3,3.202743988e2
2343,118265,18,21,1.807321835e3,3.207352216e2
2344,118265,18,21,1.808418824e3,3.211963036e2
2345,118265,18,21,1.809515522e3,3.216576822e2
2346,118265,18,21,1.810611975e3,3.221193964e2
2347,118265,18,21,1.811708273e3,3.225813435e2
2348,118265,18,21,1.812804286e3,3.230435487e2
2349,118265,18,21,1.813899981e3,3.235060671e2
2350,118265,18,21,1.814995288e3,3.239689111e2
2351,118265,18,21,1.816090456e3,3.244319868e2
2352,118265,18,21,1.817185253e3,3.248953292e2
2353,118265,18,21,1.818279700e3,3.253589654e2
2354,118265,18,21,1.819373907e3,3.258229257e2
2355,118265,18,21,1.820467858e3,3.262871165e2
2356,118265,18,21,1.821561637e3,3.267515739e2
2357,118265,18,21,1.822655201e3,3.272163240e2
2358,118265,18,21,1.823748433e3,3.276814058e2
2359,118265,18,21,1.824841418e3,3.281467169e2
2360,118265,18,21,1.825934178e3,3.286122935e2
2361,118265,18,21,1.827026626e3,3.290781709e2
2362,118265,18,21,1.828118704e3,3.295443697e2
2363,118265,18,21,1.829210514e3,3.300107874e2
2364,118265,18,21,1.830302034e3,3.304774690e2
2365,118265,18,21,1.831393262e3,3.309444514e2
2366,118265,18,21,1.832484274e3,3.314117542e2
2367,118265,18,21,1.833574954e3,3.318792839e2
2368,118265,18,21,1.834665309e3,3.323470756e2
2369,118265,18,21,1.835755352e3,3.328151671e2
2370,118265,18,21,1.836844656e3,3.332835775e2
2371,118265,18,21,1.837933055e3,3.337522146e2
2372,118265,18,21,1.839020861e3,3.342211033e2
2373,118265,18,21,1.840108117e3,3.346902903e2
2374,118265,18,21,1.841194997e3,3.351597950e2
2375,118265,18,21,1.842281660e3,3.356295266e2
2376,118265,18,21,1.843368052e3,3.360995086e2
2377,118265,18,21,1.844454077e3,3.365697967e2
2378,118265,18,21,1.845539727e3,3.370404014e2
2379,118265,18,21,1.846624977e3,3.375112317e2
2380,118265,18,21,1.847709876e3,3.379823112e2
2381,118265,18,21,1.848794475e3,3.384536962e2
2382,118265,18,21,1.849878828e3,3.389253876e2
2383,118265,18,21,1.850962856e3,3.393973031e2
2384,118265,18,21,1.852046674e3,3.398694667e2
2385,118265,18,21,1.853130407e3,3.403419353e2
2386,118265,18,21,1.854213774e3,3.408147184e2
2387,118265,18,21,1.855296788e3,3.412877238e2
2388,118265,18,21,1.856379481e3,3.417609758e2
2389,118265,18,21,1.857461791e3,3.422345315e2
2390,118265,18,21,1.858543919e3,3.427084013e2
2391,118265,18,21,1.859625854e3,3.431824830e2
2392,118265,18,21,1.860707515e3,3.436568100e2
2393,118265,18,21,1.861788829e3,3.441314392e2
2394,118265,18,21,1.862869837e3,3.446063824e2
2395,118265,18,21,1.863950671e3,3.450815364e2
2396,118265,18,21,1.865031397e3,3.455569439e2
2397,118265,18,21,1.866111936e3,3.460326520e2
2398,118265,18,21,1.867192183e3,3.465086728e2
2399,118265,18,21,1.868272298e3,3.469849031e2
