frame,join,only_a,only_b,divL,divR
0,118283,0,0,0.000000000e0,0.000000000e0
1,118283,0,0,0.000000000e0,0.000000000e0
2,118283,0,0,0.000000000e0,0.000000000e0
3,118283,0,0,0.000000000e0,0.000000000e0
4,118283,0,0,0.000000000e0,0.000000000e0
5,118283,0,0,0.000000000e0,0.000000000e0
6,118283,0,0,0.000000000e0,0.000000000e0
7,118283,0,0,0.000000000e0,0.000000000e0
8,118283,0,0,0.000000000e0,0.000000000e0
9,118283,0,0,0.000000000e0,0.000000000e0
10,118283,0,0,0.000000000e0,0.000000000e0
11,118283,0,0,0.000000000e0,0.000000000e0
12,118283,0,0,0.000000000e0,0.000000000e0
13,118283,0,0,0.000000000e0,0.000000000e0
14,118283,0,0,0.000000000e0,0.000000000e0
15,118283,0,0,0.000000000e0,0.000000000e0
16,118283,0,0,0.000000000e0,0.000000000e0
17,118283,0,0,0.000000000e0,0.000000000e0
18,118283,0,0,0.000000000e0,0.000000000e0
19,118283,0,0,0.000000000e0,0.000000000e0
20,118283,0,0,0.000000000e0,0.000000000e0
21,118283,0,0,0.000000000e0,0.000000000e0
22,118283,0,0,0.000000000e0,0.000000000e0
23,118283,0,0,0.000000000e0,0.000000000e0
24,118283,0,0,0.000000000e0,0.000000000e0
25,118283,0,0,0.000000000e0,0.000000000e0
26,118283,0,0,0.000000000e0,0.000000000e0
27,118283,0,0,0.000000000e0,0.000000000e0
28,118283,0,0,0.000000000e0,0.000000000e0
29,118283,0,0,0.000000000e0,0.000000000e0
30,118283,0,0,0.000000000e0,0.000000000e0
31,118283,0,0,0.000000000e0,0.000000000e0
32,118283,0,0,0.000000000e0,0.000000000e0
33,118283,0,0,0.000000000e0,0.000000000e0
34,118283,0,0,0.000000000e0,0.000000000e0
35,118283,0,0,0.000000000e0,0.000000000e0
36,118283,0,0,0.000000000e0,0.000000000e0
37,118283,0,0,0.000000000e0,0.000000000e0
38,118283,0,0,0.000000000e0,0.000000000e0
39,118283,0,0,0.000000000e0,0.000000000e0
40,118283,0,0,0.000000000e0,0.000000000e0
41,118283,0,0,0.000000000e0,0.000000000e0
42,118283,0,0,0.000000000e0,0.000000000e0
43,118283,0,0,0.000000000e0,0.000000000e0
44,118283,0,0,0.000000000e0,0.000000000e0
45,118283,0,0,0.000000000e0,0.000000000e0
46,118283,0,0,0.000000000e0,0.000000000e0
47,118283,0,0,0.000000000e0,0.000000000e0
48,118283,0,0,0.000000000e0,0.000000000e0
49,118283,0,0,0.000000000e0,0.000000000e0
50,118283,0,0,0.000000000e0,0.000000000e0
51,118283,0,0,0.000000000e0,0.000000000e0
52,118283,0,0,0.000000000e0,0.000000000e0
53,118283,0,0,0.000000000e0,0.000000000e0
54,118283,0,0,0.000000000e0,0.000000000e0
55,118283,0,0,0.000000000e0,0.000000000e0
56,118283,0,0,0.000000000e0,0.000000000e0
57,118283,0,0,0.000000000e0,0.000000000e0
58,118283,0,0,0.000000000e0,0.000000000e0
59,118283,0,0,0.000000000e0,0.000000000e0
60,118283,0,0,0.000000000e0,0.000000000e0
61,118283,0,0,0.000000000e0,0.000000000e0
62,118283,0,0,0.000000000e0,0.000000000e0
63,118283,0,0,0.000000000e0,0.000000000e0
64,118283,0,0,0.000000000e0,0.000000000e0
65,118283,0,0,0.000000000e0,0.000000000e0
66,118283,0,0,0.000000000e0,0.000000000e0
67,118283,0,0,0.000000000e0,0.000000000e0
68,118283,0,0,0.000000000e0,0.000000000e0
69,118283,0,0,0.000000000e0,0.000000000e0
70,118283,0,0,0.000000000e0,0.000000000e0
71,118283,0,0,0.000000000e0,0.000000000e0
72,118283,0,0,0.000000000e0,0.000000000e0
73,118283,0,0,0.000000000e0,0.000000000e0
74,118283,0,0,0.000000000e0,0.000000000e0
75,118283,0,0,0.000000000e0,0.000000000e0
76,118283,0,0,0.000000000e0,0.000000000e0
77,118283,0,0,0.000000000e0,0.000000000e0
78,118283,0,0,0.000000000e0,0.000000000e0
79,118283,0,0,0.000000000e0,0.000000000e0
80,118283,0,0,0.000000000e0,0.000000000e0
81,118283,0,0,0.000000000e0,0.000000000e0
82,118283,0,0,0.000000000e0,0.000000000e0
83,118283,0,0,0.000000000e0,0.000000000e0
84,118283,0,0,0.000000000e0,0.000000000e0
85,118283,0,0,0.000000000e0,0.000000000e0
86,118283,0,0,0.000000000e0,0.000000000e0
87,118283,0,0,0.000000000e0,0.000000000e0
88,118283,0,0,0.000000000e0,0.000000000e0
89,118283,0,0,0.000000000e0,0.000000000e0
90,118283,0,0,0.000000000e0,0.000000000e0
91,118283,0,0,0.000000000e0,0.000000000e0
92,118283,0,0,0.000000000e0,0.000000000e0
93,118283,0,0,0.000000000e0,0.000000000e0
94,118283,0,0,0.000000000e0,0.000000000e0
95,118283,0,0,0.000000000e0,0.000000000e0
96,118283,0,0,0.000000000e0,0.000000000e0
97,118283,0,0,0.000000000e0,0.000000000e0
98,118283,0,0,0.000000000e0,0.000000000e0
99,118283,0,0,0.000000000e0,0.000000000e0
100,118283,0,0,0.000000000e0,0.000000000e0
101,118283,0,0,0.000000000e0,0.000000000e0
102,118283,0,0,0.000000000e0,0.000000000e0
103,118283,0,0,0.000000000e0,0.000000000e0
104,118283,0,0,0.000000000e0,0.000000000e0
105,118283,0,0,0.000000000e0,0.000000000e0
106,118283,0,0,0.000000000e0,0.000000000e0
107,118283,0,0,0.000000000e0,0.000000000e0
108,118283,0,0,0.000000000e0,0.000000000e0
109,118283,0,0,0.000000000e0,0.000000000e0
110,118283,0,0,0.000000000e0,0.000000000e0
111,118283,0,0,0.000000000e0,0.000000000e0
112,118283,0,0,0.000000000e0,0.000000000e0
113,118283,0,0,0.000000000e0,0.000000000e0
114,118283,0,0,0.000000000e0,0.000000000e0
115,118283,0,0,0.000000000e0,0.000000000e0
116,118283,0,0,0.000000000e0,0.000000000e0
117,118283,0,0,0.000000000e0,0.000000000e0
118,118283,0,0,0.000000000e0,0.000000000e0
119,118283,0,0,0.000000000e0,0.000000000e0
120,118283,0,0,0.000000000e0,0.000000000e0
121,118283,0,0,0.000000000e0,0.000000000e0
122,118283,0,0,0.000000000e0,0.000000000e0
123,118283,0,0,0.000000000e0,0.000000000e0
124,118283,0,0,0.000000000e0,0.000000000e0
125,118283,0,0,0.000000000e0,0.000000000e0
126,118283,0,0,0.000000000e0,0.000000000e0
127,118283,0,0,0.000000000e0,0.000000000e0
128,118283,0,0,0.000000000e0,0.000000000e0
129,118283,0,0,0.000000000e0,0.000000000e0
130,118283,0,0,0.000000000e0,0.000000000e0
131,118283,0,0,0.000000000e0,0.000000000e0
132,118283,0,0,0.000000000e0,0.000000000e0
133,118283,0,0,0.000000000e0,0.000000000e0
134,118283,0,0,0.000000000e0,0.000000000e0
135,118283,0,0,0.000000000e0,0.000000000e0
136,118283,0,0,0.000000000e0,0.000000000e0
137,118283,0,0,0.000000000e0,0.000000000e0
138,118283,0,0,0.000000000e0,0.000000000e0
139,118283,0,0,0.000000000e0,0.000000000e0
140,118283,0,0,0.000000000e0,0.000000000e0
141,118283,0,0,0.000000000e0,0.000000000e0
142,118283,0,0,0.000000000e0,0.000000000e0
143,118283,0,0,0.000000000e0,0.000000000e0
144,118283,0,0,0.000000000e0,0.000000000e0
145,118283,0,0,0.000000000e0,0.000000000e0
146,118283,0,0,0.000000000e0,0.000000000e0
147,118283,0,0,0.000000000e0,0.000000000e0
148,118283,0,0,0.000000000e0,0.000000000e0
149,118283,0,0,0.000000000e0,0.000000000e0
150,118283,0,0,0.000000000e0,0.000000000e0
151,118283,0,0,0.000000000e0,0.000000000e0
152,118283,0,0,0.000000000e0,0.000000000e0
153,118283,0,0,0.000000000e0,0.000000000e0
154,118283,0,0,0.000000000e0,0.000000000e0
155,118283,0,0,0.000000000e0,0.000000000e0
156,118283,0,0,0.000000000e0,0.000000000e0
157,118283,0,0,0.000000000e0,0.000000000e0
158,118283,0,0,0.000000000e0,0.000000000e0
159,118283,0,0,0.000000000e0,0.000000000e0
160,118283,0,0,0.000000000e0,0.000000000e0
161,118283,0,0,0.000000000e0,0.000000000e0
162,118283,0,0,0.000000000e0,0.000000000e0
163,118283,0,0,0.000000000e0,0.000000000e0
164,118283,0,0,0.000000000e0,0.000000000e0
165,118283,0,0,0.000000000e0,0.000000000e0
166,118283,0,0,0.000000000e0,0.000000000e0
167,118283,0,0,0.000000000e0,0.000000000e0
168,118283,0,0,0.000000000e0,0.000000000e0
169,118283,0,0,0.000000000e0,0.000000000e0
170,118283,0,0,0.000000000e0,0.000000000e0
171,118283,0,0,0.000000000e0,0.000000000e0
172,118283,0,0,0.000000000e0,0.000000000e0
173,118283,0,0,0.000000000e0,0.000000000e0
174,118283,0,0,0.000000000e0,0.000000000e0
175,118283,0,0,0.000000000e0,0.000000000e0
176,118283,0,0,0.000000000e0,0.000000000e0
177,118283,0,0,0.000000000e0,0.000000000e0
178,118283,0,0,0.000000000e0,0.000000000e0
179,118283,0,0,0.000000000e0,0.000000000e0
180,118283,0,0,0.000000000e0,0.000000000e0
181,118283,0,0,0.000000000e0,0.000000000e0
182,118283,0,0,0.000000000e0,0.000000000e0
183,118283,0,0,0.000000000e0,0.000000000e0
184,118283,0,0,0.000000000e0,0.000000000e0
185,118283,0,0,0.000000000e0,0.000000000e0
186,118283,0,0,0.000000000e0,0.000000000e0
187,118283,0,0,0.000000000e0,0.000000000e0
188,118283,0,0,0.000000000e0,0.000000000e0
189,118283,0,0,0.000000000e0,0.000000000e0
190,118283,0,0,0.000000000e0,0.000000000e0
191,118283,0,0,0.000000000e0,0.000000000e0
192,118283,0,0,0.000000000e0,0.000000000e0
193,118283,0,0,0.000000000e0,0.000000000e0
194,118283,0,0,0.000000000e0,0.000000000e0
195,118283,0,0,0.000000000e0,0.000000000e0
196,118283,0,0,0.000000000e0,0.000000000e0
197,118283,0,0,0.000000000e0,0.000000000e0
198,118283,0,0,0.000000000e0,0.000000000e0
199,118283,0,0,0.000000000e0,0.000000000e0
200,118283,0,0,0.000000000e0,0.000000000e0
201,118283,0,0,0.000000000e0,0.000000000e0
202,118283,0,0,0.000000000e0,0.000000000e0
203,118283,0,0,0.000000000e0,0.000000000e0
204,118283,0,0,0.000000000e0,0.000000000e0
205,118283,0,0,0.000000000e0,0.000000000e0
206,118283,0,0,0.000000000e0,0.000000000e0
207,118283,0,0,0.000000000e0,0.000000000e0
208,118283,0,0,0.000000000e0,0.000000000e0
209,118283,0,0,0.000000000e0,0.000000000e0
210,118283,0,0,0.000000000e0,0.000000000e0
211,118283,0,0,0.000000000e0,0.000000000e0
212,118283,0,0,0.000000000e0,0.000000000e0
213,118283,0,0,0.000000000e0,0.000000000e0
214,118283,0,0,0.000000000e0,0.000000000e0
215,118283,0,0,0.000000000e0,0.000000000e0
216,118283,0,0,0.000000000e0,0.000000000e0
217,118283,0,0,0.000000000e0,0.000000000e0
218,118283,0,0,0.000000000e0,0.000000000e0
219,118283,0,0,0.000000000e0,0.000000000e0
220,118283,0,0,0.000000000e0,0.000000000e0
221,118283,0,0,0.000000000e0,0.000000000e0
222,118283,0,0,0.000000000e0,0.000000000e0
223,118283,0,0,0.000000000e0,0.000000000e0
224,118283,0,0,0.000000000e0,0.000000000e0
225,118283,0,0,0.000000000e0,0.000000000e0
226,118283,0,0,0.000000000e0,0.000000000e0
227,118283,0,0,0.000000000e0,0.000000000e0
228,118283,0,0,0.000000000e0,0.000000000e0
229,118283,0,0,0.000000000e0,0.000000000e0
230,118283,0,0,0.000000000e0,0.000000000e0
231,118283,0,0,0.000000000e0,0.000000000e0
232,118283,0,0,0.000000000e0,0.000000000e0
233,118283,0,0,0.000000000e0,0.000000000e0
234,118283,0,0,0.000000000e0,0.000000000e0
235,118283,0,0,0.000000000e0,0.000000000e0
236,118283,0,0,0.000000000e0,0.000000000e0
237,118283,0,0,0.000000000e0,0.000000000e0
238,118283,0,0,0.000000000e0,0.000000000e0
239,118283,0,0,0.000000000e0,0.000000000e0
240,118266,17,17,1.551499730e0,1.784613399e-2
241,118266,17,17,1.574428590e0,1.774504381e-2
242,118266,17,17,1.825647624e0,1.746839766e-2
243,118266,17,17,2.029533588e0,1.721709815e-2
244,118266,17,17,2.239587823e0,1.691486315e-2
245,118266,17,17,2.455783352e0,1.673486359e-2
246,118266,17,17,2.669913789e0,1.662659890e-2
247,118266,17,17,2.880127388e0,1.652380307e-2
248,118266,17,17,3.098776986e0,1.636618354e-2
249,118266,17,17,3.316605959e0,1.622498244e-2
250,118266,17,17,3.532171034e0,1.593485776e-2
251,118266,17,17,3.740130310e0,1.580539468e-2
252,118266,17,17,3.963207806e0,1.568182448e-2
253,118266,17,17,4.171229284e0,1.556236814e-2
254,118266,17,17,4.392386325e0,1.564081123e-2
255,118266,17,17,4.592064369e0,1.569647666e-2
256,118266,17,17,4.801673092e0,1.551665062e-2
257,118266,17,17,5.021428944e0,1.547788335e-2
258,118266,17,17,5.211437015e0,1.529058380e-2
259,118266,17,17,5.409736737e0,1.518947336e-2
260,118266,17,17,5.615117314e0,1.510864955e-2
261,118266,17,17,5.829173733e0,1.501422082e-2
262,118266,17,17,6.051219589e0,1.491197294e-2
263,118266,17,17,6.281527340e0,1.477446572e-2
264,118266,17,17,6.473344624e0,1.427694609e-2
265,118266,17,17,6.669683952e0,1.421991782e-2
266,118266,17,17,6.870747283e0,1.392124941e-2
267,118266,17,17,7.077577947e0,1.360919247e-2
268,118266,17,17,7.289913409e0,1.279469491e-2
269,118266,17,17,7.507505234e0,1.290925177e-2
270,118266,17,17,7.730763855e0,1.246132084e-2
271,118266,17,17,7.960185650e0,1.233107781e-2
272,118266,17,17,8.195365431e0,1.218912879e-2
273,118266,17,17,8.375739305e0,1.198251857e-2
274,118266,17,17,8.560042763e0,1.193615516e-2
275,118266,17,17,8.747657618e0,1.187374691e-2
276,118266,17,17,8.938799125e0,1.173813802e-2
277,118266,17,17,9.127402365e0,1.158735059e-2
278,118266,17,17,9.322427203e0,1.169358156e-2
279,118266,17,17,9.520875307e0,1.169482420e-2
280,118266,17,17,9.725715579e0,1.172364189e-2
281,118266,17,17,9.927196390e0,1.175412502e-2
282,118266,17,17,1.013680335e1,1.164878380e-2
283,118266,17,17,1.034990558e1,1.154918154e-2
284,118266,17,17,1.056896899e1,1.161263451e-2
285,118266,17,17,1.079161193e1,1.150347853e-2
286,118266,17,17,1.101796312e1,1.155240643e-2
287,118266,17,17,1.124622247e1,1.165497719e-2
288,118266,17,17,1.148029478e1,1.186836952e-2
289,118266,17,17,1.171782827e1,1.205941197e-2
290,118266,17,17,1.195972305e1,1.185601458e-2
291,118266,17,17,1.220504264e1,1.202113379e-2
292,118266,17,17,1.245444086e1,1.196279066e-2
293,118266,17,17,1.262209541e1,1.189457367e-2
294,118266,17,17,1.279385031e1,1.186646862e-2
295,118266,17,17,1.296585939e1,1.180459458e-2
296,118266,17,17,1.313911188e1,1.172738148e-2
297,118266,17,17,1.331458965e1,1.154430549e-2
298,118266,17,17,1.349271370e1,1.144315345e-2
299,118266,17,17,1.367196957e1,1.125776138e-2
300,118266,17,17,1.385309175e1,1.107160723e-2
301,118266,17,17,1.403616574e1,1.106340069e-2
302,118266,17,17,1.422162795e1,1.112181521e-2
303,118266,17,17,1.440898466e1,1.092786309e-2
304,118266,17,17,1.459771969e1,1.096836851e-2
305,118266,17,17,1.478861645e1,1.107209058e-2
306,118266,17,17,1.498169238e1,1.097803881e-2
307,118266,17,17,1.517634400e1,1.091322717e-2
308,118266,17,17,1.537252468e1,1.065068072e-2
309,118266,17,17,1.557046300e1,1.039853729e-2
310,118266,17,17,1.577103557e1,1.040142564e-2
311,118266,17,17,1.597349672e1,1.048805610e-2
312,118266,17,17,1.617805501e1,1.051502143e-2
313,118266,17,17,1.638460908e1,1.050251752e-2
314,118266,17,17,1.659345109e1,1.045523602e-2
315,118266,17,17,1.680420828e1,1.042483463e-2
316,118266,17,17,1.701735659e1,1.038977177e-2
317,118266,17,17,1.723253807e1,1.033160886e-2
318,118266,17,17,1.744989802e1,1.033009906e-2
319,118266,17,17,1.766949009e1,1.027323359e-2
320,118266,17,17,1.789082696e1,1.019700541e-2
321,118266,17,17,1.811429188e1,1.010869536e-2
322,118266,17,17,1.834061488e1,1.007027377e-2
323,118266,17,17,1.857026817e1,1.006485044e-2
324,118266,17,17,1.880012785e1,1.005875550e-2
325,118266,17,17,1.903222135e1,1.005249268e-2
326,118266,17,17,1.926652466e1,1.003351882e-2
327,118266,17,17,1.950308438e1,1.002318928e-2
328,118266,17,17,1.974174373e1,1.001074199e-2
329,118266,17,17,1.998272301e1,1.000667253e-2
330,118266,17,17,2.022546278e1,1.000363045e-2
331,118266,17,17,2.047046977e1,1.000082503e-2
332,118266,17,17,2.071812184e1,1.000112709e-2
333,118266,17,17,2.096873490e1,9.999149300e-3
334,118266,17,17,2.122057224e1,9.999253855e-3
335,118266,17,17,2.147449893e1,9.998521435e-3
336,118266,17,17,2.172862372e1,9.998521435e-3
337,118266,17,17,2.198486369e1,9.998521435e-3
338,118266,17,17,2.224545492e1,9.998521435e-3
339,118266,17,17,2.250893969e1,9.998521435e-3
340,118266,17,17,2.277385095e1,9.998521435e-3
341,118266,17,17,2.304071998e1,9.998521435e-3
342,118266,17,17,2.331010701e1,9.998521435e-3
343,118266,17,17,2.358237907e1,9.998521435e-3
344,118266,17,17,2.385630143e1,9.998521435e-3
345,118266,17,17,2.399772812e1,9.998521435e-3
346,118266,17,17,2.413950373e1,9.998521435e-3
347,118266,17,17,2.428187299e1,9.998521435e-3
348,118266,17,17,2.442426447e1,9.998521435e-3
349,118266,17,17,2.456785334e1,9.998521435e-3
350,118266,17,17,2.471293897e1,9.998521435e-3
351,118266,17,17,2.485799218e1,9.998521435e-3
352,118266,17,17,2.500516641e1,9.998521435e-3
353,118266,17,17,2.515238901e1,9.998521435e-3
354,118266,17,17,2.529961350e1,9.998521435e-3
355,118266,17,17,2.544737359e1,9.998521435e-3
356,118266,17,17,2.559641437e1,9.998521435e-3
357,118266,17,17,2.574557342e1,9.998521435e-3
358,118266,17,17,2.589480422e1,9.998521435e-3
359,118266,17,17,2.604534198e1,9.998521435e-3
360,118266,17,17,2.619623383e1,9.998521435e-3
361,118266,17,17,2.634800800e1,9.998521435e-3
362,118266,17,17,2.650069954e1,9.998521435e-3
363,118266,17,17,2.665408082e1,9.998521435e-3
364,118266,17,17,2.680804170e1,9.998521435e-3
365,118266,17,17,2.696299612e1,9.998521435e-3
366,118266,17,17,2.711758352e1,9.998521435e-3
367,118266,17,17,2.727303174e1,9.998521435e-3
368,118266,17,17,2.742953680e1,9.998521435e-3
369,118266,17,17,2.758625889e1,9.998521435e-3
370,118266,17,17,2.774341495e1,9.998521435e-3
371,118266,17,17,2.790102164e1,9.998521435e-3
372,118266,17,17,2.805927228e1,9.998521435e-3
373,118266,17,17,2.821852154e1,9.998521435e-3
374,118266,17,17,2.837792006e1,9.998521435e-3
375,118266,17,17,2.853810221e1,9.998521435e-3
376,118266,17,17,2.869900890e1,9.998521435e-3
377,118266,17,17,2.886027476e1,9.998521435e-3
378,118266,17,17,2.902302451e1,9.998521435e-3
379,118266,17,17,2.918638997e1,9.998521435e-3
380,118266,17,17,2.934999087e1,9.998521435e-3
381,118266,17,17,2.951402388e1,9.998521435e-3
382,118266,17,17,2.967871997e1,9.998521435e-3
383,118266,17,17,2.984364897e1,9.998521435e-3
384,118266,17,17,3.000964875e1,9.998521435e-3
385,118266,17,17,3.017581664e1,9.998521435e-3
386,118266,17,17,3.034260403e1,9.998521435e-3
387,118266,17,17,3.050979895e1,9.998521435e-3
388,118266,17,17,3.067745914e1,9.998521435e-3
389,118266,17,17,3.084623390e1,9.998521435e-3
390,118266,17,17,3.101528233e1,9.998521435e-3
391,118266,17,17,3.118496473e1,9.998521435e-3
392,118266,17,17,3.135440567e1,9.998521435e-3
393,118266,17,17,3.152438159e1,9.998521435e-3
394,118266,17,17,3.169321564e1,9.998521435e-3
395,118266,17,17,3.186279690e1,9.998521435e-3
396,118266,17,17,3.203187998e1,9.998521435e-3
397,118266,17,17,3.220065023e1,9.998521435e-3
398,118266,17,17,3.236932169e1,9.998521435e-3
399,118266,17,17,3.253707961e1,9.998521435e-3
400,118266,17,17,3.270427592e1,9.998521435e-3
401,118266,17,17,3.287124968e1,9.998521435e-3
402,118266,17,17,3.303862250e1,9.998521435e-3
403,118266,17,17,3.320582261e1,9.998521435e-3
404,118266,17,17,3.337304955e1,9.998521435e-3
405,118266,17,17,3.354086707e1,9.998521435e-3
406,118266,17,17,3.370911549e1,9.998521435e-3
407,118266,17,17,3.387787978e1,9.998521435e-3
408,118266,17,17,3.404686509e1,9.998521435e-3
409,118266,17,17,3.421661928e1,9.998521435e-3
410,118266,17,17,3.438699950e1,9.998521435e-3
411,118266,17,17,3.455799222e1,9.998521435e-3
412,118266,17,17,3.472950990e1,9.998521435e-3
413,118266,17,17,3.490147342e1,9.998521435e-3
414,118266,17,17,3.507393243e1,9.998521435e-3
415,118266,17,17,3.524664490e1,9.998521435e-3
416,118266,17,17,3.542034857e1,9.998521435e-3
417,118266,17,17,3.559347157e1,9.998521435e-3
418,118266,17,17,3.576594193e1,9.998521435e-3
419,118266,17,17,3.593826563e1,9.998521435e-3
420,118266,17,17,3.611111067e1,9.998521435e-3
421,118266,17,17,3.628537601e1,9.998521435e-3
422,118266,17,17,3.646054645e1,9.998521435e-3
423,118266,17,17,3.663610889e1,9.998521435e-3
424,118266,17,17,3.681244364e1,9.998521435e-3
425,118266,17,17,3.698911096e1,9.998521435e-3
426,118266,17,17,3.716641639e1,9.998521435e-3
427,118266,17,17,3.734461619e1,9.998521435e-3
428,118266,17,17,3.752337256e1,9.998521435e-3
429,118266,17,17,3.770262139e1,9.998521435e-3
430,118266,17,17,3.788243268e1,9.998521435e-3
431,118266,17,17,3.806318152e1,9.998521435e-3
432,118266,17,17,3.824450949e1,9.998521435e-3
433,118266,17,17,3.842658514e1,9.998521435e-3
434,118266,17,17,3.860896763e1,9.998521435e-3
435,118266,17,17,3.879110357e1,9.998521435e-3
436,118266,17,17,3.897352970e1,9.998521435e-3
437,118266,17,17,3.915687760e1,9.998521435e-3
438,118266,17,17,3.934280399e1,9.998521435e-3
439,118266,17,17,3.952879731e1,9.998521435e-3
440,118266,17,17,3.971411843e1,9.998521435e-3
441,118266,17,17,3.990209328e1,9.998521435e-3
442,118266,17,17,4.009071883e1,9.998521435e-3
443,118266,17,17,4.027976067e1,9.998521435e-3
444,118266,17,17,4.046943508e1,9.998521435e-3
445,118266,17,17,4.065964265e1,9.998521435e-3
446,118266,17,17,4.085005093e1,9.998521435e-3
447,118266,17,17,4.103899536e1,9.998521435e-3
448,118266,17,17,4.122860674e1,9.998521435e-3
449,118266,17,17,4.141982080e1,9.998521435e-3
450,118266,17,17,4.161135145e1,9.998521435e-3
451,118266,17,17,4.180344263e1,9.998521435e-3
452,118266,17,17,4.199605721e1,9.998521435e-3
453,118266,17,17,4.218964376e1,9.998521435e-3
454,118266,17,17,4.238234335e1,9.998521435e-3
455,118266,17,17,4.257587523e1,9.998521435e-3
456,118266,17,17,4.277183265e1,9.998521435e-3
457,118266,17,17,4.296821046e1,9.998521435e-3
458,118266,17,17,4.316359958e1,9.998521435e-3
459,118266,17,17,4.336020721e1,9.998521435e-3
460,118266,17,17,4.355802391e1,9.998521435e-3
461,118266,17,17,4.375552020e1,9.998521435e-3
462,118266,17,17,4.395583051e1,9.998521435e-3
463,118266,17,17,4.415435453e1,9.998521435e-3
464,118266,17,17,4.435507454e1,9.998521435e-3
465,118266,17,17,4.455528698e1,9.998521435e-3
466,118266,17,17,4.475734275e1,9.998521435e-3
467,118266,17,17,4.495880677e1,9.998521435e-3
468,118266,17,17,4.516087864e1,9.998521435e-3
469,118266,17,17,4.536435700e1,9.998521435e-3
470,118266,17,17,4.556972990e1,9.998521435e-3
471,118266,17,17,4.577564715e1,9.998521435e-3
472,118266,17,17,4.598269784e1,9.998521435e-3
473,118266,17,17,4.618911247e1,9.998521435e-3
474,118266,17,17,4.639668404e1,9.998521435e-3
475,118266,17,17,4.660475178e1,9.998521435e-3
476,118266,17,17,4.681347814e1,9.998521435e-3
477,118266,17,17,4.702303300e1,9.998521435e-3
478,118266,17,17,4.723298884e1,9.998521435e-3
479,118266,17,17,4.744366496e1,9.998521435e-3
480,118266,17,17,4.765535555e1,9.998521435e-3
481,118266,17,17,4.786786908e1,9.998521435e-3
482,118266,17,17,4.808105577e1,9.998521435e-3
483,118266,17,17,4.829390845e1,9.998521435e-3
484,118266,17,17,4.850753162e1,9.998521435e-3
485,118266,17,17,4.872246221e1,9.998521435e-3
486,118266,17,17,4.893803172e1,9.998521435e-3
487,118266,17,17,4.915411137e1,9.998521435e-3
488,118266,17,17,4.937151142e1,9.998521435e-3
489,118266,17,17,4.958899915e1,9.998521435e-3
490,118266,17,17,4.980622739e1,9.998521435e-3
491,118266,17,17,5.002492779e1,9.998521435e-3
492,118266,17,17,5.024424223e1,9.998521435e-3
493,118266,17,17,5.046478382e1,9.998521435e-3
494,118266,17,17,5.068618985e1,9.998521435e-3
495,118266,17,17,5.090832962e1,9.998521435e-3
496,118266,17,17,5.113045095e1,9.998521435e-3
497,118266,17,17,5.135401967e1,9.998521435e-3
498,118266,17,17,5.157847270e1,9.998521435e-3
499,118266,17,17,5.180360743e1,9.998521435e-3
500,118266,17,17,5.202977353e1,9.998521435e-3
501,118266,17,17,5.225654908e1,9.998521435e-3
502,118266,17,17,5.248324515e1,9.998521435e-3
503,118266,17,17,5.271156642e1,9.998521435e-3
504,118266,17,17,5.294072347e1,9.998521435e-3
505,118266,17,17,5.317157992e1,9.998521435e-3
506,118266,17,17,5.340278325e1,9.998521435e-3
507,118266,17,17,5.363490370e1,9.998521435e-3
508,118266,17,17,5.386821691e1,9.998521435e-3
509,118266,17,17,5.410207956e1,9.998521435e-3
510,118266,17,17,5.433652547e1,9.998521435e-3
511,118266,17,17,5.457206351e1,9.998521435e-3
512,118266,17,17,5.480826395e1,9.998521435e-3
513,118266,17,17,5.504516052e1,9.998521435e-3
514,118266,17,17,5.528302953e1,9.998521435e-3
515,118266,17,17,5.552199965e1,9.998521435e-3
516,118266,17,17,5.576259737e1,9.998521435e-3
517,118266,17,17,5.600397184e1,9.998521435e-3
518,118266,17,17,5.624633411e1,9.998521435e-3
519,118266,17,17,5.648958076e1,9.998521435e-3
520,118266,17,17,5.673304200e1,9.998521435e-3
521,118266,17,17,5.697777306e1,9.998521435e-3
522,118266,17,17,5.722317724e1,9.998521435e-3
523,118266,17,17,5.746888203e1,9.998521435e-3
524,118266,17,17,5.771532025e1,9.998521435e-3
525,118266,17,17,5.796278660e1,9.998521435e-3
526,118266,17,17,5.821088629e1,9.998521435e-3
527,118266,17,17,5.846012555e1,9.998521435e-3
528,118266,17,17,5.871051199e1,9.998521435e-3
529,118266,17,17,5.896187069e1,9.998521435e-3
530,118266,17,17,5.921387873e1,9.998521435e-3
531,118266,17,17,5.946588852e1,9.998521435e-3
532,118266,17,17,5.971913146e1,9.998521435e-3
533,118266,17,17,5.997304495e1,9.998521435e-3
534,118266,17,17,6.022766492e1,9.998521435e-3
535,118266,17,17,6.048330714e1,9.998521435e-3
536,118266,17,17,6.074045172e1,9.998521435e-3
537,118266,17,17,6.099838982e1,9.998521435e-3
538,118266,17,17,6.125713301e1,9.998521435e-3
539,118266,17,17,6.151635499e1,9.998521435e-3
540,118266,17,17,6.177590991e1,9.998521435e-3
541,118266,17,17,6.203593925e1,9.998521435e-3
542,118266,17,17,6.229633120e1,9.998521435e-3
543,118266,17,17,6.255758033e1,9.998521435e-3
544,118266,17,17,6.281893406e1,9.998521435e-3
545,118266,17,17,6.308083604e1,9.998521435e-3
546,118266,17,17,6.334377842e1,9.998521435e-3
547,118266,17,17,6.360842414e1,9.998521435e-3
548,118266,17,17,6.387442705e1,9.998521435e-3
549,118266,17,17,6.414131522e1,9.998521435e-3
550,118266,17,17,6.440951203e1,9.998521435e-3
551,118266,17,17,6.467972725e1,9.998521435e-3
552,118266,17,17,6.495140889e1,9.998521435e-3
553,118266,17,17,6.522447003e1,9.998521435e-3
554,118266,17,17,6.549936311e1,9.998521435e-3
555,118266,17,17,6.577623814e1,9.998521435e-3
556,118266,17,17,6.605381162e1,9.998521435e-3
557,118266,17,17,6.633194140e1,9.998521435e-3
558,118266,17,17,6.661117216e1,9.998521435e-3
559,118266,17,17,6.689001575e1,9.998521435e-3
560,118266,17,17,6.716959252e1,9.998521435e-3
561,118266,17,17,6.744926988e1,9.998521435e-3
562,118266,17,17,6.772991105e1,9.998521435e-3
563,118266,17,17,6.801070227e1,9.998521435e-3
564,118266,17,17,6.829248227e1,9.998521435e-3
565,118266,17,17,6.857666155e1,9.998521435e-3
566,118266,17,17,6.886179245e1,9.998521435e-3
567,118266,17,17,6.914747599e1,9.998521435e-3
568,118266,17,17,6.943340211e1,9.998521435e-3
569,118266,17,17,6.971959564e1,9.998521435e-3
570,118266,17,17,7.000666407e1,9.998521435e-3
571,118266,17,17,7.029454902e1,9.998521435e-3
572,118266,17,17,7.058477554e1,9.998521435e-3
573,118266,17,17,7.087650943e1,9.998521435e-3
574,118266,17,17,7.116853352e1,9.998521435e-3
575,118266,17,17,7.146229310e1,9.998521435e-3
576,118266,17,17,7.175678692e1,9.998521435e-3
577,118266,17,17,7.205116010e1,9.998521435e-3
578,118266,17,17,7.234581224e1,9.998521435e-3
579,118266,17,17,7.264136010e1,9.998521435e-3
580,118266,17,17,7.293770373e1,9.998521435e-3
581,118266,17,17,7.323349677e1,9.998521435e-3
582,118266,17,17,7.353258822e1,9.998521435e-3
583,118266,17,17,7.383170687e1,9.998521435e-3
584,118266,17,17,7.413217509e1,9.998521435e-3
585,118266,17,17,7.443340258e1,9.998521435e-3
586,118266,17,17,7.473475194e1,9.998521435e-3
587,118266,17,17,7.503604044e1,9.998521435e-3
588,118266,17,17,7.533905168e1,9.998521435e-3
589,118266,17,17,7.564389488e1,9.998521435e-3
590,118266,17,17,7.595029894e1,9.998521435e-3
591,118266,17,17,7.625637765e1,9.998521435e-3
592,118266,17,17,7.656370915e1,9.998521435e-3
593,118266,17,17,7.687071672e1,9.998521435e-3
594,118266,17,17,7.717988801e1,9.998521435e-3
595,118266,17,17,7.749000492e1,9.998521435e-3
596,118266,17,17,7.780199242e1,9.998521435e-3
597,118266,17,17,7.811345895e1,9.998521435e-3
598,118266,17,17,7.842409342e1,9.998521435e-3
599,118266,17,17,7.873881014e1,9.998521435e-3
600,118266,17,17,7.905284168e1,9.998521435e-3
601,118266,17,17,7.936701501e1,9.998521435e-3
602,118266,17,17,7.968289866e1,9.998521435e-3
603,118266,17,17,8.000035433e1,9.998521435e-3
604,118266,17,17,8.031668976e1,9.998521435e-3
605,118266,17,17,8.063435895e1,9.998521435e-3
606,118266,17,17,8.095165953e1,9.998521435e-3
607,118266,17,17,8.127128293e1,9.998521435e-3
608,118266,17,17,8.159033321e1,9.998521435e-3
609,118266,17,17,8.191070353e1,9.998521435e-3
610,118266,17,17,8.223148637e1,9.998521435e-3
611,118266,17,17,8.255264166e1,9.998521435e-3
612,118266,17,17,8.287573215e1,9.998521435e-3
613,118266,17,17,8.319802957e1,9.998521435e-3
614,118266,17,17,8.352219896e1,9.998521435e-3
615,118266,17,17,8.384576710e1,9.998521435e-3
616,118266,17,17,8.417164980e1,9.998521435e-3
617,118266,17,17,8.449801917e1,9.998521435e-3
618,118266,17,17,8.482797931e1,9.998521435e-3
619,118266,17,17,8.515640612e1,9.998521435e-3
620,118266,17,17,8.548777110e1,9.998521435e-3
621,118266,17,17,8.581960569e1,9.998521435e-3
622,118266,17,17,8.615249680e1,9.998521435e-3
623,118266,17,17,8.648588299e1,9.998521435e-3
624,118266,17,17,8.682028100e1,9.998521435e-3
625,118266,17,17,8.715646030e1,9.998521435e-3
626,118266,17,17,8.749201248e1,9.998521435e-3
627,118266,17,17,8.783058194e1,9.998521435e-3
628,118266,17,17,8.817090414e1,9.998521435e-3
629,118266,17,17,8.851126280e1,9.998521435e-3
630,118266,17,17,8.885112881e1,9.998521435e-3
631,118266,17,17,8.919309428e1,9.998521435e-3
632,118266,17,17,8.953502842e1,9.998521435e-3
633,118266,17,17,8.987466310e1,9.998521435e-3
634,118266,17,17,9.021886928e1,9.998521435e-3
635,118266,17,17,9.056272795e1,9.998521435e-3
636,118266,17,17,9.090883145e1,9.998521435e-3
637,118266,17,17,9.125491359e1,9.998521435e-3
638,118266,17,17,9.160420912e1,9.998521435e-3
639,118266,17,17,9.195054918e1,9.998521435e-3
640,118266,17,17,9.230083672e1,9.998521435e-3
641,118266,17,17,9.264906462e1,9.998521435e-3
642,118266,17,17,9.300323315e1,9.998521435e-3
643,118266,17,17,9.335577813e1,9.998521435e-3
644,118266,17,17,9.371084407e1,9.998521435e-3
645,118266,17,17,9.406454321e1,9.998521435e-3
646,118266,17,17,9.442054317e1,9.998521435e-3
647,118266,17,17,9.477665055e1,9.998521435e-3
648,118266,17,17,9.513379034e1,9.998521435e-3
649,118266,17,17,9.549122584e1,9.998521435e-3
650,118266,17,17,9.584916658e1,9.998521435e-3
651,118266,17,17,9.620698871e1,9.998521435e-3
652,118266,17,17,9.656614894e1,9.998521435e-3
653,118266,17,17,9.692736736e1,9.998521435e-3
654,118266,17,17,9.729077613e1,9.998521435e-3
655,118266,17,17,9.765486265e1,9.998521435e-3
656,118266,17,17,9.801851257e1,9.998521435e-3
657,118266,17,17,9.838409954e1,9.998521435e-3
658,118266,17,17,9.874931781e1,9.998521435e-3
659,118266,17,17,9.911600605e1,9.998521435e-3
660,118266,17,17,9.948608672e1,9.998521435e-3
661,118266,17,17,9.985716998e1,9.998521435e-3
662,118266,17,17,1.002281174e2,9.998521435e-3
663,118266,17,17,1.006024777e2,9.998521435e-3
664,118266,17,17,1.009767705e2,9.998521435e-3
665,118266,17,17,1.013490591e2,9.998521435e-3
666,118266,17,17,1.017220487e2,9.998521435e-3
667,118266,17,17,1.020970944e2,9.998521435e-3
668,118266,17,17,1.024747561e2,9.998521435e-3
669,118266,17,17,1.028507437e2,9.998521435e-3
670,118266,17,17,1.032278901e2,9.998521435e-3
671,118266,17,17,1.036051027e2,9.998521435e-3
672,118266,17,17,1.039849954e2,9.998521435e-3
673,118266,17,17,1.043679138e2,9.998521435e-3
674,118266,17,17,1.047503901e2,9.998521435e-3
675,118266,17,17,1.051340210e2,9.998521435e-3
676,118266,17,17,1.055181445e2,9.998521435e-3
677,118266,17,17,1.059035803e2,9.998521435e-3
678,118266,17,17,1.062886121e2,9.998521435e-3
679,118266,17,17,1.066768763e2,9.998521435e-3
680,118266,17,17,1.070658900e2,9.998521435e-3
681,118266,17,17,1.074575564e2,9.998521435e-3
682,118266,17,17,1.078494526e2,9.998521435e-3
683,118266,17,17,1.082424087e2,9.998521435e-3
684,118266,17,17,1.086350981e2,9.998521435e-3
685,118266,17,17,1.090274931e2,9.998521435e-3
686,118266,17,17,1.094220978e2,9.998521435e-3
687,118266,17,17,1.098186358e2,9.998521435e-3
688,118266,17,17,1.102167518e2,9.998521435e-3
689,118266,17,17,1.106163883e2,9.998521435e-3
690,118266,17,17,1.110167000e2,9.998521435e-3
691,118266,17,17,1.114187061e2,9.998521435e-3
692,118266,17,17,1.118212270e2,9.998521435e-3
693,118266,17,17,1.122258530e2,9.998521435e-3
694,118266,17,17,1.126301715e2,9.998521435e-3
695,118266,17,17,1.130355704e2,9.998521435e-3
696,118266,17,17,1.134405270e2,9.998521435e-3
697,118266,17,17,1.138456031e2,9.998521435e-3
698,118266,17,17,1.142526263e2,9.998521435e-3
699,118266,17,17,1.146616947e2,9.998521435e-3
700,118266,17,17,1.150722065e2,9.998521435e-3
701,118266,17,17,1.154822864e2,9.998521435e-3
702,118266,17,17,1.158924230e2,9.998521435e-3
703,118266,17,17,1.163030874e2,9.998521435e-3
704,118266,17,17,1.167154097e2,9.998521435e-3
705,118266,17,17,1.171298742e2,9.998521435e-3
706,118266,17,17,1.175454198e2,9.998521435e-3
707,118266,17,17,1.179626851e2,9.998521435e-3
708,118266,17,17,1.183788512e2,9.998521435e-3
709,118266,17,17,1.187951369e2,9.998521435e-3
710,118266,17,17,1.192125696e2,9.998521435e-3
711,118266,17,17,1.196314180e2,9.998521435e-3
712,118266,17,17,1.200517398e2,9.998521435e-3
713,118266,17,17,1.204731632e2,9.998521435e-3
714,118266,17,17,1.208960092e2,9.998521435e-3
715,118266,17,17,1.213215285e2,9.998521435e-3
716,118266,17,17,1.217477583e2,9.998521435e-3
717,118266,17,17,1.221760264e2,9.998521435e-3
718,118266,17,17,1.226056888e2,9.998521435e-3
719,118266,17,17,1.230344550e2,9.998521435e-3
720,118266,17,17,1.234630431e2,9.998521435e-3
721,118266,17,17,1.238926424e2,9.998521435e-3
722,118266,17,17,1.243244226e2,9.998521435e-3
723,118266,17,17,1.247599501e2,9.998521435e-3
724,118266,17,17,1.251963566e2,9.998521435e-3
725,118266,17,17,1.256333468e2,9.998521435e-3
726,118266,17,17,1.260710965e2,9.998521435e-3
727,118266,17,17,1.265100236e2,9.998521435e-3
728,118266,17,17,1.269506446e2,9.998521435e-3
729,118266,17,17,1.273928843e2,9.998521435e-3
730,118266,17,17,1.278357711e2,9.998521435e-3
731,118266,17,17,1.282799327e2,9.998521435e-3
732,118266,17,17,1.287249452e2,9.998521435e-3
733,118266,17,17,1.291713708e2,9.998521435e-3
734,118266,17,17,1.296193003e2,9.998521435e-3
735,118266,17,17,1.300688047e2,9.998521435e-3
736,118266,17,17,1.305183560e2,9.998521435e-3
737,118266,17,17,1.309683141e2,9.998521435e-3
738,118266,17,17,1.314198181e2,9.998521435e-3
739,118266,17,17,1.318731002e2,9.998521435e-3
740,118266,17,17,1.323287660e2,9.998521435e-3
741,118266,17,17,1.327853659e2,9.998521435e-3
742,118266,17,17,1.332430133e2,9.998521435e-3
743,118266,17,17,1.337023264e2,9.998521435e-3
744,118266,17,17,1.341632302e2,9.998521435e-3
745,118266,17,17,1.346259555e2,9.998521435e-3
746,118266,17,17,1.350886189e2,9.998521435e-3
747,118266,17,17,1.355522751e2,9.998521435e-3
748,118266,17,17,1.360173260e2,9.998521435e-3
749,118266,17,17,1.364832743e2,9.998521435e-3
750,118266,17,17,1.369498108e2,9.998521435e-3
751,118266,17,17,1.374173028e2,9.998521435e-3
752,118266,17,17,1.378868371e2,9.998521435e-3
753,118266,17,17,1.383582444e2,9.998521435e-3
754,118266,17,17,1.388306503e2,9.998521435e-3
755,118266,17,17,1.393044231e2,9.998521435e-3
756,118266,17,17,1.397790375e2,9.998521435e-3
757,118266,17,17,1.402537882e2,9.998521435e-3
758,118266,17,17,1.407300058e2,9.998521435e-3
759,118266,17,17,1.412041016e2,9.998521435e-3
760,118266,17,17,1.416787216e2,9.998521435e-3
761,118266,17,17,1.421544753e2,9.998521435e-3
762,118266,17,17,1.426322503e2,9.998521435e-3
763,118266,17,17,1.431108217e2,9.998521435e-3
764,118266,17,17,1.435918310e2,9.998521435e-3
765,118266,17,17,1.440752702e2,9.998521435e-3
766,118266,17,17,1.445616163e2,9.998521435e-3
767,118266,17,17,1.450495568e2,9.998521435e-3
768,118266,17,17,1.455390514e2,9.998521435e-3
769,118266,17,17,1.460295220e2,9.998521435e-3
770,118266,17,17,1.465221338e2,9.998521435e-3
771,118266,17,17,1.470151872e2,9.998521435e-3
772,118266,17,17,1.475082033e2,9.998521435e-3
773,118266,17,17,1.480038414e2,9.998521435e-3
774,118266,17,17,1.485019160e2,9.998521435e-3
775,118266,17,17,1.490022431e2,9.998521435e-3
776,118266,17,17,1.495037499e2,9.998521435e-3
777,118266,17,17,1.500066131e2,9.998521435e-3
778,118266,17,17,1.505092836e2,9.998521435e-3
779,118266,17,17,1.510102207e2,9.998521435e-3
780,118266,17,17,1.515114007e2,9.998521435e-3
781,118266,17,17,1.520134642e2,9.998521435e-3
782,118266,17,17,1.525157057e2,9.998521435e-3
783,118266,17,17,1.530191767e2,9.998521435e-3
784,118266,17,17,1.535244342e2,9.998521435e-3
785,118266,17,17,1.540340812e2,9.998521435e-3
786,118266,17,17,1.545451485e2,9.998521435e-3
787,118266,17,17,1.550573680e2,9.998521435e-3
788,118266,17,17,1.555699799e2,9.998521435e-3
789,118266,17,17,1.560828039e2,9.998521435e-3
790,118266,17,17,1.565971053e2,9.998521435e-3
791,118266,17,17,1.571130019e2,9.998521435e-3
792,118266,17,17,1.576330018e2,9.998521435e-3
793,118266,17,17,1.581530245e2,9.998521435e-3
794,118266,17,17,1.586732459e2,9.998521435e-3
795,118266,17,17,1.591948733e2,9.998521435e-3
796,118266,17,17,1.597186235e2,9.998521435e-3
797,118266,17,17,1.602427886e2,9.998521435e-3
798,118266,17,17,1.607674652e2,9.998521435e-3
799,118266,17,17,1.612946240e2,9.998521435e-3
800,118266,17,17,1.618227211e2,9.998521435e-3
801,118266,17,17,1.623527216e2,9.998521435e-3
802,118266,17,17,1.628863199e2,9.998521435e-3
803,118266,17,17,1.634221088e2,9.998521435e-3
804,118266,17,17,1.639591342e2,9.998521435e-3
805,118266,17,17,1.644961144e2,9.998521435e-3
806,118266,17,17,1.650336266e2,9.998521435e-3
807,118266,17,17,1.655726396e2,9.998521435e-3
808,118266,17,17,1.661129137e2,9.998521435e-3
809,118266,17,17,1.666546061e2,9.998521435e-3
810,118266,17,17,1.671964365e2,9.998521435e-3
811,118266,17,17,1.677395450e2,9.998521435e-3
812,118266,17,17,1.682853284e2,9.998521435e-3
813,118266,17,17,1.688320496e2,9.998521435e-3
814,118266,17,17,1.693791962e2,9.998521435e-3
815,118266,17,17,1.699263369e2,9.998521435e-3
816,118266,17,17,1.704732506e2,9.998521435e-3
817,118266,17,17,1.710202811e2,9.998521435e-3
818,118266,17,17,1.715677010e2,9.998521435e-3
819,118266,17,17,1.721171921e2,9.998521435e-3
820,118266,17,17,1.726686406e2,9.998521435e-3
821,118266,17,17,1.732211131e2,9.998521435e-3
822,118266,17,17,1.737740550e2,9.998521435e-3
823,118266,17,17,1.743271545e2,9.998521435e-3
824,118266,17,17,1.748805068e2,9.998521435e-3
825,118266,17,17,1.754345834e2,9.998521435e-3
826,118266,17,17,1.759895913e2,9.998521435e-3
827,118266,17,17,1.765458331e2,9.998521435e-3
828,118266,17,17,1.771028930e2,9.998521435e-3
829,118266,17,17,1.776606120e2,9.998521435e-3
830,118266,17,17,1.782186710e2,9.998521435e-3
831,118266,17,17,1.787770664e2,9.998521435e-3
832,118266,17,17,1.793357838e2,9.998521435e-3
833,118266,17,17,1.798966030e2,9.998521435e-3
834,118266,17,17,1.804580500e2,9.998521435e-3
835,118266,17,17,1.810212490e2,9.998521435e-3
836,118266,17,17,1.815855671e2,9.998521435e-3
837,118266,17,17,1.821509607e2,9.998521435e-3
838,118266,17,17,1.827181491e2,9.998521435e-3
839,118266,17,17,1.832860712e2,9.998521435e-3
840,118266,17,17,1.838556693e2,9.998521435e-3
841,118266,17,17,1.844266354e2,9.998521435e-3
842,118266,17,17,1.849990752e2,9.998521435e-3
843,118266,17,17,1.855726505e2,9.998521435e-3
844,118266,17,17,1.861477895e2,9.998521435e-3
845,118266,17,17,1.867241797e2,9.998521435e-3
846,118266,17,17,1.873010072e2,9.998521435e-3
847,118266,17,17,1.878780821e2,9.998521435e-3
848,118266,17,17,1.884552704e2,9.998521435e-3
849,118266,17,17,1.890333136e2,9.998521435e-3
850,118266,17,17,1.896123989e2,9.998521435e-3
851,118266,17,17,1.901912610e2,9.998521435e-3
852,118266,17,17,1.907720779e2,1.000904886e-2
853,118266,17,17,1.913546708e2,1.001915936e-2
854,118266,17,17,1.919382522e2,1.002862456e-2
855,118266,17,17,1.925225779e2,1.003728314e-2
856,118266,17,17,1.931082572e2,1.004501430e-2
857,118266,17,17,1.936948830e2,1.007145409e-2
858,118266,17,17,1.942825476e2,1.009743468e-2
859,118266,17,17,1.948717858e2,1.012268346e-2
860,118266,17,17,1.954622064e2,1.014713491e-2
861,118266,17,17,1.960534320e2,1.018017105e-2
862,118266,17,17,1.966455870e2,1.022238588e-2
863,118266,17,17,1.972388415e2,1.027493130e-2
864,118266,17,17,1.978333043e2,1.032719826e-2
865,118266,17,17,1.984285413e2,1.038852647e-2
866,118266,17,17,1.990248972e2,1.045893097e-2
867,118266,17,17,1.996225183e2,1.052880987e-2
868,118266,17,17,2.002216620e2,1.061709869e-2
869,118266,17,17,2.008221732e2,1.071350511e-2
870,118266,17,17,2.014232765e2,1.081800789e-2
871,118266,17,17,2.020234216e2,1.092082508e-2
872,118266,17,17,2.026232175e2,1.103053319e-2
873,118266,17,17,2.032225306e2,1.115652231e-2
874,118266,17,17,2.038226934e2,1.129980297e-2
875,118266,17,17,2.044259929e2,1.144020952e-2
876,118266,17,17,2.050322943e2,1.158658994e-2
877,118266,17,17,2.056399140e2,1.174810285e-2
878,118266,17,17,2.062483622e2,1.191551836e-2
879,118266,17,17,2.068570988e2,1.209871096e-2
880,118266,17,17,2.074664695e2,1.228728797e-2
881,118266,17,17,2.080766887e2,1.249073793e-2
882,118266,17,17,2.086880375e2,1.269988785e-2
883,118266,17,17,2.093002999e2,1.291440082e-2
884,118266,17,17,2.099135024e2,1.314361935e-2
885,118266,17,17,2.105277356e2,1.339795305e-2
886,118266,17,17,2.111429011e2,1.365770717e-2
887,118266,17,17,2.117592399e2,1.392269781e-2
888,118266,17,17,2.123766998e2,1.420187084e-2
889,118266,17,17,2.129955520e2,1.449526197e-2
890,118266,17,17,2.136150530e2,1.481305495e-2
891,118266,17,17,2.142348682e2,1.513564131e-2
892,118266,17,17,2.148553630e2,1.547224243e-2
893,118266,17,17,2.154765720e2,1.582291318e-2
894,118266,17,17,2.160981641e2,1.618766709e-2
895,118266,17,17,2.167205398e2,1.656670106e-2
896,118266,17,17,2.173437313e2,1.697015562e-2
897,118266,17,17,2.179680933e2,1.738763074e-2
898,118266,17,17,2.185937305e2,1.781942885e-2
899,118266,17,17,2.192193050e2,1.826544798e-2
900,118266,17,17,2.198449360e2,1.872557752e-2
901,118266,17,17,2.204718413e2,1.921933068e-2
902,118266,17,17,2.211005639e2,1.972756741e-2
903,118266,17,17,2.217305403e2,2.025042061e-2
904,118266,17,17,2.223625612e2,2.078778896e-2
905,118266,17,17,2.229950833e2,2.134897275e-2
906,118266,17,17,2.236283131e2,2.193448006e-2
907,118266,17,17,2.242619788e2,2.254517397e-2
908,118266,17,17,2.248964919e2,2.317031021e-2
909,118266,17,17,2.255318650e2,2.381934239e-2
910,118266,17,17,2.261680424e2,2.449248523e-2
911,118266,17,17,2.268060480e2,2.518032367e-2
912,118266,17,17,2.274453293e2,2.590190882e-2
913,118266,17,17,2.280855285e2,2.664725729e-2
914,118266,17,17,2.287272494e2,2.741668754e-2
915,118266,17,17,2.293704034e2,2.820090681e-2
916,118266,17,17,2.300152198e2,2.900881683e-2
917,118266,17,17,2.306617831e2,2.985011023e-2
918,118266,17,17,2.313095299e2,3.072588949e-2
919,118266,17,17,2.319583549e2,3.161625741e-2
920,118266,17,17,2.326078618e2,3.253029124e-2
921,118266,17,17,2.332581996e2,3.347741518e-2
922,118266,17,17,2.339092761e2,3.444853797e-2
923,118266,17,17,2.345612740e2,3.544376264e-2
924,118266,17,17,2.352143860e2,3.647323305e-2
925,118266,17,17,2.358686901e2,3.753602945e-2
926,118266,17,17,2.365244164e2,3.862302086e-2
927,118266,17,17,2.371815827e2,3.973383987e-2
928,118266,17,17,2.378399968e2,4.086810134e-2
929,118266,17,17,2.384998213e2,4.205466944e-2
930,118266,17,17,2.391612949e2,4.326525780e-2
931,118266,17,17,2.398249013e2,4.449961351e-2
932,118266,17,17,2.404898742e2,4.575749317e-2
933,118266,17,17,2.411561144e2,4.705750255e-2
934,118266,17,17,2.418235945e2,4.839113596e-2
935,118266,17,17,2.424923329e2,4.975921930e-2
936,118266,17,17,2.431623272e2,5.115080948e-2
937,118266,17,17,2.438332569e2,5.258458565e-2
938,118266,17,17,2.445053361e2,5.405178808e-2
939,118266,17,17,2.451775249e2,5.554288845e-2
940,118266,17,17,2.458505751e2,5.707688558e-2
941,118266,17,17,2.465240528e2,5.865315623e-2
942,118266,17,17,2.471984155e2,6.026284663e-2
943,118266,17,17,2.478738446e2,6.189657776e-2
944,118266,17,17,2.485503940e2,6.356315644e-2
945,118266,17,17,2.492282102e2,6.528172093e-2
946,118266,17,17,2.499073811e2,6.704432765e-2
947,118266,17,17,2.505880978e2,6.883094430e-2
948,118266,17,17,2.512699152e2,7.065031638e-2
949,118266,17,17,2.519527184e2,7.252138417e-2
950,118266,17,17,2.526368000e2,7.442609799e-2
951,118266,17,17,2.533220843e2,7.636442013e-2
952,118266,17,17,2.540083455e2,7.834628613e-2
953,118266,17,17,2.546955874e2,8.038002285e-2
954,118266,17,17,2.553838904e2,8.244760890e-2
955,118266,17,17,2.560730900e2,8.454861440e-2
956,118266,17,17,2.567638345e2,8.668253062e-2
957,118266,17,17,2.574557501e2,8.888754168e-2
958,118266,17,17,2.581499710e2,9.112633797e-2
959,118266,17,17,2.588454556e2,9.339839762e-2
960,118266,17,17,2.595417523e2,9.570355350e-2
961,118266,17,17,2.602396779e2,9.806980715e-2
962,118266,17,17,2.609386480e2,1.004796246e-1
963,118266,17,17,2.616389352e2,1.029335648e-1
964,118266,17,17,2.623397916e2,1.054206816e-1
965,118266,17,17,2.630424799e2,1.079688915e-1
966,118266,17,17,2.637468961e2,1.105605821e-1
967,118266,17,17,2.644519313e2,1.131861083e-1
968,118266,17,17,2.651580780e2,1.158545294e-1
969,118266,17,17,2.658653669e2,1.185950426e-1
970,118266,17,17,2.665728844e2,1.213792689e-1
971,118266,17,17,2.672797216e2,1.241976809e-1
972,118266,17,17,2.679864232e2,1.270588746e-1
973,118266,17,17,2.686939908e2,1.299815621e-1
974,118266,17,17,2.694027309e2,1.329672837e-1
975,118266,17,17,2.701124971e2,1.359871984e-1
976,118266,17,17,2.708231024e2,1.390497263e-1
977,118266,17,17,2.715345629e2,1.421739157e-1
978,118266,17,17,2.722473599e2,1.453511318e-1
979,118266,17,17,2.729614581e2,1.485722932e-1
980,118266,17,17,2.736764576e2,1.518469727e-1
981,118266,17,17,2.743939441e2,1.551834453e-1
982,118266,17,17,2.751130147e2,1.585728339e-1
983,118266,17,17,2.758329481e2,1.620060814e-1
984,118266,17,17,2.765544448e2,1.654826476e-1
985,118266,17,17,2.772770397e2,1.690308042e-1
986,118266,17,17,2.780006848e2,1.726430161e-1
987,118266,17,17,2.787253664e2,1.762993427e-1
988,118266,17,17,2.794509949e2,1.799994189e-1
989,118266,17,17,2.801771508e2,1.837710624e-1
990,118266,17,17,2.809040766e2,1.875963578e-1
991,118266,17,17,2.816318805e2,1.914852064e-1
992,118266,17,17,2.823604549e2,1.954178805e-1
993,118266,17,17,2.830897837e2,1.994219529e-1
994,118266,17,17,2.838203529e2,2.034798622e-1
995,118266,17,17,2.845521671e2,2.075914530e-1
996,118266,17,17,2.852847380e2,2.117567346e-1
997,118266,17,17,2.860183778e2,2.160044052e-1
998,118266,17,17,2.867531802e2,2.203061715e-1
999,118266,17,17,2.874890266e2,2.246615432e-1
1000,118266,17,17,2.882261562e2,2.290704907e-1
1001,118266,17,17,2.889643755e2,2.335517833e-1
1002,118266,17,17,2.897039568e2,2.380970214e-1
1003,118266,17,17,2.904447655e2,2.427069725e-1
1004,118266,17,17,2.911868675e2,2.473708124e-1
1005,118266,17,17,2.919299372e2,2.521072630e-1
1006,118266,17,17,2.926735995e2,2.569076783e-1
1007,118266,17,17,2.934182431e2,2.617625787e-1
1008,118266,17,17,2.941646202e2,2.666811930e-1
1009,118266,17,17,2.949114172e2,2.716832781e-1
1010,118266,17,17,2.956587900e2,2.767495170e-1
1011,118266,17,17,2.964069124e2,2.818704769e-1
1012,118266,17,17,2.971557110e2,2.870551286e-1
1013,118266,17,17,2.979052654e2,2.923128885e-1
1014,118266,17,17,2.986559438e2,2.976445924e-1
1015,118266,17,17,2.994075812e2,3.030420756e-1
1016,118266,17,17,3.001604463e2,3.085035705e-1
1017,118266,17,17,3.009143432e2,3.140384558e-1
1018,118266,17,17,3.016693425e2,3.196473296e-1
1019,118266,17,17,3.024254632e2,3.253115442e-1
1020,118266,17,17,3.031829830e2,3.310593405e-1
1021,118266,17,17,3.039423030e2,3.368810605e-1
1022,118266,17,17,3.047030157e2,3.427768281e-1
1023,118266,17,17,3.054654477e2,3.487280959e-1
1024,118266,17,17,3.062290153e2,3.547532069e-1
1025,118266,17,17,3.069938616e2,3.608621983e-1
1026,118266,17,17,3.077596404e2,3.670563550e-1
1027,118266,17,17,3.085259443e2,3.733066795e-1
1028,118266,17,17,3.092932693e2,3.796309606e-1
1029,118266,17,17,3.100614334e2,3.860389042e-1
1030,118266,17,17,3.108306343e2,3.925220482e-1
1031,118266,17,17,3.116007914e2,3.990713645e-1
1032,118266,17,17,3.123719641e2,4.057057723e-1
1033,118266,17,17,3.131443604e2,4.124245502e-1
1034,118266,17,17,3.139180324e2,4.192187157e-1
1035,118266,17,17,3.146928647e2,4.260790207e-1
1036,118266,17,17,3.154689136e2,4.330143515e-1
1037,118266,17,17,3.162446484e2,4.400439703e-1
1038,118266,17,17,3.170197629e2,4.471600071e-1
1039,118266,17,17,3.177949096e2,4.543424918e-1
1040,118266,17,17,3.185710833e2,4.616000656e-1
1041,118266,17,17,3.193480751e2,4.689518316e-1
1042,118266,17,17,3.201270515e2,4.763799629e-1
1043,118266,17,17,3.209060088e2,4.838845121e-1
1044,118266,17,17,3.216862901e2,4.914752965e-1
1045,118266,17,17,3.224675362e2,4.991607544e-1
1046,118266,17,17,3.232498030e2,5.069227327e-1
1047,118266,17,17,3.240330610e2,5.147611775e-1
1048,118266,17,17,3.248173158e2,5.226758621e-1
1049,118266,17,17,3.256025724e2,5.306952692e-1
1050,118266,17,17,3.263888893e2,5.388024059e-1
1051,118266,17,17,3.271764334e2,5.469865460e-1
1052,118266,17,17,3.279651353e2,5.552472419e-1
1053,118266,17,17,3.287547048e2,5.636126880e-1
1054,118266,17,17,3.295453339e2,5.720558842e-1
1055,118266,17,17,3.303371472e2,5.805861311e-1
1056,118266,17,17,3.311300449e2,5.892040414e-1
1057,118266,17,17,3.319236563e2,5.979273218e-1
1058,118266,17,17,3.327183112e2,6.067286709e-1
1059,118266,17,17,3.335136499e2,6.156170224e-1
1060,118266,17,17,3.343098201e2,6.245830432e-1
1061,118266,17,17,3.351064062e2,6.336644323e-1
1062,118266,17,17,3.359038292e2,6.428349367e-1
1063,118266,17,17,3.367018191e2,6.520931528e-1
1064,118266,17,17,3.375008318e2,6.614293523e-1
1065,118266,17,17,3.383005303e2,6.708808821e-1
1066,118266,17,17,3.391011142e2,6.804115404e-1
1067,118266,17,17,3.399026770e2,6.900399034e-1
1068,118266,17,17,3.407052853e2,6.997573304e-1
1069,118266,17,17,3.415089243e2,7.095908639e-1
1070,118266,17,17,3.423137885e2,7.195039310e-1
1071,118266,17,17,3.431198887e2,7.295147196e-1
1072,118266,17,17,3.439269959e2,7.396046272e-1
1073,118266,17,17,3.447352376e2,7.498206761e-1
1074,118266,17,17,3.455444748e2,7.601273718e-1
1075,118266,17,17,3.463547347e2,7.705325835e-1
1076,118266,17,17,3.471658311e2,7.810173710e-1
1077,118266,17,17,3.479776024e2,7.916283329e-1
1078,118266,17,17,3.487901939e2,8.023200035e-1
1079,118266,17,17,3.496038086e2,8.131202650e-1
1080,118266,17,17,3.504186858e2,8.240012576e-1
1081,118266,17,17,3.512347733e2,8.350201705e-1
1082,118266,17,17,3.520523925e2,8.461205769e-1
1083,118266,17,17,3.528711540e2,8.573297633e-1
1084,118266,17,17,3.536910971e2,8.686198331e-1
1085,118266,17,17,3.545120151e2,8.800372590e-1
1086,118266,17,17,3.553340335e2,8.915462409e-1
1087,118266,17,17,3.561570555e2,9.031751517e-1
1088,118266,17,17,3.569811664e2,9.148856433e-1
1089,118266,17,17,3.578061475e2,9.267238607e-1
1090,118266,17,17,3.586316289e2,9.386535947e-1
1091,118266,17,17,3.594580889e2,9.506932378e-1
1092,118266,17,17,3.602854261e2,9.628245904e-1
1093,118266,17,17,3.611136388e2,9.750947988e-1
1094,118266,17,17,3.619423208e2,9.874572980e-1
1095,118266,17,17,3.627719160e2,9.999301663e-1
1096,118266,17,17,3.636025044e2,1.012494873e0
1097,118266,17,17,3.644337225e2,1.025188709e0
1098,118266,17,17,3.652656607e2,1.037985055e0
1099,118266,17,17,3.660985886e2,1.050893058e0
1100,118266,17,17,3.669322978e2,1.063904642e0
1101,118266,17,17,3.677684121e2,1.077046242e0
1102,118266,17,17,3.686060556e2,1.090290736e0
1103,118266,17,17,3.694427074e2,1.103647256e0
1104,118266,17,17,3.702801340e2,1.117097009e0
1105,118266,17,17,3.711184618e2,1.130686861e0
1106,118266,17,17,3.719579341e2,1.144390625e0
1107,118266,17,17,3.727984466e2,1.158207113e0
1108,118266,17,17,3.736400825e2,1.172117266e0
1109,118266,17,17,3.744819377e2,1.186167595e0
1110,118266,17,17,3.753236924e2,1.200321995e0
1111,118266,17,17,3.761653414e2,1.214599243e0
1112,118266,17,17,3.770079636e2,1.228971348e0
1113,118266,17,17,3.778516647e2,1.243495194e0
1114,118266,17,17,3.786966336e2,1.258123971e0
1115,118266,17,17,3.795426029e2,1.272875978e0
1116,118266,17,17,3.803894602e2,1.287723246e0
1117,118266,17,17,3.812370208e2,1.302712064e0
1118,118266,17,17,3.820853612e2,1.317815995e0
1119,118266,17,17,3.829344188e2,1.333044273e0
1120,118266,17,17,3.837841482e2,1.348379522e0
1121,118266,17,17,3.846332385e2,1.363857187e0
1122,118266,17,17,3.854858405e2,1.379450352e0
1123,118266,17,17,3.863379576e2,1.395168296e0
1124,118266,17,17,3.871909875e2,1.410982887e0
1125,118266,17,17,3.880447945e2,1.426950048e0
1126,118266,17,17,3.888995784e2,1.443033760e0
1127,118266,17,17,3.897551087e2,1.459253949e0
1128,118266,17,17,3.906115027e2,1.475571644e0
1129,118266,17,17,3.914688546e2,1.492042316e0
1130,118266,17,17,3.923272945e2,1.508630000e0
1131,118266,17,17,3.931867323e2,1.525343846e0
1132,118266,17,17,3.940483907e2,1.542165367e0
1133,118266,17,17,3.949097392e2,1.559140925e0
1134,118266,17,17,3.957720238e2,1.576245165e0
1135,118266,17,17,3.966351982e2,1.593476467e0
1136,118266,17,17,3.974991813e2,1.610815900e0
1137,118266,17,17,3.983639543e2,1.628309888e0
1138,118266,17,17,3.992295816e2,1.645922342e0
1139,118266,17,17,4.000962291e2,1.663672069e0
1140,118266,17,17,4.009637053e2,1.681531035e0
1141,118266,17,17,4.018320776e2,1.699545821e0
1142,118266,17,17,4.027017331e2,1.717680568e0
1143,118266,17,17,4.035724562e2,1.735954084e0
1144,118266,17,17,4.044441773e2,1.754338757e0
1145,118266,17,17,4.053170144e2,1.772881209e0
1146,118266,17,17,4.061908481e2,1.791545413e0
1147,118266,17,17,4.070659596e2,1.810349818e0
1148,118266,17,17,4.079422832e2,1.829266464e0
1149,118266,17,17,4.088199377e2,1.848341637e0
1150,118266,17,17,4.096989184e2,1.867539108e0
1151,118266,17,17,4.105789155e2,1.886877268e0
1152,118266,17,17,4.114599826e2,1.906328207e0
1153,118266,17,17,4.123417674e2,1.925938291e0
1154,118266,17,17,4.132244593e2,1.945671373e0
1155,118266,17,17,4.141079212e2,1.965545922e0
1156,118266,17,17,4.149921974e2,1.985534091e0
1157,118266,17,17,4.158774091e2,2.005682314e0
1158,118266,17,17,4.167632100e2,2.025954507e0
1159,118266,17,17,4.176496890e2,2.046369205e0
1160,118266,17,17,4.185369092e2,2.066898616e0
1161,118266,17,17,4.194245597e2,2.087589215e0
1162,118266,17,17,4.203129851e2,2.108404952e0
1163,118266,17,17,4.212023518e2,2.129364382e0
1164,118266,17,17,4.220926378e2,2.150439720e0
1165,118266,17,17,4.229840419e2,2.171677436e0
1166,118266,17,17,4.238759048e2,2.193041466e0
1167,118266,17,17,4.247685850e2,2.214550342e0
1168,118266,17,17,4.256620168e2,2.236176251e0
1169,118266,17,17,4.265562192e2,2.257965632e0
1170,118266,17,17,4.274507003e2,2.279882282e0
1171,118266,17,17,4.283464198e2,2.301944635e0
1172,118266,17,17,4.292429262e2,2.324124866e0
1173,118266,17,17,4.301404730e2,2.346469408e0
1174,118266,17,17,4.310389976e2,2.368942170e0
1175,118266,17,17,4.319383682e2,2.391561665e0
1176,118266,17,17,4.328385210e2,2.414300072e0
1177,118266,17,17,4.337389810e2,2.437203832e0
1178,118266,17,17,4.346398720e2,2.460236858e0
1179,118266,17,17,4.355424900e2,2.483417671e0
1180,118266,17,17,4.364458104e2,2.506718452e0
1181,118266,17,17,4.373496403e2,2.530185646e0
1182,118266,17,17,4.382539852e2,2.553783166e0
1183,118266,17,17,4.391590545e2,2.577529532e0
1184,118266,17,17,4.400647503e2,2.601396924e0
1185,118266,17,17,4.409710249e2,2.625431784e0
1186,118266,17,17,4.418778371e2,2.649598022e0
1187,118266,17,17,4.427847000e2,2.673914151e0
1188,118266,17,17,4.436919740e2,2.698352350e0
1189,118266,17,17,4.445997606e2,2.722959052e0
1190,118266,17,17,4.455088412e2,2.747698162e0
1191,118266,17,17,4.464189397e2,2.772588184e0
1192,118266,17,17,4.473298765e2,2.797601343e0
1193,118266,17,17,4.482417382e2,2.822784123e0
1194,118266,17,17,4.491548836e2,2.848100427e0
1195,118266,17,17,4.500689308e2,2.873568768e0
1196,118266,17,17,4.509842616e2,2.899161319e0
1197,118266,17,17,4.519005333e2,2.924924514e0
1198,118266,17,17,4.528174149e2,2.950822261e0
1199,118266,17,17,4.537346900e2,2.976873069e0
1200,118266,17,17,4.546521506e2,3.003049116e0
1201,118266,17,17,4.555700592e2,3.029396833e0
1202,118266,17,17,4.564888332e2,3.055880130e0
1203,118266,17,17,4.574084233e2,3.082517517e0
1204,118266,17,17,4.583286408e2,3.109281170e0
1205,118266,17,17,4.592495394e2,3.136217524e0
1206,118266,17,17,4.601712513e2,3.163290485e0
1207,118266,17,17,4.610938339e2,3.190518565e0
1208,118266,17,17,4.620174172e2,3.217873938e0
1209,118266,17,17,4.629425904e2,3.245403038e0
1210,118266,17,17,4.638678011e2,3.273069772e0
1211,118266,17,17,4.647944658e2,3.300892650e0
1212,118266,17,17,4.657220746e2,3.328843845e0
1213,118266,17,17,4.666508521e2,3.356969792e0
1214,118266,17,17,4.675805817e2,3.385234396e0
1215,118266,17,17,4.685113057e2,3.413656164e0
1216,118266,17,17,4.694430357e2,3.442207259e0
1217,118266,17,17,4.703760904e2,3.470934116e0
1218,118266,17,17,4.713097039e2,3.499800645e0
1219,118266,17,17,4.722440664e2,3.528825358e0
1220,118266,17,17,4.731791285e2,3.557980433e0
1221,118266,17,17,4.741149927e2,3.587312307e0
1222,118266,17,17,4.750516328e2,3.616784891e0
1223,118266,17,17,4.759891262e2,3.646416657e0
1224,118266,17,17,4.769274475e2,3.676179779e0
1225,118266,17,17,4.778664653e2,3.706120692e0
1226,118266,17,17,4.788063228e2,3.736203304e0
1227,118266,17,17,4.797472203e2,3.766446127e0
1228,118266,17,17,4.806891181e2,3.796821334e0
1229,118266,17,17,4.816319655e2,3.827375360e0
1230,118266,17,17,4.825761914e2,3.858072113e0
1231,118266,17,17,4.835216186e2,3.888930103e0
1232,118266,17,17,4.844668301e2,3.919921506e0
1233,118266,17,17,4.854124340e2,3.951092756e0
1234,118266,17,17,4.863584614e2,3.982407761e0
1235,118266,17,17,4.873052952e2,4.013885032e0
1236,118266,17,17,4.882530479e2,4.045496746e0
1237,118266,17,17,4.892015912e2,4.077289340e0
1238,118266,17,17,4.901508248e2,4.109226721e0
1239,118266,17,17,4.911006308e2,4.141327402e0
1240,118266,17,17,4.920522438e2,4.173563561e0
1241,118266,17,17,4.930044648e2,4.205981626e0
1242,118266,17,17,4.939570498e2,4.238545437e0
1243,118266,17,17,4.949103885e2,4.271273504e0
1244,118266,17,17,4.958638400e2,4.304138001e0
1245,118266,17,17,4.968180229e2,4.337185363e0
1246,118266,17,17,4.977735201e2,4.370379496e0
1247,118266,17,17,4.987301739e2,4.403738909e0
1248,118266,17,17,4.996876798e2,4.437235778e0
1249,118266,17,17,5.006457909e2,4.470916535e0
1250,118266,17,17,5.016050400e2,4.504745086e0
1251,118266,17,17,5.025650349e2,4.538739941e0
1252,118266,17,17,5.035253501e2,4.572873275e0
1253,118266,17,17,5.044866681e2,4.607191526e0
1254,118266,17,17,5.054484044e2,4.641658603e0
1255,118266,17,17,5.064110663e2,4.676293018e0
1256,118266,17,17,5.073744185e2,4.711066948e0
1257,118266,17,17,5.083385143e2,4.746026599e0
1258,118266,17,17,5.093032511e2,4.781135910e0
1259,118266,17,17,5.102685354e2,4.816413392e0
1260,118266,17,17,5.112345746e2,4.851831227e0
1261,118266,17,17,5.122014635e2,4.887435862e0
1262,118266,17,17,5.131689172e2,4.923191223e0
1263,118266,17,17,5.141371083e2,4.959115843e0
1264,118266,17,17,5.151062208e2,4.995181920e0
1265,118266,17,17,5.160762439e2,5.031435912e0
1266,118266,17,17,5.170461095e2,5.067841747e0
1267,118266,17,17,5.180158258e2,5.104417955e0
1268,118266,17,17,5.189856180e2,5.141136722e0
1269,118266,17,17,5.199558351e2,5.178044388e0
1270,118266,17,17,5.209272428e2,5.215104715e0
1271,118266,17,17,5.218997313e2,5.252336205e0
1272,118266,17,17,5.228730526e2,5.289711022e0
1273,118266,17,17,5.238470516e2,5.327275588e0
1274,118266,17,17,5.248218501e2,5.364993797e0
1275,118266,17,17,5.257973325e2,5.402884149e0
1276,118266,17,17,5.267734741e2,5.440918813e0
1277,118266,17,17,5.277504011e2,5.479144221e0
1278,118266,17,17,5.287282345e2,5.517524279e0
1279,118266,17,17,5.297067646e2,5.556077503e0
1280,118266,17,17,5.306864768e2,5.594776074e0
1281,118266,17,17,5.316673513e2,5.633666434e0
1282,118266,17,17,5.326490534e2,5.672712501e0
1283,118266,17,17,5.336315490e2,5.711932795e0
1284,118266,17,17,5.346153272e2,5.751299504e0
1285,118266,17,17,5.356002019e2,5.790859073e0
1286,118266,17,17,5.365860887e2,5.830575421e0
1287,118266,17,17,5.375728723e2,5.870467065e0
1288,118266,17,17,5.385612116e2,5.910506189e0
1289,118266,17,17,5.395494449e2,5.950739231e0
1290,118266,17,17,5.405378909e2,5.991130100e0
1291,118266,17,17,5.415268444e2,6.031697308e0
1292,118266,17,17,5.425165281e2,6.072413028e0
1293,118266,17,17,5.435069635e2,6.113323688e0
1294,118266,17,17,5.444982025e2,6.154393190e0
1295,118266,17,17,5.454901432e2,6.195640037e0
1296,118266,17,17,5.464828152e2,6.237036395e0
1297,118266,17,17,5.474761586e2,6.278628688e0
1298,118266,17,17,5.484702366e2,6.320380813e0
1299,118266,17,17,5.494651206e2,6.362311270e0
1300,118266,17,17,5.504609292e2,6.404392225e0
1301,118266,17,17,5.514573587e2,6.446670104e0
1302,118266,17,17,5.524545204e2,6.489108805e0
1303,118266,17,17,5.534524402e2,6.531726834e0
1304,118266,17,17,5.544511517e2,6.574496359e0
1305,118266,17,17,5.554504646e2,6.617463809e0
1306,118266,17,17,5.564505699e2,6.660593090e0
1307,118266,17,17,5.574515059e2,6.703902711e0
1308,118266,17,17,5.584532238e2,6.747364845e0
1309,118266,17,17,5.594554420e2,6.791025928e0
1310,118266,17,17,5.604585361e2,6.834849866e0
1311,118266,17,17,5.614619127e2,6.878855170e0
1312,118266,17,17,5.624657354e2,6.923014017e0
1313,118266,17,17,5.634701267e2,6.967372841e0
1314,118266,17,17,5.644750948e2,7.011895549e0
1315,118266,17,17,5.654808559e2,7.056600650e0
1316,118266,17,17,5.664872927e2,7.101460319e0
1317,118266,17,17,5.674946876e2,7.146520987e0
1318,118266,17,17,5.685027691e2,7.191746561e0
1319,118266,17,17,5.695114556e2,7.237155548e0
1320,118266,17,17,5.705208685e2,7.282720118e0
1321,118266,17,17,5.715309994e2,7.328486704e0
1322,118266,17,17,5.725418832e2,7.374419207e0
1323,118266,17,17,5.735535187e2,7.420536136e0
1324,118266,17,17,5.745659690e2,7.466809660e0
1325,118266,17,17,5.755793247e2,7.513286211e0
1326,118266,17,17,5.765934959e2,7.559929693e0
1327,118266,17,17,5.776084245e2,7.606758614e0
1328,118266,17,17,5.786241428e2,7.653745145e0
1329,118266,17,17,5.796404884e2,7.700935720e0
1330,118266,17,17,5.806576823e2,7.748289275e0
1331,118266,17,17,5.816756421e2,7.795826205e0
1332,118266,17,17,5.826942796e2,7.843519174e0
1333,118266,17,17,5.837134965e2,7.891415210e0
1334,118266,17,17,5.847335641e2,7.939478881e0
1335,118266,17,17,5.857540861e2,7.987729381e0
1336,118266,17,17,5.867752340e2,8.036139557e0
1337,118266,17,17,5.877967720e2,8.084756462e0
1338,118266,17,17,5.888191948e2,8.133544547e0
1339,118266,17,17,5.898422683e2,8.182522759e0
1340,118266,17,17,5.908659989e2,8.231663586e0
1341,118266,17,17,5.918904663e2,8.281013647e0
1342,118266,17,17,5.929155201e2,8.330536903e0
1343,118266,17,17,5.939411324e2,8.380251792e0
1344,118266,17,17,5.949672978e2,8.430130312e0
1345,118266,17,17,5.959940516e2,8.480217286e0
1346,118266,17,17,5.970215163e2,8.530476263e0
1347,118266,17,17,5.980497607e2,8.580925749e0
1348,118266,17,17,5.990779175e2,8.631537917e0
1349,118266,17,17,6.001055136e2,8.682359198e0
1350,118266,17,17,6.011335436e2,8.733353496e0
1351,118266,17,17,6.021630695e2,8.784539320e0
1352,118266,17,17,6.031935187e2,8.835888842e0
1353,118266,17,17,6.042247443e2,8.887448495e0
1354,118266,17,17,6.052570267e2,8.939182184e0
1355,118266,17,17,6.062903582e2,8.991108418e0
1356,118266,17,17,6.073237109e2,9.043199372e0
1357,118266,17,17,6.083589954e2,9.095501477e0
1358,118266,17,17,6.093944440e2,9.147978640e0
1359,118266,17,17,6.104306084e2,9.200649370e0
1360,118266,17,17,6.114674284e2,9.253485840e0
1361,118266,17,17,6.125048171e2,9.306534481e0
1362,118266,17,17,6.135430321e2,9.359759197e0
1363,118266,17,17,6.145822358e2,9.413178498e0
1364,118266,17,17,6.156222425e2,9.466764555e0
1365,118266,17,17,6.166628728e2,9.520563799e0
1366,118266,17,17,6.177044478e2,9.574540134e0
1367,118266,17,17,6.187466473e2,9.628712068e0
1368,118266,17,17,6.197894947e2,9.683051770e0
1369,118266,17,17,6.208323171e2,9.737605672e0
1370,118266,17,17,6.218757073e2,9.792337677e0
1371,118266,17,17,6.229194237e2,9.847266292e0
1372,118266,17,17,6.239638013e2,9.902363689e0
1373,118266,17,17,6.250085189e2,9.957676299e0
1374,118266,17,17,6.260537582e2,1.001316803e1
1375,118266,17,17,6.271001898e2,1.006885738e1
1376,118266,17,17,6.281468910e2,1.012471652e1
1377,118266,17,17,6.291937504e2,1.018079190e1
1378,118266,17,17,6.302413124e2,1.023704577e1
1379,118266,17,17,6.312886071e2,1.029349736e1
1380,118266,17,17,6.323385165e2,1.035011894e1
1381,118266,17,17,6.333882906e2,1.040695710e1
1382,118266,17,17,6.344390509e2,1.046397592e1
1383,118266,17,17,6.354903918e2,1.052119409e1
1384,118266,17,17,6.365421506e2,1.057858398e1
1385,118266,17,17,6.375945669e2,1.063619221e1
1386,118266,17,17,6.386478168e2,1.069398283e1
1387,118266,17,17,6.397018495e2,1.075197452e1
1388,118266,17,17,6.407568189e2,1.081013953e1
1389,118266,17,17,6.418122998e2,1.086852436e1
1390,118266,17,17,6.428683770e2,1.092709295e1
1391,118266,17,17,6.439252264e2,1.098586382e1
1392,118266,17,17,6.449827405e2,1.104480910e1
1393,118266,17,17,6.460408800e2,1.110397516e1
1394,118266,17,17,6.470996503e2,1.116332583e1
1395,118266,17,17,6.481590813e2,1.122287951e1
1396,118266,17,17,6.492189951e2,1.128260815e1
1397,118266,17,17,6.502793908e2,1.134255809e1
1398,118266,17,17,6.513402085e2,1.140269324e1
1399,118266,17,17,6.524014844e2,1.146303211e1
1400,118266,17,17,6.534632241e2,1.152354676e1
1401,118266,17,17,6.545255146e2,1.158428347e1
1402,118266,17,17,6.555884868e2,1.164520608e1
1403,118266,17,17,6.566515680e2,1.170633309e1
1404,118266,17,17,6.577153824e2,1.176763665e1
1405,118266,17,17,6.587800884e2,1.182916323e1
1406,118266,17,17,6.598458521e2,1.189087675e1
1407,118266,17,17,6.609120204e2,1.195279579e1
1408,118266,17,17,6.619788871e2,1.201489257e1
1409,118266,17,17,6.630460819e2,1.207721359e1
1410,118266,17,17,6.641138253e2,1.213972283e1
1411,118266,17,17,6.651822308e2,1.220243887e1
1412,118266,17,17,6.662514107e2,1.226533392e1
1413,118266,17,17,6.673206899e2,1.232845449e1
1414,118266,17,17,6.683906977e2,1.239176450e1
1415,118266,17,17,6.694615447e2,1.245528249e1
1416,118266,17,17,6.705329274e2,1.251898064e1
1417,118266,17,17,6.716048921e2,1.258290538e1
1418,118266,17,17,6.726770396e2,1.264702059e1
1419,118266,17,17,6.737494489e2,1.271134475e1
1420,118266,17,17,6.748216243e2,1.277585000e1
1421,118266,17,17,6.758942734e2,1.284058273e1
1422,118266,17,17,6.769674572e2,1.290550680e1
1423,118266,17,17,6.780412237e2,1.297064067e1
1424,118266,17,17,6.791156912e2,1.303595647e1
1425,118266,17,17,6.801904711e2,1.310148317e1
1426,118266,17,17,6.812656017e2,1.316721501e1
1427,118266,17,17,6.823424205e2,1.323315497e1
1428,118266,17,17,6.834204658e2,1.329927578e1
1429,118266,17,17,6.844992930e2,1.336563477e1
1430,118266,17,17,6.855788575e2,1.343219654e1
1431,118266,17,17,6.866583851e2,1.349897133e1
1432,118266,17,17,6.877379769e2,1.356593127e1
1433,118266,17,17,6.888180430e2,1.363313215e1
1434,118266,17,17,6.898998265e2,1.370052836e1
1435,118266,17,17,6.909840385e2,1.376814798e1
1436,118266,17,17,6.920668710e2,1.383595306e1
1437,118266,17,17,6.931504188e2,1.390400379e1
1438,118266,17,17,6.942341405e2,1.397224777e1
1439,118266,17,17,6.953187441e2,1.404071423e1
1440,118266,17,17,6.964041290e2,1.410936693e1
1441,118266,17,17,6.974903821e2,1.417826157e1
1442,118266,17,17,6.985774695e2,1.424736287e1
1443,118266,17,17,6.996649722e2,1.431668870e1
1444,118266,17,17,7.007524603e2,1.438620139e1
1445,118266,17,17,7.018400993e2,1.445595577e1
1446,118266,17,17,7.029281660e2,1.452592146e1
1447,118266,17,17,7.040171228e2,1.459610793e1
1448,118266,17,17,7.051068663e2,1.466647831e1
1449,118266,17,17,7.061968435e2,1.473708888e1
1450,118266,17,17,7.072869910e2,1.480790465e1
1451,118266,17,17,7.083782653e2,1.487895535e1
1452,118266,17,17,7.094698562e2,1.495019405e1
1453,118266,17,17,7.105621035e2,1.502167624e1
1454,118266,17,17,7.116549064e2,1.509336580e1
1455,118266,17,17,7.127482045e2,1.516529967e1
1456,118266,17,17,7.138421913e2,1.523742282e1
1457,118266,17,17,7.149366038e2,1.530979065e1
1458,118266,17,17,7.160311551e2,1.538236686e1
1459,118266,17,17,7.171260521e2,1.545517933e1
1460,118266,17,17,7.182218546e2,1.552819207e1
1461,118266,17,17,7.193178007e2,1.560145049e1
1462,118266,17,17,7.204140965e2,1.567491827e1
1463,118266,17,17,7.215112460e2,1.574862328e1
1464,118266,17,17,7.226092383e2,1.582253753e1
1465,118266,17,17,7.237078216e2,1.589669796e1
1466,118266,17,17,7.248071978e2,1.597106802e1
1467,118266,17,17,7.259069670e2,1.604567540e1
1468,118266,17,17,7.270069012e2,1.612048316e1
1469,118266,17,17,7.281073878e2,1.619554801e1
1470,118266,17,17,7.292087234e2,1.627082392e1
1471,118266,17,17,7.303103168e2,1.634633872e1
1472,118266,17,17,7.314123683e2,1.642205505e1
1473,118266,17,17,7.325149422e2,1.649803743e1
1474,118266,17,17,7.336180762e2,1.657423163e1
1475,118266,17,17,7.347217770e2,1.665066532e1
1476,118266,17,17,7.358261788e2,1.672730147e1
1477,118266,17,17,7.369311764e2,1.680419581e1
1478,118266,17,17,7.380375631e2,1.688131350e1
1479,118266,17,17,7.391435935e2,1.695867202e1
1480,118266,17,17,7.402501485e2,1.703623407e1
1481,118266,17,17,7.413565447e2,1.711405511e1
1482,118266,17,17,7.424635773e2,1.719209953e1
1483,118266,17,17,7.435709582e2,1.727039473e1
1484,118266,17,17,7.446789047e2,1.734889474e1
1485,118266,17,17,7.457872339e2,1.742765498e1
1486,118266,17,17,7.468961370e2,1.750663946e1
1487,118266,17,17,7.480053447e2,1.758586617e1
1488,118266,17,17,7.491151677e2,1.766530870e1
1489,118266,17,17,7.502254944e2,1.774501243e1
1490,118266,17,17,7.513360933e2,1.782494138e1
1491,118266,17,17,7.524471197e2,1.790511415e1
1492,118266,17,17,7.535587435e2,1.798551202e1
1493,118266,17,17,7.546707391e2,1.806617236e1
1494,118266,17,17,7.557832592e2,1.814705860e1
1495,118266,17,17,7.568963570e2,1.822818908e1
1496,118266,17,17,7.580099570e2,1.830953597e1
1497,118266,17,17,7.591237088e2,1.839115630e1
1498,118266,17,17,7.602377838e2,1.847300404e1
1499,118266,17,17,7.613526119e2,1.855509762e1
1500,118266,17,17,7.624680720e2,1.863740910e1
1501,118266,17,17,7.635838038e2,1.871999445e1
1502,118266,17,17,7.646998477e2,1.880281697e1
1503,118266,17,17,7.658163528e2,1.888588600e1
1504,118266,17,17,7.669332768e2,1.896917343e1
1505,118266,17,17,7.680505030e2,1.905273511e1
1506,118266,17,17,7.691684188e2,1.913652582e1
1507,118266,17,17,7.702865655e2,1.922057475e1
1508,118266,17,17,7.714050463e2,1.930484322e1
1509,118266,17,17,7.725238929e2,1.938938676e1
1510,118266,17,17,7.736430649e2,1.947416002e1
1511,118266,17,17,7.747625505e2,1.955919983e1
1512,118266,17,17,7.758822203e2,1.964446015e1
1513,118266,17,17,7.770018373e2,1.972999658e1
1514,118266,17,17,7.781218334e2,1.981576380e1
1515,118266,17,17,7.792419182e2,1.990178952e1
1516,118266,17,17,7.803624313e2,1.998804728e1
1517,118266,17,17,7.814831304e2,2.007458265e1
1518,118266,17,17,7.826046455e2,2.016135023e1
1519,118266,17,17,7.837271980e2,2.024837770e1
1520,118266,17,17,7.848508786e2,2.033563799e1
1521,118266,17,17,7.859756620e2,2.042318639e1
1522,118266,17,17,7.871006348e2,2.051096869e1
1523,118266,17,17,7.882253452e2,2.059901239e1
1524,118266,17,17,7.893498294e2,2.068728992e1
1525,118266,17,17,7.904757108e2,2.077584767e1
1526,118266,17,17,7.916029991e2,2.086465097e1
1527,118266,17,17,7.927309781e2,2.095371707e1
1528,118266,17,17,7.938590855e2,2.104301807e1
1529,118266,17,17,7.949873754e2,2.113260023e1
1530,118266,17,17,7.961159700e2,2.122242739e1
1531,118266,17,17,7.972450149e2,2.131252641e1
1532,118266,17,17,7.983742660e2,2.140286044e1
1533,118266,17,17,7.995043770e2,2.149347573e1
1534,118266,17,17,8.006351363e2,2.158433621e1
1535,118266,17,17,8.017666615e2,2.167546014e1
1536,118266,17,17,8.028986080e2,2.176683081e1
1537,118266,17,17,8.040308205e2,2.185848437e1
1538,118266,17,17,8.051631850e2,2.195038478e1
1539,118266,17,17,8.062962158e2,2.204255053e1
1540,118266,17,17,8.074298126e2,2.213496367e1
1541,118266,17,17,8.085640336e2,2.222767004e1
1542,118266,17,17,8.096986505e2,2.232062448e1
1543,118266,17,17,8.108335433e2,2.241384523e1
1544,118266,17,17,8.119685238e2,2.250731379e1
1545,118266,17,17,8.131037080e2,2.260106719e1
1546,118266,17,17,8.142390891e2,2.269508027e1
1547,118266,17,17,8.153747646e2,2.278936102e1
1548,118266,17,17,8.165107371e2,2.288389096e1
1549,118266,17,17,8.176472203e2,2.297870744e1
1550,118266,17,17,8.187842201e2,2.307378426e1
1551,118266,17,17,8.199220266e2,2.316913920e1
1552,118266,17,17,8.210602518e2,2.326474474e1
1553,118266,17,17,8.221989029e2,2.336063798e1
1554,118266,17,17,8.233380159e2,2.345679199e1
1555,118266,17,17,8.244773731e2,2.355321582e1
1556,118266,17,17,8.256170843e2,2.364990181e1
1557,118266,17,17,8.267572587e2,2.374687661e1
1558,118266,17,17,8.278976632e2,2.384411277e1
1559,118266,17,17,8.290383731e2,2.394161944e1
1560,118266,17,17,8.301792418e2,2.403938803e1
1561,118266,17,17,8.313208958e2,2.413745526e1
1562,118266,17,17,8.324618625e2,2.423578535e1
1563,118266,17,17,8.336032330e2,2.433438753e1
1564,118266,17,17,8.347449193e2,2.443325276e1
1565,118266,17,17,8.358870793e2,2.453240910e1
1566,118266,17,17,8.370295482e2,2.463184069e1
1567,118266,17,17,8.381722821e2,2.473154158e1
1568,118266,17,17,8.393153244e2,2.483150339e1
1569,118266,17,17,8.404583549e2,2.493175456e1
1570,118266,17,17,8.416018637e2,2.503227851e1
1571,118266,17,17,8.427453938e2,2.513308437e1
1572,118266,17,17,8.438892997e2,2.523415458e1
1573,118266,17,17,8.450336258e2,2.533551788e1
1574,118266,17,17,8.461782862e2,2.543715747e1
1575,118266,17,17,8.473232371e2,2.553907400e1
1576,118266,17,17,8.484685214e2,2.564126979e1
1577,118266,17,17,8.496141440e2,2.574376277e1
1578,118266,17,17,8.507601123e2,2.584653541e1
1579,118266,17,17,8.519064927e2,2.594958767e1
1580,118266,17,17,8.530531093e2,2.605291998e1
1581,118266,17,17,8.542000500e2,2.615655889e1
1582,118266,17,17,8.553475913e2,2.626047598e1
1583,118266,17,17,8.564955838e2,2.636467095e1
1584,118266,17,17,8.576440807e2,2.646914387e1
1585,118266,17,17,8.587929517e2,2.657391355e1
1586,118266,17,17,8.599422780e2,2.667897334e1
1587,118266,17,17,8.610919680e2,2.678431275e1
1588,118266,17,17,8.622419242e2,2.688993168e1
1589,118266,17,17,8.633921640e2,2.699584903e1
1590,118266,17,17,8.645425319e2,2.710205704e1
1591,118266,17,17,8.656930831e2,2.720855494e1
1592,118266,17,17,8.668440238e2,2.731533354e1
1593,118266,17,17,8.679953669e2,2.742241154e1
1594,118266,17,17,8.691471607e2,2.752978056e1
1595,118266,17,17,8.702992553e2,2.763743127e1
1596,118266,17,17,8.714518094e2,2.774537450e1
1597,118266,17,17,8.726046682e2,2.785361862e1
1598,118266,17,17,8.737576518e2,2.796215510e1
1599,118266,17,17,8.749107077e2,2.807097473e1
1600,118266,17,17,8.760638728e2,2.818008740e1
1601,118266,17,17,8.772172154e2,2.828950238e1
1602,118266,17,17,8.783705875e2,2.839922014e1
1603,118266,17,17,8.795240868e2,2.850922237e1
1604,118266,17,17,8.806779893e2,2.861951833e1
1605,118266,17,17,8.818323112e2,2.873011755e1
1606,118266,17,17,8.829872721e2,2.884101127e1
1607,118266,17,17,8.841427404e2,2.895220154e1
1608,118266,17,17,8.852987705e2,2.906368682e1
1609,118266,17,17,8.864553155e2,2.917547676e1
1610,118266,17,17,8.876118763e2,2.928756258e1
1611,118266,17,17,8.887694631e2,2.939994523e1
1612,118266,17,17,8.899276130e2,2.951263314e1
1613,118266,17,17,8.910867380e2,2.962562708e1
1614,118266,17,17,8.922463024e2,2.973891822e1
1615,118266,17,17,8.934053960e2,2.985250686e1
1616,118266,17,17,8.945638659e2,2.996639290e1
1617,118266,17,17,8.957222793e2,3.008059715e1
1618,118266,17,17,8.968819010e2,3.019510027e1
1619,118266,17,17,8.980430848e2,3.030990226e1
1620,118266,17,17,8.992044906e2,3.042500306e1
1621,118266,17,17,9.003662386e2,3.054042234e1
1622,118266,17,17,9.015281761e2,3.065614170e1
1623,118266,17,17,9.026906096e2,3.077217016e1
1624,118266,17,17,9.038536109e2,3.088849862e1
1625,118266,17,17,9.050162361e2,3.100514621e1
1626,118266,17,17,9.061790620e2,3.112209483e1
1627,118266,17,17,9.073419934e2,3.123934445e1
1628,118266,17,17,9.085050019e2,3.135690641e1
1629,118266,17,17,9.096682665e2,3.147478900e1
1630,118266,17,17,9.108317951e2,3.159297424e1
1631,118266,17,17,9.119966362e2,3.171145990e1
1632,118266,17,17,9.131608619e2,3.183025697e1
1633,118266,17,17,9.143249308e2,3.194937496e1
1634,118266,17,17,9.154889193e2,3.206880517e1
1635,118266,17,17,9.166529367e2,3.218853857e1
1636,118266,17,17,9.178169404e2,3.230858489e1
1637,118266,17,17,9.189811401e2,3.242895407e1
1638,118266,17,17,9.201457487e2,3.254962837e1
1639,118266,17,17,9.213107831e2,3.267061920e1
1640,118266,17,17,9.224763671e2,3.279192532e1
1641,118266,17,17,9.236424938e2,3.291355668e1
1642,118266,17,17,9.248090124e2,3.303549527e1
1643,118266,17,17,9.259761845e2,3.315775109e1
1644,118266,17,17,9.271434512e2,3.328032383e1
1645,118266,17,17,9.283108306e2,3.340323229e1
1646,118266,17,17,9.294783429e2,3.352644921e1
1647,118266,17,17,9.306458903e2,3.364998380e1
1648,118266,17,17,9.318134031e2,3.377383565e1
1649,118266,17,17,9.329809324e2,3.389801449e1
1650,118266,17,17,9.341486187e2,3.402251352e1
1651,118266,17,17,9.353164510e2,3.414733122e1
1652,118266,17,17,9.364845989e2,3.427246770e1
1653,118266,17,17,9.376529944e2,3.439793265e1
1654,118266,17,17,9.388216972e2,3.452371805e1
1655,118266,17,17,9.399907043e2,3.464982348e1
1656,118266,17,17,9.411602318e2,3.477624910e1
1657,118266,17,17,9.423302044e2,3.490300402e1
1658,118266,17,17,9.435006765e2,3.503008001e1
1659,118266,17,17,9.446715357e2,3.515747718e1
1660,118266,17,17,9.458425385e2,3.528519583e1
1661,118266,17,17,9.470135424e2,3.541324583e1
1662,118266,17,17,9.481845593e2,3.554161872e1
1663,118266,17,17,9.493556999e2,3.567031483e1
1664,118266,17,17,9.505269711e2,3.579933449e1
1665,118266,17,17,9.516985805e2,3.592868753e1
1666,118266,17,17,9.528706307e2,3.605836538e1
1667,118266,17,17,9.540427556e2,3.618836830e1
1668,118266,17,17,9.552152225e2,3.631869653e1
1669,118266,17,17,9.563880679e2,3.644935984e1
1670,118266,17,17,9.575610552e2,3.658034961e1
1671,118266,17,17,9.587341998e2,3.671166610e1
1672,118266,17,17,9.599072583e2,3.684330952e1
1673,118266,17,17,9.610803180e2,3.697528959e1
1674,118266,17,17,9.622535462e2,3.710759761e1
1675,118266,17,17,9.634269001e2,3.724023378e1
1676,118266,17,17,9.646005085e2,3.737319830e1
1677,118266,17,17,9.657743078e2,3.750650105e1
1678,118266,17,17,9.669481530e2,3.764013332e1
1679,118266,17,17,9.681220480e2,3.777409526e1
1680,118266,17,17,9.692958598e2,3.790838707e1
1681,118266,17,17,9.704696239e2,3.804301843e1
1682,118266,17,17,9.716433938e2,3.817798061e1
1683,118266,17,17,9.728172384e2,3.831327381e1
1684,118266,17,17,9.739913292e2,3.844889823e1
1685,118266,17,17,9.751657504e2,3.858486357e1
1686,118266,17,17,9.763404259e2,3.872116117e1
1687,118266,17,17,9.775154094e2,3.885779126e1
1688,118266,17,17,9.786908055e2,3.899475408e1
1689,118266,17,17,9.798665742e2,3.913205940e1
1690,118266,17,17,9.810426480e2,3.926969858e1
1691,118266,17,17,9.822189486e2,3.940767187e1
1692,118266,17,17,9.833955437e2,3.954597953e1
1693,118266,17,17,9.845723531e2,3.968463131e1
1694,118266,17,17,9.857491417e2,3.982361857e1
1695,118266,17,17,9.869259643e2,3.996294154e1
1696,118266,17,17,9.881028620e2,4.010260044e1
1697,118266,17,17,9.892797722e2,4.024260502e1
1698,118266,17,17,9.904568134e2,4.038294658e1
1699,118266,17,17,9.916340259e2,4.052362535e1
1700,118266,17,17,9.928114940e2,4.066464153e1
1701,118266,17,17,9.939892174e2,4.080600483e1
1702,118266,17,17,9.951671392e2,4.094770657e1
1703,118266,17,17,9.963452269e2,4.108974693e1
1704,118266,17,17,9.975233488e2,4.123212611e1
1705,118266,17,17,9.987016514e2,4.137485384e1
1706,118266,17,17,9.998806576e2,4.151792141e1
1707,118266,17,17,1.001060083e3,4.166132902e1
1708,118266,17,17,1.002240093e3,4.180507689e1
1709,118266,17,17,1.003419532e3,4.194917474e1
1710,118266,17,17,1.004598287e3,4.209361388e1
1711,118266,17,17,1.005776896e3,4.223839452e1
1712,118266,17,17,1.006957714e3,4.238351687e1
1713,118266,17,17,1.008138663e3,4.252899067e1
1714,118266,17,17,1.009319831e3,4.267480724e1
1715,118266,17,17,1.010501161e3,4.282096678e1
1716,118266,17,17,1.011682420e3,4.296746952e1
1717,118266,17,17,1.012863573e3,4.311432519e1
1718,118266,17,17,1.014044844e3,4.326152489e1
1719,118266,17,17,1.015226353e3,4.340906891e1
1720,118266,17,17,1.016408252e3,4.355695743e1
1721,118266,17,17,1.017590555e3,4.370520020e1
1722,118266,17,17,1.018773075e3,4.385378852e1
1723,118266,17,17,1.019955633e3,4.400272260e1
1724,118266,17,17,1.021138207e3,4.415200267e1
1725,118266,17,17,1.022320788e3,4.430163844e1
1726,118266,17,17,1.023503327e3,4.445162125e1
1727,118266,17,17,1.024685801e3,4.460195133e1
1728,118266,17,17,1.025868233e3,4.475262891e1
1729,118266,17,17,1.027051031e3,4.490366373e1
1730,118266,17,17,1.028233475e3,4.505504714e1
1731,118266,17,17,1.029415156e3,4.520677940e1
1732,118266,17,17,1.030596587e3,4.535886075e1
1733,118266,17,17,1.031777725e3,4.551130081e1
1734,118266,17,17,1.032959699e3,4.566409093e1
1735,118266,17,17,1.034140726e3,4.581723137e1
1736,118266,17,17,1.035321749e3,4.597072242e1
1737,118266,17,17,1.036503015e3,4.612456152e1
1738,118266,17,17,1.037684561e3,4.627874564e1
1739,118266,17,17,1.038866483e3,4.643327629e1
1740,118266,17,17,1.040048742e3,4.658815519e1
1741,118266,17,17,1.041231233e3,4.674339369e1
1742,118266,17,17,1.042413788e3,4.689898480e1
1743,118266,17,17,1.043596425e3,4.705493032e1
1744,118266,17,17,1.044778994e3,4.721123194e1
1745,118266,17,17,1.045961518e3,4.736790064e1
1746,118266,17,17,1.047144029e3,4.752492875e1
1747,118266,17,17,1.048326585e3,4.768231718e1
1748,118266,17,17,1.049509293e3,4.784006655e1
1749,118266,17,17,1.050692144e3,4.799818667e1
1750,118266,17,17,1.051875112e3,4.815666867e1
1751,118266,17,17,1.053058169e3,4.831550967e1
1752,118266,17,17,1.054241315e3,4.847470822e1
1753,118266,17,17,1.055424591e3,4.863427409e1
1754,118266,17,17,1.056607984e3,4.879419866e1
1755,118266,17,17,1.057791344e3,4.895448218e1
1756,118266,17,17,1.058974620e3,4.911512474e1
1757,118266,17,17,1.060157807e3,4.927613607e1
1758,118266,17,17,1.061340892e3,4.943750752e1
1759,118266,17,17,1.062523949e3,4.959923917e1
1760,118266,17,17,1.063706915e3,4.976133106e1
1761,118266,17,17,1.064889802e3,4.992379290e1
1762,118266,17,17,1.066072550e3,5.008661580e1
1763,118266,17,17,1.067255221e3,5.024979999e1
1764,118266,17,17,1.068437700e3,5.041334569e1
1765,118266,17,17,1.069620083e3,5.057726263e1
1766,118266,17,17,1.070802423e3,5.074154217e1
1767,118266,17,17,1.071984780e3,5.090618451e1
1768,118266,17,17,1.073167202e3,5.107118989e1
1769,118266,17,17,1.074350013e3,5.123656804e1
1770,118266,17,17,1.075533897e3,5.140231029e1
1771,118266,17,17,1.076716993e3,5.156841687e1
1772,118266,17,17,1.077900331e3,5.173488799e1
1773,118266,17,17,1.079083898e3,5.190172387e1
1774,118266,17,17,1.080267720e3,5.206892474e1
1775,118266,17,17,1.081451767e3,5.223649083e1
1776,118266,17,17,1.082636051e3,5.240442238e1
1777,118266,17,17,1.083820404e3,5.257271964e1
1778,118266,17,17,1.085004598e3,5.274137334e1
1779,118266,17,17,1.086188718e3,5.291039266e1
1780,118266,17,17,1.087372806e3,5.307977788e1
1781,118266,17,17,1.088556734e3,5.324952932e1
1782,118266,17,17,1.089740523e3,5.341963780e1
1783,118266,17,17,1.090924140e3,5.359011255e1
1784,118266,17,17,1.092107822e3,5.376094445e1
1785,118266,17,17,1.093291677e3,5.393214279e1
1786,118266,17,17,1.094475663e3,5.410369849e1
1787,118266,17,17,1.095659661e3,5.427562088e1
1788,118266,17,17,1.096843562e3,5.444790095e1
1789,118266,17,17,1.098027332e3,5.462053858e1
1790,118266,17,17,1.099210971e3,5.479353369e1
1791,118266,17,17,1.100394279e3,5.496689573e1
1792,118266,17,17,1.101577547e3,5.514061581e1
1793,118266,17,17,1.102760806e3,5.531469391e1
1794,118266,17,17,1.103944513e3,5.548913008e1
1795,118266,17,17,1.105128246e3,5.566392436e1
1796,118266,17,17,1.106312219e3,5.583907686e1
1797,118266,17,17,1.107496521e3,5.601458768e1
1798,118266,17,17,1.108680954e3,5.619045696e1
1799,118266,17,17,1.109865491e3,5.636668486e1
1800,118266,17,17,1.111049977e3,5.654326208e1
1801,118266,17,17,1.112234611e3,5.672019770e1
1802,118266,17,17,1.113419945e3,5.689749199e1
1803,118266,17,17,1.114605791e3,5.707514521e1
1804,118266,17,17,1.115791323e3,5.725314814e1
1805,118266,17,17,1.116976541e3,5.743151000e1
1806,118266,17,17,1.118160449e3,5.761022163e1
1807,118266,17,17,1.119343945e3,5.778929229e1
1808,118266,17,17,1.120527825e3,5.796871286e1
1809,118266,17,17,1.121712983e3,5.814849267e1
1810,118266,17,17,1.122898815e3,5.832862265e1
1811,118266,17,17,1.124084623e3,5.850910266e1
1812,118266,17,17,1.125270412e3,5.868993258e1
1813,118266,17,17,1.126456302e3,5.887112184e1
1814,118266,17,17,1.127642320e3,5.905266149e1
1815,118266,17,17,1.128828293e3,5.923455148e1
1816,118266,17,17,1.130014095e3,5.941679182e1
1817,118266,17,17,1.131199548e3,5.959938251e1
1818,118266,17,17,1.132384664e3,5.978232360e1
1819,118266,17,17,1.133569530e3,5.996561516e1
1820,118266,17,17,1.134754219e3,6.014925728e1
1821,118266,17,17,1.135938899e3,6.033325010e1
1822,118266,17,17,1.137123663e3,6.051758424e1
1823,118266,17,17,1.138308628e3,6.070226877e1
1824,118266,17,17,1.139493883e3,6.088730389e1
1825,118266,17,17,1.140679295e3,6.107268983e1
1826,118266,17,17,1.141864832e3,6.125841734e1
1827,118266,17,17,1.143050333e3,6.144449559e1
1828,118266,17,17,1.144235731e3,6.163091537e1
1829,118266,17,17,1.145421054e3,6.181768592e1
1830,118266,17,17,1.146606254e3,6.200479807e1
1831,118266,17,17,1.147791358e3,6.219226110e1
1832,118266,17,17,1.148976955e3,6.238006593e1
1833,118266,17,17,1.150159692e3,6.256821235e1
1834,118266,17,17,1.151343292e3,6.275670022e1
1835,118266,17,17,1.152529303e3,6.294553490e1
1836,118266,17,17,1.153715150e3,6.313470934e1
1837,118266,17,17,1.154900202e3,6.332422380e1
1838,118266,17,17,1.156084505e3,6.351407867e1
1839,118266,17,17,1.157268575e3,6.370427438e1
1840,118266,17,17,1.158452489e3,6.389481139e1
1841,118266,17,17,1.159636415e3,6.408569019e1
1842,118266,17,17,1.160820214e3,6.427691128e1
1843,118266,17,17,1.162003848e3,6.446847508e1
1844,118266,17,17,1.163187373e3,6.466038201e1
1845,118266,17,17,1.164370882e3,6.485262287e1
1846,118266,17,17,1.165554417e3,6.504520685e1
1847,118266,17,17,1.166738046e3,6.523813414e1
1848,118266,17,17,1.167921729e3,6.543140489e1
1849,118266,17,17,1.169105507e3,6.562500969e1
1850,118266,17,17,1.170289277e3,6.581894730e1
1851,118266,17,17,1.171472937e3,6.601322646e1
1852,118266,17,17,1.172656330e3,6.620784748e1
1853,118266,17,17,1.173839400e3,6.640280118e1
1854,118266,17,17,1.175022173e3,6.659808729e1
1855,118266,17,17,1.176204795e3,6.679371509e1
1856,118266,17,17,1.177387303e3,6.698967549e1
1857,118266,17,17,1.178569902e3,6.718596830e1
1858,118266,17,17,1.179752479e3,6.738259336e1
1859,118266,17,17,1.180935011e3,6.757956006e1
1860,118266,17,17,1.182117388e3,6.777685940e1
1861,118266,17,17,1.183299755e3,6.797448178e1
1862,118266,17,17,1.184482071e3,6.817243604e1
1863,118266,17,17,1.185664176e3,6.837073168e1
1864,118266,17,17,1.186846213e3,6.856935980e1
1865,118266,17,17,1.188028310e3,6.876831092e1
1866,118266,17,17,1.189210439e3,6.896759399e1
1867,118266,17,17,1.190393054e3,6.916720909e1
1868,118266,17,17,1.191575517e3,6.936715633e1
1869,118266,17,17,1.192758135e3,6.956742633e1
1870,118266,17,17,1.193940847e3,6.976802813e1
1871,118266,17,17,1.195123537e3,6.996896087e1
1872,118266,17,17,1.196306164e3,7.017022517e1
1873,118266,17,17,1.197488748e3,7.037180233e1
1874,118266,17,17,1.198671359e3,7.057371047e1
1875,118266,17,17,1.199853949e3,7.077594999e1
1876,118266,17,17,1.201036581e3,7.097852133e1
1877,118266,17,17,1.202219185e3,7.118140591e1
1878,118266,17,17,1.203401770e3,7.138461247e1
1879,118266,17,17,1.204584310e3,7.158815041e1
1880,118266,17,17,1.205766844e3,7.179202023e1
1881,118266,17,17,1.206949306e3,7.199620341e1
1882,118266,17,17,1.208131681e3,7.220070874e1
1883,118266,17,17,1.209314013e3,7.240554564e1
1884,118266,17,17,1.210496338e3,7.261070511e1
1885,118266,17,17,1.211678577e3,7.281617756e1
1886,118266,17,17,1.212860764e3,7.302197179e1
1887,118266,17,17,1.214042903e3,7.322809725e1
1888,118266,17,17,1.215224975e3,7.343454500e1
1889,118266,17,17,1.216407091e3,7.364130547e1
1890,118266,17,17,1.217589048e3,7.384837803e1
1891,118266,17,17,1.218770966e3,7.405578110e1
1892,118266,17,17,1.219952826e3,7.426350583e1
1893,118266,17,17,1.221134635e3,7.447154279e1
1894,118266,17,17,1.222316379e3,7.467989146e1
1895,118266,17,17,1.223498093e3,7.488856087e1
1896,118266,17,17,1.224679810e3,7.509755123e1
1897,118266,17,17,1.225861501e3,7.530685322e1
1898,118266,17,17,1.227043020e3,7.551646651e1
1899,118266,17,17,1.228224396e3,7.572640027e1
1900,118266,17,17,1.229405486e3,7.593665484e1
1901,118266,17,17,1.230586363e3,7.614721155e1
1902,118266,17,17,1.231767052e3,7.635807907e1
1903,118266,17,17,1.232947811e3,7.656926671e1
1904,118266,17,17,1.234129062e3,7.678077492e1
1905,118266,17,17,1.235310807e3,7.699258513e1
1906,118266,17,17,1.236492758e3,7.720470610e1
1907,118266,17,17,1.237674864e3,7.741713771e1
1908,118266,17,17,1.238856408e3,7.762988939e1
1909,118266,17,17,1.240037074e3,7.784294265e1
1910,118266,17,17,1.241217491e3,7.805630630e1
1911,118266,17,17,1.242398578e3,7.826998032e1
1912,118266,17,17,1.243579948e3,7.848396468e1
1913,118266,17,17,1.244761754e3,7.869824986e1
1914,118266,17,17,1.245943246e3,7.891284478e1
1915,118266,17,17,1.247124626e3,7.912774947e1
1916,118266,17,17,1.248306123e3,7.934296403e1
1917,118266,17,17,1.249488515e3,7.955847902e1
1918,118266,17,17,1.250670347e3,7.977429396e1
1919,118266,17,17,1.251851727e3,7.999041790e1
1920,118266,17,17,1.253033239e3,8.020685103e1
1921,118266,17,17,1.254214808e3,8.042358405e1
1922,118266,17,17,1.255396505e3,8.064061659e1
1923,118266,17,17,1.256578271e3,8.085795782e1
1924,118266,17,17,1.257760070e3,8.107559853e1
1925,118266,17,17,1.258942011e3,8.129353845e1
1926,118266,17,17,1.260124059e3,8.151177730e1
1927,118266,17,17,1.261306215e3,8.173032438e1
1928,118266,17,17,1.262488348e3,8.194917059e1
1929,118266,17,17,1.263670545e3,8.216831573e1
1930,118266,17,17,1.264852787e3,8.238775014e1
1931,118266,17,17,1.266035069e3,8.260749208e1
1932,118266,17,17,1.267217233e3,8.282753254e1
1933,118266,17,17,1.268399507e3,8.304787143e1
1934,118266,17,17,1.269581843e3,8.326849916e1
1935,118266,17,17,1.270763433e3,8.348943408e1
1936,118266,17,17,1.271944429e3,8.371065775e1
1937,118266,17,17,1.273125064e3,8.393217906e1
1938,118266,17,17,1.274305342e3,8.415398850e1
1939,118266,17,17,1.275485343e3,8.437610452e1
1940,118266,17,17,1.276665010e3,8.459850876e1
1941,118266,17,17,1.277844657e3,8.482120069e1
1942,118266,17,17,1.279023905e3,8.504417980e1
1943,118266,17,17,1.280203008e3,8.526746462e1
1944,118266,17,17,1.281382226e3,8.549103694e1
1945,118266,17,17,1.282561677e3,8.571489630e1
1946,118266,17,17,1.283741362e3,8.593904232e1
1947,118266,17,17,1.284921345e3,8.616348414e1
1948,118266,17,17,1.286101473e3,8.638821252e1
1949,118266,17,17,1.287281759e3,8.661322714e1
1950,118266,17,17,1.288462166e3,8.683852772e1
1951,118266,17,17,1.289642732e3,8.706412352e1
1952,118266,17,17,1.290823306e3,8.729000539e1
1953,118266,17,17,1.292003804e3,8.751616362e1
1954,118266,17,17,1.293184198e3,8.774260692e1
1955,118266,17,17,1.294364216e3,8.796934464e1
1956,118266,17,17,1.295543815e3,8.819636774e1
1957,118266,17,17,1.296723364e3,8.842366662e1
1958,118266,17,17,1.297902338e3,8.865125006e1
1959,118266,17,17,1.299081027e3,8.887911800e1
1960,118266,17,17,1.300259634e3,8.910727039e1
1961,118266,17,17,1.301438046e3,8.933569771e1
1962,118266,17,17,1.302616277e3,8.956440884e1
1963,118266,17,17,1.303794482e3,8.979340381e1
1964,118266,17,17,1.304972719e3,9.002268268e1
1965,118266,17,17,1.306150915e3,9.025222647e1
1966,118266,17,17,1.307328999e3,9.048205308e1
1967,118266,17,17,1.308506884e3,9.071216263e1
1968,118266,17,17,1.309684453e3,9.094255526e1
1969,118266,17,17,1.310861718e3,9.117321212e1
1970,118266,17,17,1.312038753e3,9.140415117e1
1971,118266,17,17,1.313215528e3,9.163536314e1
1972,118266,17,17,1.314392097e3,9.186685716e1
1973,118266,17,17,1.315568475e3,9.209861446e1
1974,118266,17,17,1.316744708e3,9.233065313e1
1975,118266,17,17,1.317920582e3,9.256296398e1
1976,118266,17,17,1.319096253e3,9.279555624e1
1977,118266,17,17,1.320271711e3,9.302840174e1
1978,118266,17,17,1.321447098e3,9.326152755e1
1979,118266,17,17,1.322622496e3,9.349492457e1
1980,118266,17,17,1.323798240e3,9.372860215e1
1981,118266,17,17,1.324973940e3,9.396253219e1
1982,118266,17,17,1.326149787e3,9.419674187e1
1983,118266,17,17,1.327325821e3,9.443121267e1
1984,118266,17,17,1.328501984e3,9.466596291e1
1985,118266,17,17,1.329678196e3,9.490096462e1
1986,118266,17,17,1.330854444e3,9.513624504e1
1987,118266,17,17,1.332030669e3,9.537178577e1
1988,118266,17,17,1.333206774e3,9.560760523e1
1989,118266,17,17,1.334382801e3,9.584366599e1
1990,118266,17,17,1.335558821e3,9.608000433e1
1991,118266,17,17,1.336734218e3,9.631660190e1
1992,118266,17,17,1.337909301e3,9.655347724e1
1993,118266,17,17,1.339084059e3,9.679059303e1
1994,118266,17,17,1.340258576e3,9.702798562e1
1995,118266,17,17,1.341432871e3,9.726562726e1
1996,118266,17,17,1.342607021e3,9.750354547e1
1997,118266,17,17,1.343781031e3,9.774170304e1
1998,118266,17,17,1.344954907e3,9.798013642e1
1999,118266,17,17,1.346128672e3,9.821881795e1
2000,118266,17,17,1.347302429e3,9.845777525e1
2001,118266,17,17,1.348476137e3,9.869697121e1
2002,118266,17,17,1.349649676e3,9.893643285e1
2003,118266,17,17,1.350823184e3,9.917614151e1
2004,118266,17,17,1.351996718e3,9.941612489e1
2005,118266,17,17,1.353170191e3,9.965634597e1
2006,118266,17,17,1.354343577e3,9.989683185e1
2007,118266,17,17,1.355516830e3,1.001375640e2
2008,118266,17,17,1.356689976e3,1.003785606e2
2009,118266,17,17,1.357863025e3,1.006197937e2
2010,118266,17,17,1.359035926e3,1.008612905e2
2011,118266,17,17,1.360208698e3,1.011030325e2
2012,118266,17,17,1.361381478e3,1.013450380e2
2013,118266,17,17,1.362554894e3,1.015872791e2
2014,118266,17,17,1.363728594e3,1.018297737e2
2015,118266,17,17,1.364902714e3,1.020725120e2
2016,118266,17,17,1.366077086e3,1.023155128e2
2017,118266,17,17,1.367251084e3,1.025587299e2
2018,118266,17,17,1.368424609e3,1.028022411e2
2019,118266,17,17,1.369596910e3,1.030460178e2
2020,118266,17,17,1.370769047e3,1.032900591e2
2021,118266,17,17,1.371941953e3,1.035343347e2
2022,118266,17,17,1.373115627e3,1.037788986e2
2023,118266,17,17,1.374288404e3,1.040237069e2
2024,118266,17,17,1.375461355e3,1.042687765e2
2025,118266,17,17,1.376634043e3,1.045140776e2
2026,118266,17,17,1.377806730e3,1.047596371e2
2027,118266,17,17,1.378979181e3,1.050054254e2
2028,118266,17,17,1.380151806e3,1.052514859e2
2029,118266,17,17,1.381324192e3,1.054977903e2
2030,118266,17,17,1.382496488e3,1.057443481e2
2031,118266,17,17,1.383668672e3,1.059911305e2
2032,118266,17,17,1.384840614e3,1.062381643e2
2033,118266,17,17,1.386012330e3,1.064854224e2
2034,118266,17,17,1.387183794e3,1.067329343e2
2035,118266,17,17,1.388355053e3,1.069806723e2
2036,118266,17,17,1.389526102e3,1.072286917e2
2037,118266,17,17,1.390696907e3,1.074769467e2
2038,118266,17,17,1.391868479e3,1.077254554e2
2039,118266,17,17,1.393040581e3,1.079741888e2
2040,118266,17,17,1.394211829e3,1.082231734e2
2041,118266,17,17,1.395383329e3,1.084723823e2
2042,118266,17,17,1.396555100e3,1.087218421e2
2043,118266,17,17,1.397726884e3,1.089715255e2
2044,118266,17,17,1.398898866e3,1.092214867e2
2045,118266,17,17,1.400070208e3,1.094716821e2
2046,118266,17,17,1.401240722e3,1.097221304e2
2047,118266,17,17,1.402410476e3,1.099728039e2
2048,118266,17,17,1.403579895e3,1.102237204e2
2049,118266,17,17,1.404749435e3,1.104748717e2
2050,118266,17,17,1.405920036e3,1.107262745e2
2051,118266,17,17,1.407091080e3,1.109779004e2
2052,118266,17,17,1.408261827e3,1.112297919e2
2053,118266,17,17,1.409432258e3,1.114819233e2
2054,118266,17,17,1.410602461e3,1.117343032e2
2055,118266,17,17,1.411772479e3,1.119868941e2
2056,118266,17,17,1.412942335e3,1.122397228e2
2057,118266,17,17,1.414112075e3,1.124927912e2
2058,118266,17,17,1.415281726e3,1.127461081e2
2059,118266,17,17,1.416451219e3,1.129996365e2
2060,118266,17,17,1.417620543e3,1.132534297e2
2061,118266,17,17,1.418789646e3,1.135074717e2
2062,118266,17,17,1.419958503e3,1.137617623e2
2063,118266,17,17,1.421127141e3,1.140162637e2
2064,118266,17,17,1.422295493e3,1.142710023e2
2065,118266,17,17,1.423463593e3,1.145259782e2
2066,118266,17,17,1.424631411e3,1.147812119e2
2067,118266,17,17,1.425798992e3,1.150366549e2
2068,118266,17,17,1.426966319e3,1.152923599e2
2069,118266,17,17,1.428133338e3,1.155483099e2
2070,118266,17,17,1.429300107e3,1.158045163e2
2071,118266,17,17,1.430466703e3,1.160609309e2
2072,118266,17,17,1.431632984e3,1.163175803e2
2073,118266,17,17,1.432799095e3,1.165744648e2
2074,118266,17,17,1.433965043e3,1.168316157e2
2075,118266,17,17,1.435130842e3,1.170889756e2
2076,118266,17,17,1.436296468e3,1.173465799e2
2077,118266,17,17,1.437462087e3,1.176044379e2
2078,118266,17,17,1.438627405e3,1.178625704e2
2079,118266,17,17,1.439792529e3,1.181209123e2
2080,118266,17,17,1.440957478e3,1.183794896e2
2081,118266,17,17,1.442122270e3,1.186383019e2
2082,118266,17,17,1.443286925e3,1.188973779e2
2083,118266,17,17,1.444451479e3,1.191566728e2
2084,118266,17,17,1.445615932e3,1.194162021e2
2085,118266,17,17,1.446780436e3,1.196759915e2
2086,118266,17,17,1.447944960e3,1.199360524e2
2087,118266,17,17,1.449109467e3,1.201963312e2
2088,118266,17,17,1.450273865e3,1.204568440e2
2089,118266,17,17,1.451438076e3,1.207175907e2
2090,118266,17,17,1.452602085e3,1.209785996e2
2091,118266,17,17,1.453765901e3,1.212398366e2
2092,118266,17,17,1.454929497e3,1.215013080e2
2093,118266,17,17,1.456092938e3,1.217630391e2
2094,118266,17,17,1.457256226e3,1.220250322e2
2095,118266,17,17,1.458419429e3,1.222872613e2
2096,118266,17,17,1.459582546e3,1.225497242e2
2097,118266,17,17,1.460745606e3,1.228124200e2
2098,118266,17,17,1.461908600e3,1.230753765e2
2099,118266,17,17,1.463071523e3,1.233385685e2
2100,118266,17,17,1.464234333e3,1.236019937e2
2101,118266,17,17,1.465397081e3,1.238656513e2
2102,118266,17,17,1.466559692e3,1.241295960e2
2103,118266,17,17,1.467722156e3,1.243937757e2
2104,118266,17,17,1.468884408e3,1.246581978e2
2105,118266,17,17,1.470046395e3,1.249228523e2
2106,118266,17,17,1.471208162e3,1.251877668e2
2107,118266,17,17,1.472369660e3,1.254529147e2
2108,118266,17,17,1.473530907e3,1.257183054e2
2109,118266,17,17,1.474691923e3,1.259839280e2
2110,118266,17,17,1.475852734e3,1.262498363e2
2111,118266,17,17,1.477013457e3,1.265159776e2
2112,118266,17,17,1.478173995e3,1.267823708e2
2113,118266,17,17,1.479334327e3,1.270489960e2
2114,118266,17,17,1.480494407e3,1.273158808e2
2115,118266,17,17,1.481654244e3,1.275829979e2
2116,118266,17,17,1.482813844e3,1.278503671e2
2117,118266,17,17,1.483973024e3,1.281179680e2
2118,118266,17,17,1.485132044e3,1.283858281e2
2119,118266,17,17,1.486290919e3,1.286539465e2
2120,118266,17,17,1.487449918e3,1.289223162e2
2121,118266,17,17,1.488608637e3,1.291909266e2
2122,118266,17,17,1.489767282e3,1.294597958e2
2123,118266,17,17,1.490925764e3,1.297288960e2
2124,118266,17,17,1.492084075e3,1.299982462e2
2125,118266,17,17,1.493242169e3,1.302678374e2
2126,118266,17,17,1.494399994e3,1.305376870e2
2127,118266,17,17,1.495557704e3,1.308077847e2
2128,118266,17,17,1.496715195e3,1.310781409e2
2129,118266,17,17,1.497869424e3,1.313487379e2
2130,118266,17,17,1.499031139e3,1.316196026e2
2131,118266,17,17,1.500189453e3,1.318906980e2
2132,118266,17,17,1.501346747e3,1.321620421e2
2133,118266,17,17,1.502504455e3,1.324336262e2
2134,118266,17,17,1.503662169e3,1.327054790e2
2135,118266,17,17,1.504819924e3,1.329775622e2
2136,118266,17,17,1.505977781e3,1.332499203e2
2137,118266,17,17,1.507135394e3,1.335225178e2
2138,118266,17,17,1.508292298e3,1.337953930e2
2139,118266,17,17,1.509448854e3,1.340684984e2
2140,118266,17,17,1.510604565e3,1.343418518e2
2141,118266,17,17,1.511760414e3,1.346154435e2
2142,118266,17,17,1.512916864e3,1.348893128e2
2143,118266,17,17,1.514073732e3,1.351634119e2
2144,118266,17,17,1.515230368e3,1.354377672e2
2145,118266,17,17,1.516386837e3,1.357123782e2
2146,118266,17,17,1.517543396e3,1.359872664e2
2147,118266,17,17,1.518699267e3,1.362623936e2
2148,118266,17,17,1.519854866e3,1.365377683e2
2149,118266,17,17,1.521009967e3,1.368133807e2
2150,118266,17,17,1.522164652e3,1.370892690e2
2151,118266,17,17,1.523319388e3,1.373653973e2
2152,118266,17,17,1.524474386e3,1.376417728e2
2153,118266,17,17,1.525628924e3,1.379184034e2
2154,118266,17,17,1.526782910e3,1.381953184e2
2155,118266,17,17,1.527936817e3,1.384724732e2
2156,118266,17,17,1.529090658e3,1.387498845e2
2157,118266,17,17,1.530244165e3,1.390275332e2
2158,118266,17,17,1.531397497e3,1.393054565e2
2159,118266,17,17,1.532551030e3,1.395836185e2
2160,118266,17,17,1.533704183e3,1.398620377e2
2161,118266,17,17,1.534857021e3,1.401406939e2
2162,118266,17,17,1.536009662e3,1.404196507e2
2163,118266,17,17,1.537162114e3,1.406988458e2
2164,118266,17,17,1.538314374e3,1.409782977e2
2165,118266,17,17,1.539466423e3,1.412579964e2
2166,118266,17,17,1.540618187e3,1.415379689e2
2167,118266,17,17,1.541769651e3,1.418181789e2
2168,118266,17,17,1.542920871e3,1.420986451e2
2169,118266,17,17,1.544071720e3,1.423793585e2
2170,118266,17,17,1.545222331e3,1.426603631e2
2171,118266,17,17,1.546372743e3,1.429416140e2
2172,118266,17,17,1.547523097e3,1.432231206e2
2173,118266,17,17,1.548673087e3,1.435048743e2
2174,118266,17,17,1.549822910e3,1.437869115e2
2175,118266,17,17,1.550972623e3,1.440691856e2
2176,118266,17,17,1.552122122e3,1.443517146e2
2177,118266,17,17,1.553271356e3,1.446344899e2
2178,118266,17,17,1.554420450e3,1.449175491e2
2179,118266,17,17,1.555569304e3,1.452008627e2
2180,118266,17,17,1.556717937e3,1.454844400e2
2181,118266,17,17,1.557866447e3,1.457682630e2
2182,118266,17,17,1.559014759e3,1.460523792e2
2183,118266,17,17,1.560162946e3,1.463367321e2
2184,118266,17,17,1.561310930e3,1.466213393e2
2185,118266,17,17,1.562458715e3,1.469061914e2
2186,118266,17,17,1.563606308e3,1.471913370e2
2187,118266,17,17,1.564753751e3,1.474767192e2
2188,118266,17,17,1.565900958e3,1.477623733e2
2189,118266,17,17,1.567047962e3,1.480482810e2
2190,118266,17,17,1.568194725e3,1.483344818e2
2191,118266,17,17,1.569341276e3,1.486209285e2
2192,118266,17,17,1.570487678e3,1.489076294e2
2193,118266,17,17,1.571633866e3,1.491945744e2
2194,118266,17,17,1.572779712e3,1.494818116e2
2195,118266,17,17,1.573925177e3,1.497692955e2
2196,118266,17,17,1.575070269e3,1.500570334e2
2197,118266,17,17,1.576215073e3,1.503450332e2
2198,118266,17,17,1.577359652e3,1.506333336e2
2199,118266,17,17,1.578504065e3,1.509218808e2
2200,118266,17,17,1.579648406e3,1.512106914e2
2201,118266,17,17,1.580792342e3,1.514997460e2
2202,118266,17,17,1.581936052e3,1.517890914e2
2203,118266,17,17,1.583079608e3,1.520786827e2
2204,118266,17,17,1.584222867e3,1.523685382e2
2205,118266,17,17,1.585365814e3,1.526586549e2
2206,118266,17,17,1.586508485e3,1.529490712e2
2207,118266,17,17,1.587650827e3,1.532397330e2
2208,118266,17,17,1.588792868e3,1.535306588e2
2209,118266,17,17,1.589934649e3,1.538218383e2
2210,118266,17,17,1.591076193e3,1.541133080e2
2211,118266,17,17,1.592217453e3,1.544050226e2
2212,118266,17,17,1.593358427e3,1.546970006e2
2213,118266,17,17,1.594499246e3,1.549892328e2
2214,118266,17,17,1.595639866e3,1.552817730e2
2215,118266,17,17,1.596780265e3,1.555745669e2
2216,118266,17,17,1.597920433e3,1.558676238e2
2217,118266,17,17,1.599060525e3,1.561609349e2
2218,118266,17,17,1.600200830e3,1.564545460e2
2219,118266,17,17,1.601341083e3,1.567484016e2
2220,118266,17,17,1.602480595e3,1.570425196e2
2221,118266,17,17,1.603619922e3,1.573368912e2
2222,118266,17,17,1.604759104e3,1.576315634e2
2223,118266,17,17,1.605898007e3,1.579264978e2
2224,118266,17,17,1.607036758e3,1.582217036e2
2225,118266,17,17,1.608175184e3,1.585171625e2
2226,118266,17,17,1.609313383e3,1.588129219e2
2227,118266,17,17,1.610451361e3,1.591089357e2
2228,118266,17,17,1.611589077e3,1.594052114e2
2229,118266,17,17,1.612726544e3,1.597017397e2
2230,118266,17,17,1.613863797e3,1.599985679e2
2231,118266,17,17,1.615000726e3,1.602956511e2
2232,118266,17,17,1.616137417e3,1.605930140e2
2233,118266,17,17,1.617273801e3,1.608906383e2
2234,118266,17,17,1.618409991e3,1.611885623e2
2235,118266,17,17,1.619546035e3,1.614867411e2
2236,118266,17,17,1.620681839e3,1.617851917e2
2237,118266,17,17,1.621817475e3,1.620838945e2
2238,118266,17,17,1.622952897e3,1.623828963e2
2239,118266,17,17,1.624088170e3,1.626821524e2
2240,118266,17,17,1.625223448e3,1.629816896e2
2241,118266,17,17,1.626358255e3,1.632814881e2
2242,118266,17,17,1.627492807e3,1.635815945e2
2243,118266,17,17,1.628627241e3,1.638819548e2
2244,118266,17,17,1.629761320e3,1.641825874e2
2245,118266,17,17,1.630895109e3,1.644834821e2
2246,118266,17,17,1.632028659e3,1.647846755e2
2247,118266,17,17,1.633162267e3,1.650861222e2
2248,118266,17,17,1.634295386e3,1.653878407e2
2249,118266,17,17,1.635428325e3,1.656898308e2
2250,118266,17,17,1.636561071e3,1.659921288e2
2251,118266,17,17,1.637693689e3,1.662946890e2
2252,118266,17,17,1.638826208e3,1.665975207e2
2253,118266,17,17,1.639958584e3,1.669006152e2
2254,118266,17,17,1.641090827e3,1.672040182e2
2255,118266,17,17,1.642222974e3,1.675076743e2
2256,118266,17,17,1.643355047e3,1.678116015e2
2257,118266,17,17,1.644487126e3,1.681157908e2
2258,118266,17,17,1.645619161e3,1.684202982e2
2259,118266,17,17,1.646750560e3,1.687250679e2
2260,118266,17,17,1.647881864e3,1.690301175e2
2261,118266,17,17,1.649013479e3,1.693354290e2
2262,118266,17,17,1.650144038e3,1.696410497e2
2263,118266,17,17,1.651274549e3,1.699469335e2
2264,118266,17,17,1.652405029e3,1.702530881e2
2265,118266,17,17,1.653535395e3,1.705595040e2
2266,118266,17,17,1.654665795e3,1.708662286e2
2267,118266,17,17,1.655795560e3,1.711732259e2
2268,118266,17,17,1.656924480e3,1.714805031e2
2269,118266,17,17,1.658052751e3,1.717880507e2
2270,118266,17,17,1.659180899e3,1.720959067e2
2271,118266,17,17,1.660309434e3,1.724040264e2
2272,118266,17,17,1.661438227e3,1.727124269e2
2273,118266,17,17,1.662566943e3,1.730210887e2
2274,118266,17,17,1.663695330e3,1.733300584e2
2275,118266,17,17,1.664823510e3,1.736392913e2
2276,118266,17,17,1.665951512e3,1.739488146e2
2277,118266,17,17,1.667079364e3,1.742586082e2
2278,118266,17,17,1.668207020e3,1.745687189e2
2279,118266,17,17,1.669334629e3,1.748790926e2
2280,118266,17,17,1.670461960e3,1.751897477e2
2281,118266,17,17,1.671588956e3,1.755006741e2
2282,118266,17,17,1.672715730e3,1.758119083e2
2283,118266,17,17,1.673842517e3,1.761234051e2
2284,118266,17,17,1.674968563e3,1.764351829e2
2285,118266,17,17,1.676094270e3,1.767472414e2
2286,118266,17,17,1.677219685e3,1.770596171e2
2287,118266,17,17,1.678344666e3,1.773722644e2
2288,118266,17,17,1.679468980e3,1.776851925e2
2289,118266,17,17,1.680592230e3,1.779983924e2
2290,118266,17,17,1.681715306e3,1.783119104e2
2291,118266,17,17,1.682837742e3,1.786256908e2
2292,118266,17,17,1.683960029e3,1.789397516e2
2293,118266,17,17,1.685082191e3,1.792540839e2
2294,118266,17,17,1.686204142e3,1.795687437e2
2295,118266,17,17,1.687325931e3,1.798836752e2
2296,118266,17,17,1.688447517e3,1.801988962e2
2297,118266,17,17,1.689568850e3,1.805143886e2
2298,118266,17,17,1.690690043e3,1.808301996e2
2299,118266,17,17,1.691810976e3,1.811462831e2
2300,118266,17,17,1.692931768e3,1.814626471e2
2301,118266,17,17,1.694052342e3,1.817792820e2
2302,118266,17,17,1.695172750e3,1.820962351e2
2303,118266,17,17,1.696292866e3,1.824134704e2
2304,118266,17,17,1.697412603e3,1.827309954e2
2305,118266,17,17,1.698532259e3,1.830488003e2
2306,118266,17,17,1.699651528e3,1.833669233e2
2307,118266,17,17,1.700770244e3,1.836853197e2
2308,118266,17,17,1.701888635e3,1.840039967e2
2309,118266,17,17,1.703006809e3,1.843229549e2
2310,118266,17,17,1.704123668e3,1.846422310e2
2311,118266,17,17,1.705241894e3,1.849617801e2
2312,118266,17,17,1.706359915e3,1.852816187e2
2313,118266,17,17,1.707477142e3,1.856017481e2
2314,118266,17,17,1.708594061e3,1.859222045e2
2315,118266,17,17,1.709710566e3,1.862429339e2
2316,118266,17,17,1.710826805e3,1.865639439e2
2317,118266,17,17,1.711942666e3,1.868852355e2
2318,118266,17,17,1.713058182e3,1.872068554e2
2319,118266,17,17,1.714173421e3,1.875287480e2
2320,118266,17,17,1.715288345e3,1.878509213e2
2321,118266,17,17,1.716402936e3,1.881733847e2
2322,118266,17,17,1.717517151e3,1.884961859e2
2323,118266,17,17,1.718631051e3,1.888192690e2
2324,118266,17,17,1.719744761e3,1.891426331e2
2325,118266,17,17,1.720858338e3,1.894662781e2
2326,118266,17,17,1.721971785e3,1.897902516e2
2327,118266,17,17,1.723084954e3,1.901145084e2
2328,118266,17,17,1.724197746e3,1.904390463e2
2329,118266,17,17,1.725310295e3,1.907638649e2
2330,118266,17,17,1.726422954e3,1.910890206e2
2331,118266,17,17,1.727535727e3,1.914144691e2
2332,118266,17,17,1.728648132e3,1.917401990e2
2333,118266,17,17,1.729760407e3,1.920662191e2
2334,118266,17,17,1.730873145e3,1.923925673e2
2335,118266,17,17,1.731985303e3,1.927191990e2
2336,118266,17,17,1.733097014e3,1.930461122e2
2337,118266,17,17,1.734208417e3,1.933733168e2
2338,118266,17,17,1.735319488e3,1.937008495e2
2339,118266,17,17,1.736430219e3,1.940286742e2
2340,118266,17,17,1.737540659e3,1.943567896e2
2341,118266,17,17,1.738650787e3,1.946851874e2
2342,118266,17,17,1.739760627e3,1.950139220e2
2343,118266,17,17,1.740870187e3,1.953429393e2
2344,118266,17,17,1.741979457e3,1.956722375e2
2345,118266,17,17,1.743088457e3,1.960018174e2
2346,118266,17,17,1.744197232e3,1.963317348e2
2347,118266,17,17,1.745305872e3,1.966619247e2
2348,118266,17,17,1.746414246e3,1.969924035e2
2349,118266,17,17,1.747522322e3,1.973231717e2
2350,118266,17,17,1.748630030e3,1.976542769e2
2351,118266,17,17,1.749737619e3,1.979856633e2
2352,118266,17,17,1.750844858e3,1.983173294e2
2353,118266,17,17,1.751951765e3,1.986492746e2
2354,118266,17,17,1.753058449e3,1.989815466e2
2355,118266,17,17,1.754164897e3,1.993140997e2
2356,118266,17,17,1.755271189e3,1.996469317e2
2357,118266,17,17,1.756377280e3,1.999800507e2
2358,118266,17,17,1.757483055e3,2.003135041e2
2359,118266,17,17,1.758588599e3,2.006472386e2
2360,118266,17,17,1.759693936e3,2.009812608e2
2361,118266,17,17,1.760798976e3,2.013155608e2
2362,118266,17,17,1.761903665e3,2.016501856e2
2363,118266,17,17,1.763008104e3,2.019850810e2
2364,118266,17,17,1.764112269e3,2.023202646e2
2365,118266,17,17,1.765216156e3,2.026557253e2
2366,118266,17,17,1.766319845e3,2.029915187e2
2367,118266,17,17,1.767423219e3,2.033275907e2
2368,118266,17,17,1.768526284e3,2.036639508e2
2369,118266,17,17,1.769629054e3,2.040005875e2
2370,118266,17,17,1.770731105e3,2.043375575e2
2371,118266,17,17,1.771832269e3,2.046747966e2
2372,118266,17,17,1.772932856e3,2.050123136e2
2373,118266,17,17,1.774032909e3,2.053501064e2
2374,118266,17,17,1.775132603e3,2.056882327e2
2375,118266,17,17,1.776232096e3,2.060266360e2
2376,118266,17,17,1.777331334e3,2.063653161e2
2377,118266,17,17,1.778430221e3,2.067042808e2
2378,118266,17,17,1.779528748e3,2.070435787e2
2379,118266,17,17,1.780626891e3,2.073831539e2
2380,118266,17,17,1.781724698e3,2.077230054e2
2381,118266,17,17,1.782822221e3,2.080631224e2
2382,118266,17,17,1.783919513e3,2.084035711e2
2383,118266,17,17,1.785016495e3,2.087442974e2
2384,118266,17,17,1.786113283e3,2.090852991e2
2385,118266,17,17,1.787210000e3,2.094265746e2
2386,118266,17,17,1.788306367e3,2.097681899e2
2387,118266,17,17,1.789402397e3,2.101100826e2
2388,118266,17,17,1.790498123e3,2.104522502e2
2389,118266,17,17,1.791593481e3,2.107946921e2
2390,118266,17,17,1.792688672e3,2.111374548e2
2391,118266,17,17,1.793783686e3,2.114804935e2
2392,118266,17,17,1.794878441e3,2.118238063e2
2393,118266,17,17,1.795972863e3,2.121673936e2
2394,118266,17,17,1.797066981e3,2.125113096e2
2395,118266,17,17,1.798160867e3,2.128555097e2
2396,118266,17,17,1.799254543e3,2.131999833e2
2397,118266,17,17,1.800348023e3,2.135447311e2
2398,118266,17,17,1.801441128e3,2.138898081e2
2399,118266,17,17,1.802534094e3,2.142351597e2
