frame,join,only_a,only_b,divL,divR
0,118283,0,0,0.000000000e0,0.000000000e0
1,118283,0,0,0.000000000e0,0.000000000e0
2,118283,0,0,0.000000000e0,0.000000000e0
3,118283,0,0,0.000000000e0,0.000000000e0
4,118283,0,0,0.000000000e0,0.000000000e0
5,118283,0,0,0.000000000e0,0.000000000e0
6,118283,0,0,0.000000000e0,0.000000000e0
7,118283,0,0,0.000000000e0,0.000000000e0
8,118283,0,0,0.000000000e0,0.000000000e0
9,118283,0,0,0.000000000e0,0.000000000e0
10,118283,0,0,0.000000000e0,0.000000000e0
11,118283,0,0,0.000000000e0,0.000000000e0
12,118283,0,0,0.000000000e0,0.000000000e0
13,118283,0,0,0.000000000e0,0.000000000e0
14,118283,0,0,0.000000000e0,0.000000000e0
15,118283,0,0,0.000000000e0,0.000000000e0
16,118283,0,0,0.000000000e0,0.000000000e0
17,118283,0,0,0.000000000e0,0.000000000e0
18,118283,0,0,0.000000000e0,0.000000000e0
19,118283,0,0,0.000000000e0,0.000000000e0
20,118283,0,0,0.000000000e0,0.000000000e0
21,118283,0,0,0.000000000e0,0.000000000e0
22,118283,0,0,0.000000000e0,0.000000000e0
23,118283,0,0,0.000000000e0,0.000000000e0
24,118283,0,0,0.000000000e0,0.000000000e0
25,118283,0,0,0.000000000e0,0.000000000e0
26,118283,0,0,0.000000000e0,0.000000000e0
27,118283,0,0,0.000000000e0,0.000000000e0
28,118283,0,0,0.000000000e0,0.000000000e0
29,118283,0,0,0.000000000e0,0.000000000e0
30,118283,0,0,0.000000000e0,0.000000000e0
31,118283,0,0,0.000000000e0,0.000000000e0
32,118283,0,0,0.000000000e0,0.000000000e0
33,118283,0,0,0.000000000e0,0.000000000e0
34,118283,0,0,0.000000000e0,0.000000000e0
35,118283,0,0,0.000000000e0,0.000000000e0
36,118283,0,0,0.000000000e0,0.000000000e0
37,118283,0,0,0.000000000e0,0.000000000e0
38,118283,0,0,0.000000000e0,0.000000000e0
39,118283,0,0,0.000000000e0,0.000000000e0
40,118283,0,0,0.000000000e0,0.000000000e0
41,118283,0,0,0.000000000e0,0.000000000e0
42,118283,0,0,0.000000000e0,0.000000000e0
43,118283,0,0,0.000000000e0,0.000000000e0
44,118283,0,0,0.000000000e0,0.000000000e0
45,118283,0,0,0.000000000e0,0.000000000e0
46,118283,0,0,0.000000000e0,0.000000000e0
47,118283,0,0,0.000000000e0,0.000000000e0
48,118283,0,0,0.000000000e0,0.000000000e0
49,118283,0,0,0.000000000e0,0.000000000e0
50,118283,0,0,0.000000000e0,0.000000000e0
51,118283,0,0,0.000000000e0,0.000000000e0
52,118283,0,0,0.000000000e0,0.000000000e0
53,118283,0,0,0.000000000e0,0.000000000e0
54,118283,0,0,0.000000000e0,0.000000000e0
55,118283,0,0,0.000000000e0,0.000000000e0
56,118283,0,0,0.000000000e0,0.000000000e0
57,118283,0,0,0.000000000e0,0.000000000e0
58,118283,0,0,0.000000000e0,0.000000000e0
59,118283,0,0,0.000000000e0,0.000000000e0
60,118283,0,0,0.000000000e0,0.000000000e0
61,118283,0,0,0.000000000e0,0.000000000e0
62,118283,0,0,0.000000000e0,0.000000000e0
63,118283,0,0,0.000000000e0,0.000000000e0
64,118283,0,0,0.000000000e0,0.000000000e0
65,118283,0,0,0.000000000e0,0.000000000e0
66,118283,0,0,0.000000000e0,0.000000000e0
67,118283,0,0,0.000000000e0,0.000000000e0
68,118283,0,0,0.000000000e0,0.000000000e0
69,118283,0,0,0.000000000e0,0.000000000e0
70,118283,0,0,0.000000000e0,0.000000000e0
71,118283,0,0,0.000000000e0,0.000000000e0
72,118283,0,0,0.000000000e0,0.000000000e0
73,118283,0,0,0.000000000e0,0.000000000e0
74,118283,0,0,0.000000000e0,0.000000000e0
75,118283,0,0,0.000000000e0,0.000000000e0
76,118283,0,0,0.000000000e0,0.000000000e0
77,118283,0,0,0.000000000e0,0.000000000e0
78,118283,0,0,0.000000000e0,0.000000000e0
79,118283,0,0,0.000000000e0,0.000000000e0
80,118283,0,0,0.000000000e0,0.000000000e0
81,118283,0,0,0.000000000e0,0.000000000e0
82,118283,0,0,0.000000000e0,0.000000000e0
83,118283,0,0,0.000000000e0,0.000000000e0
84,118283,0,0,0.000000000e0,0.000000000e0
85,118283,0,0,0.000000000e0,0.000000000e0
86,118283,0,0,0.000000000e0,0.000000000e0
87,118283,0,0,0.000000000e0,0.000000000e0
88,118283,0,0,0.000000000e0,0.000000000e0
89,118283,0,0,0.000000000e0,0.000000000e0
90,118283,0,0,0.000000000e0,0.000000000e0
91,118283,0,0,0.000000000e0,0.000000000e0
92,118283,0,0,0.000000000e0,0.000000000e0
93,118283,0,0,0.000000000e0,0.000000000e0
94,118283,0,0,0.000000000e0,0.000000000e0
95,118283,0,0,0.000000000e0,0.000000000e0
96,118283,0,0,0.000000000e0,0.000000000e0
97,118283,0,0,0.000000000e0,0.000000000e0
98,118283,0,0,0.000000000e0,0.000000000e0
99,118283,0,0,0.000000000e0,0.000000000e0
100,118283,0,0,0.000000000e0,0.000000000e0
101,118283,0,0,0.000000000e0,0.000000000e0
102,118283,0,0,0.000000000e0,0.000000000e0
103,118283,0,0,0.000000000e0,0.000000000e0
104,118283,0,0,0.000000000e0,0.000000000e0
105,118283,0,0,0.000000000e0,0.000000000e0
106,118283,0,0,0.000000000e0,0.000000000e0
107,118283,0,0,0.000000000e0,0.000000000e0
108,118283,0,0,0.000000000e0,0.000000000e0
109,118283,0,0,0.000000000e0,0.000000000e0
110,118283,0,0,0.000000000e0,0.000000000e0
111,118283,0,0,0.000000000e0,0.000000000e0
112,118283,0,0,0.000000000e0,0.000000000e0
113,118283,0,0,0.000000000e0,0.000000000e0
114,118283,0,0,0.000000000e0,0.000000000e0
115,118283,0,0,0.000000000e0,0.000000000e0
116,118283,0,0,0.000000000e0,0.000000000e0
117,118283,0,0,0.000000000e0,0.000000000e0
118,118283,0,0,0.000000000e0,0.000000000e0
119,118283,0,0,0.000000000e0,0.000000000e0
120,118283,0,0,0.000000000e0,0.000000000e0
121,118283,0,0,0.000000000e0,0.000000000e0
122,118283,0,0,0.000000000e0,0.000000000e0
123,118283,0,0,0.000000000e0,0.000000000e0
124,118283,0,0,0.000000000e0,0.000000000e0
125,118283,0,0,0.000000000e0,0.000000000e0
126,118283,0,0,0.000000000e0,0.000000000e0
127,118283,0,0,0.000000000e0,0.000000000e0
128,118283,0,0,0.000000000e0,0.000000000e0
129,118283,0,0,0.000000000e0,0.000000000e0
130,118283,0,0,0.000000000e0,0.000000000e0
131,118283,0,0,0.000000000e0,0.000000000e0
132,118283,0,0,0.000000000e0,0.000000000e0
133,118283,0,0,0.000000000e0,0.000000000e0
134,118283,0,0,0.000000000e0,0.000000000e0
135,118283,0,0,0.000000000e0,0.000000000e0
136,118283,0,0,0.000000000e0,0.000000000e0
137,118283,0,0,0.000000000e0,0.000000000e0
138,118283,0,0,0.000000000e0,0.000000000e0
139,118283,0,0,0.000000000e0,0.000000000e0
140,118283,0,0,0.000000000e0,0.000000000e0
141,118283,0,0,0.000000000e0,0.000000000e0
142,118283,0,0,0.000000000e0,0.000000000e0
143,118283,0,0,0.000000000e0,0.000000000e0
144,118283,0,0,0.000000000e0,0.000000000e0
145,118283,0,0,0.000000000e0,0.000000000e0
146,118283,0,0,0.000000000e0,0.000000000e0
147,118283,0,0,0.000000000e0,0.000000000e0
148,118283,0,0,0.000000000e0,0.000000000e0
149,118283,0,0,0.000000000e0,0.000000000e0
150,118283,0,0,0.000000000e0,0.000000000e0
151,118283,0,0,0.000000000e0,0.000000000e0
152,118283,0,0,0.000000000e0,0.000000000e0
153,118283,0,0,0.000000000e0,0.000000000e0
154,118283,0,0,0.000000000e0,0.000000000e0
155,118283,0,0,0.000000000e0,0.000000000e0
156,118283,0,0,0.000000000e0,0.000000000e0
157,118283,0,0,0.000000000e0,0.000000000e0
158,118283,0,0,0.000000000e0,0.000000000e0
159,118283,0,0,0.000000000e0,0.000000000e0
160,118283,0,0,0.000000000e0,0.000000000e0
161,118283,0,0,0.000000000e0,0.000000000e0
162,118283,0,0,0.000000000e0,0.000000000e0
163,118283,0,0,0.000000000e0,0.000000000e0
164,118283,0,0,0.000000000e0,0.000000000e0
165,118283,0,0,0.000000000e0,0.000000000e0
166,118283,0,0,0.000000000e0,0.000000000e0
167,118283,0,0,0.000000000e0,0.000000000e0
168,118283,0,0,0.000000000e0,0.000000000e0
169,118283,0,0,0.000000000e0,0.000000000e0
170,118283,0,0,0.000000000e0,0.000000000e0
171,118283,0,0,0.000000000e0,0.000000000e0
172,118283,0,0,0.000000000e0,0.000000000e0
173,118283,0,0,0.000000000e0,0.000000000e0
174,118283,0,0,0.000000000e0,0.000000000e0
175,118283,0,0,0.000000000e0,0.000000000e0
176,118283,0,0,0.000000000e0,0.000000000e0
177,118283,0,0,0.000000000e0,0.000000000e0
178,118283,0,0,0.000000000e0,0.000000000e0
179,118283,0,0,0.000000000e0,0.000000000e0
180,118283,0,0,0.000000000e0,0.000000000e0
181,118283,0,0,0.000000000e0,0.000000000e0
182,118283,0,0,0.000000000e0,0.000000000e0
183,118283,0,0,0.000000000e0,0.000000000e0
184,118283,0,0,0.000000000e0,0.000000000e0
185,118283,0,0,0.000000000e0,0.000000000e0
186,118283,0,0,0.000000000e0,0.000000000e0
187,118283,0,0,0.000000000e0,0.000000000e0
188,118283,0,0,0.000000000e0,0.000000000e0
189,118283,0,0,0.000000000e0,0.000000000e0
190,118283,0,0,0.000000000e0,0.000000000e0
191,118283,0,0,0.000000000e0,0.000000000e0
192,118283,0,0,0.000000000e0,0.000000000e0
193,118283,0,0,0.000000000e0,0.000000000e0
194,118283,0,0,0.000000000e0,0.000000000e0
195,118283,0,0,0.000000000e0,0.000000000e0
196,118283,0,0,0.000000000e0,0.000000000e0
197,118283,0,0,0.000000000e0,0.000000000e0
198,118283,0,0,0.000000000e0,0.000000000e0
199,118283,0,0,0.000000000e0,0.000000000e0
200,118283,0,0,0.000000000e0,0.000000000e0
201,118283,0,0,0.000000000e0,0.000000000e0
202,118283,0,0,0.000000000e0,0.000000000e0
203,118283,0,0,0.000000000e0,0.000000000e0
204,118283,0,0,0.000000000e0,0.000000000e0
205,118283,0,0,0.000000000e0,0.000000000e0
206,118283,0,0,0.000000000e0,0.000000000e0
207,118283,0,0,0.000000000e0,0.000000000e0
208,118283,0,0,0.000000000e0,0.000000000e0
209,118283,0,0,0.000000000e0,0.000000000e0
210,118283,0,0,0.000000000e0,0.000000000e0
211,118283,0,0,0.000000000e0,0.000000000e0
212,118283,0,0,0.000000000e0,0.000000000e0
213,118283,0,0,0.000000000e0,0.000000000e0
214,118283,0,0,0.000000000e0,0.000000000e0
215,118283,0,0,0.000000000e0,0.000000000e0
216,118283,0,0,0.000000000e0,0.000000000e0
217,118283,0,0,0.000000000e0,0.000000000e0
218,118283,0,0,0.000000000e0,0.000000000e0
219,118283,0,0,0.000000000e0,0.000000000e0
220,118283,0,0,0.000000000e0,0.000000000e0
221,118283,0,0,0.000000000e0,0.000000000e0
222,118283,0,0,0.000000000e0,0.000000000e0
223,118283,0,0,0.000000000e0,0.000000000e0
224,118283,0,0,0.000000000e0,0.000000000e0
225,118283,0,0,0.000000000e0,0.000000000e0
226,118283,0,0,0.000000000e0,0.000000000e0
227,118283,0,0,0.000000000e0,0.000000000e0
228,118283,0,0,0.000000000e0,0.000000000e0
229,118283,0,0,0.000000000e0,0.000000000e0
230,118283,0,0,0.000000000e0,0.000000000e0
231,118283,0,0,0.000000000e0,0.000000000e0
232,118283,0,0,0.000000000e0,0.000000000e0
233,118283,0,0,0.000000000e0,0.000000000e0
234,118283,0,0,0.000000000e0,0.000000000e0
235,118283,0,0,0.000000000e0,0.000000000e0
236,118283,0,0,0.000000000e0,0.000000000e0
237,118283,0,0,0.000000000e0,0.000000000e0
238,118283,0,0,0.000000000e0,0.000000000e0
239,118283,0,0,0.000000000e0,0.000000000e0
240,118283,0,0,0.000000000e0,0.000000000e0
241,118283,0,0,0.000000000e0,0.000000000e0
242,118283,0,0,0.000000000e0,0.000000000e0
243,118283,0,0,0.000000000e0,0.000000000e0
244,118283,0,0,0.000000000e0,0.000000000e0
245,118283,0,0,0.000000000e0,0.000000000e0
246,118283,0,0,0.000000000e0,0.000000000e0
247,118283,0,0,0.000000000e0,0.000000000e0
248,118283,0,0,0.000000000e0,0.000000000e0
249,118283,0,0,0.000000000e0,0.000000000e0
250,118283,0,0,0.000000000e0,0.000000000e0
251,118283,0,0,0.000000000e0,0.000000000e0
252,118283,0,0,0.000000000e0,0.000000000e0
253,118283,0,0,0.000000000e0,0.000000000e0
254,118283,0,0,0.000000000e0,0.000000000e0
255,118283,0,0,0.000000000e0,0.000000000e0
256,118283,0,0,0.000000000e0,0.000000000e0
257,118283,0,0,0.000000000e0,0.000000000e0
258,118283,0,0,0.000000000e0,0.000000000e0
259,118283,0,0,0.000000000e0,0.000000000e0
260,118283,0,0,0.000000000e0,0.000000000e0
261,118283,0,0,0.000000000e0,0.000000000e0
262,118283,0,0,0.000000000e0,0.000000000e0
263,118283,0,0,0.000000000e0,0.000000000e0
264,118283,0,0,0.000000000e0,0.000000000e0
265,118283,0,0,0.000000000e0,0.000000000e0
266,118283,0,0,0.000000000e0,0.000000000e0
267,118283,0,0,0.000000000e0,0.000000000e0
268,118283,0,0,0.000000000e0,0.000000000e0
269,118283,0,0,0.000000000e0,0.000000000e0
270,118283,0,0,0.000000000e0,0.000000000e0
271,118283,0,0,0.000000000e0,0.000000000e0
272,118283,0,0,0.000000000e0,0.000000000e0
273,118283,0,0,0.000000000e0,0.000000000e0
274,118283,0,0,0.000000000e0,0.000000000e0
275,118283,0,0,0.000000000e0,0.000000000e0
276,118283,0,0,0.000000000e0,0.000000000e0
277,118283,0,0,0.000000000e0,0.000000000e0
278,118283,0,0,0.000000000e0,0.000000000e0
279,118283,0,0,0.000000000e0,0.000000000e0
280,118283,0,0,0.000000000e0,0.000000000e0
281,118283,0,0,0.000000000e0,0.000000000e0
282,118283,0,0,0.000000000e0,0.000000000e0
283,118283,0,0,0.000000000e0,0.000000000e0
284,118283,0,0,0.000000000e0,0.000000000e0
285,118283,0,0,0.000000000e0,0.000000000e0
286,118283,0,0,0.000000000e0,0.000000000e0
287,118283,0,0,0.000000000e0,0.000000000e0
288,118283,0,0,0.000000000e0,0.000000000e0
289,118283,0,0,0.000000000e0,0.000000000e0
290,118283,0,0,0.000000000e0,0.000000000e0
291,118283,0,0,0.000000000e0,0.000000000e0
292,118283,0,0,0.000000000e0,0.000000000e0
293,118283,0,0,0.000000000e0,0.000000000e0
294,118283,0,0,0.000000000e0,0.000000000e0
295,118283,0,0,0.000000000e0,0.000000000e0
296,118283,0,0,0.000000000e0,0.000000000e0
297,118283,0,0,0.000000000e0,0.000000000e0
298,118283,0,0,0.000000000e0,0.000000000e0
299,118283,0,0,0.000000000e0,0.000000000e0
300,118283,0,0,0.000000000e0,0.000000000e0
301,118283,0,0,0.000000000e0,0.000000000e0
302,118283,0,0,0.000000000e0,0.000000000e0
303,118283,0,0,0.000000000e0,0.000000000e0
304,118283,0,0,0.000000000e0,0.000000000e0
305,118283,0,0,0.000000000e0,0.000000000e0
306,118283,0,0,0.000000000e0,0.000000000e0
307,118283,0,0,0.000000000e0,0.000000000e0
308,118283,0,0,0.000000000e0,0.000000000e0
309,118283,0,0,0.000000000e0,0.000000000e0
310,118283,0,0,0.000000000e0,0.000000000e0
311,118283,0,0,0.000000000e0,0.000000000e0
312,118283,0,0,0.000000000e0,0.000000000e0
313,118283,0,0,0.000000000e0,0.000000000e0
314,118283,0,0,0.000000000e0,0.000000000e0
315,118283,0,0,0.000000000e0,0.000000000e0
316,118283,0,0,0.000000000e0,0.000000000e0
317,118283,0,0,0.000000000e0,0.000000000e0
318,118283,0,0,0.000000000e0,0.000000000e0
319,118283,0,0,0.000000000e0,0.000000000e0
320,118283,0,0,0.000000000e0,0.000000000e0
321,118283,0,0,0.000000000e0,0.000000000e0
322,118283,0,0,0.000000000e0,0.000000000e0
323,118283,0,0,0.000000000e0,0.000000000e0
324,118283,0,0,0.000000000e0,0.000000000e0
325,118283,0,0,0.000000000e0,0.000000000e0
326,118283,0,0,0.000000000e0,0.000000000e0
327,118283,0,0,0.000000000e0,0.000000000e0
328,118283,0,0,0.000000000e0,0.000000000e0
329,118283,0,0,0.000000000e0,0.000000000e0
330,118283,0,0,0.000000000e0,0.000000000e0
331,118283,0,0,0.000000000e0,0.000000000e0
332,118283,0,0,0.000000000e0,0.000000000e0
333,118283,0,0,0.000000000e0,0.000000000e0
334,118283,0,0,0.000000000e0,0.000000000e0
335,118283,0,0,0.000000000e0,0.000000000e0
336,118283,0,0,0.000000000e0,0.000000000e0
337,118283,0,0,0.000000000e0,0.000000000e0
338,118283,0,0,0.000000000e0,0.000000000e0
339,118283,0,0,0.000000000e0,0.000000000e0
340,118283,0,0,0.000000000e0,0.000000000e0
341,118283,0,0,0.000000000e0,0.000000000e0
342,118283,0,0,0.000000000e0,0.000000000e0
343,118283,0,0,0.000000000e0,0.000000000e0
344,118283,0,0,0.000000000e0,0.000000000e0
345,118283,0,0,0.000000000e0,0.000000000e0
346,118283,0,0,0.000000000e0,0.000000000e0
347,118283,0,0,0.000000000e0,0.000000000e0
348,118283,0,0,0.000000000e0,0.000000000e0
349,118283,0,0,0.000000000e0,0.000000000e0
350,118283,0,0,0.000000000e0,0.000000000e0
351,118283,0,0,0.000000000e0,0.000000000e0
352,118283,0,0,0.000000000e0,0.000000000e0
353,118283,0,0,0.000000000e0,0.000000000e0
354,118283,0,0,0.000000000e0,0.000000000e0
355,118283,0,0,0.000000000e0,0.000000000e0
356,118283,0,0,0.000000000e0,0.000000000e0
357,118283,0,0,0.000000000e0,0.000000000e0
358,118283,0,0,0.000000000e0,0.000000000e0
359,118283,0,0,0.000000000e0,0.000000000e0
360,118283,0,0,0.000000000e0,0.000000000e0
361,118283,0,0,0.000000000e0,0.000000000e0
362,118283,0,0,0.000000000e0,0.000000000e0
363,118283,0,0,0.000000000e0,0.000000000e0
364,118283,0,0,0.000000000e0,0.000000000e0
365,118283,0,0,0.000000000e0,0.000000000e0
366,118283,0,0,0.000000000e0,0.000000000e0
367,118283,0,0,0.000000000e0,0.000000000e0
368,118283,0,0,0.000000000e0,0.000000000e0
369,118283,0,0,0.000000000e0,0.000000000e0
370,118283,0,0,0.000000000e0,0.000000000e0
371,118283,0,0,0.000000000e0,0.000000000e0
372,118283,0,0,0.000000000e0,0.000000000e0
373,118283,0,0,0.000000000e0,0.000000000e0
374,118283,0,0,0.000000000e0,0.000000000e0
375,118283,0,0,0.000000000e0,0.000000000e0
376,118283,0,0,0.000000000e0,0.000000000e0
377,118283,0,0,0.000000000e0,0.000000000e0
378,118283,0,0,0.000000000e0,0.000000000e0
379,118283,0,0,0.000000000e0,0.000000000e0
380,118283,0,0,0.000000000e0,0.000000000e0
381,118283,0,0,0.000000000e0,0.000000000e0
382,118283,0,0,0.000000000e0,0.000000000e0
383,118283,0,0,0.000000000e0,0.000000000e0
384,118283,0,0,0.000000000e0,0.000000000e0
385,118283,0,0,0.000000000e0,0.000000000e0
386,118283,0,0,0.000000000e0,0.000000000e0
387,118283,0,0,0.000000000e0,0.000000000e0
388,118283,0,0,0.000000000e0,0.000000000e0
389,118283,0,0,0.000000000e0,0.000000000e0
390,118283,0,0,0.000000000e0,0.000000000e0
391,118283,0,0,0.000000000e0,0.000000000e0
392,118283,0,0,0.000000000e0,0.000000000e0
393,118283,0,0,0.000000000e0,0.000000000e0
394,118283,0,0,0.000000000e0,0.000000000e0
395,118283,0,0,0.000000000e0,0.000000000e0
396,118283,0,0,0.000000000e0,0.000000000e0
397,118283,0,0,0.000000000e0,0.000000000e0
398,118283,0,0,0.000000000e0,0.000000000e0
399,118283,0,0,0.000000000e0,0.000000000e0
400,118283,0,0,0.000000000e0,0.000000000e0
401,118283,0,0,0.000000000e0,0.000000000e0
402,118283,0,0,0.000000000e0,0.000000000e0
403,118283,0,0,0.000000000e0,0.000000000e0
404,118283,0,0,0.000000000e0,0.000000000e0
405,118283,0,0,0.000000000e0,0.000000000e0
406,118283,0,0,0.000000000e0,0.000000000e0
407,118283,0,0,0.000000000e0,0.000000000e0
408,118283,0,0,0.000000000e0,0.000000000e0
409,118283,0,0,0.000000000e0,0.000000000e0
410,118283,0,0,0.000000000e0,0.000000000e0
411,118283,0,0,0.000000000e0,0.000000000e0
412,118283,0,0,0.000000000e0,0.000000000e0
413,118283,0,0,0.000000000e0,0.000000000e0
414,118283,0,0,0.000000000e0,0.000000000e0
415,118283,0,0,0.000000000e0,0.000000000e0
416,118283,0,0,0.000000000e0,0.000000000e0
417,118283,0,0,0.000000000e0,0.000000000e0
418,118283,0,0,0.000000000e0,0.000000000e0
419,118283,0,0,0.000000000e0,0.000000000e0
420,118283,0,0,0.000000000e0,0.000000000e0
421,118283,0,0,0.000000000e0,0.000000000e0
422,118283,0,0,0.000000000e0,0.000000000e0
423,118283,0,0,0.000000000e0,0.000000000e0
424,118283,0,0,0.000000000e0,0.000000000e0
425,118283,0,0,0.000000000e0,0.000000000e0
426,118283,0,0,0.000000000e0,0.000000000e0
427,118283,0,0,0.000000000e0,0.000000000e0
428,118283,0,0,0.000000000e0,0.000000000e0
429,118283,0,0,0.000000000e0,0.000000000e0
430,118283,0,0,0.000000000e0,0.000000000e0
431,118283,0,0,0.000000000e0,0.000000000e0
432,118283,0,0,0.000000000e0,0.000000000e0
433,118283,0,0,0.000000000e0,0.000000000e0
434,118283,0,0,0.000000000e0,0.000000000e0
435,118283,0,0,0.000000000e0,0.000000000e0
436,118283,0,0,0.000000000e0,0.000000000e0
437,118283,0,0,0.000000000e0,0.000000000e0
438,118283,0,0,0.000000000e0,0.000000000e0
439,118283,0,0,0.000000000e0,0.000000000e0
440,118283,0,0,0.000000000e0,0.000000000e0
441,118283,0,0,0.000000000e0,0.000000000e0
442,118283,0,0,0.000000000e0,0.000000000e0
443,118283,0,0,0.000000000e0,0.000000000e0
444,118283,0,0,0.000000000e0,0.000000000e0
445,118283,0,0,0.000000000e0,0.000000000e0
446,118283,0,0,0.000000000e0,0.000000000e0
447,118283,0,0,0.000000000e0,0.000000000e0
448,118283,0,0,0.000000000e0,0.000000000e0
449,118283,0,0,0.000000000e0,0.000000000e0
450,118283,0,0,0.000000000e0,0.000000000e0
451,118283,0,0,0.000000000e0,0.000000000e0
452,118283,0,0,0.000000000e0,0.000000000e0
453,118283,0,0,0.000000000e0,0.000000000e0
454,118283,0,0,0.000000000e0,0.000000000e0
455,118283,0,0,0.000000000e0,0.000000000e0
456,118283,0,0,0.000000000e0,0.000000000e0
457,118283,0,0,0.000000000e0,0.000000000e0
458,118283,0,0,0.000000000e0,0.000000000e0
459,118283,0,0,0.000000000e0,0.000000000e0
460,118283,0,0,0.000000000e0,0.000000000e0
461,118283,0,0,0.000000000e0,0.000000000e0
462,118283,0,0,0.000000000e0,0.000000000e0
463,118283,0,0,0.000000000e0,0.000000000e0
464,118283,0,0,0.000000000e0,0.000000000e0
465,118283,0,0,0.000000000e0,0.000000000e0
466,118283,0,0,0.000000000e0,0.000000000e0
467,118283,0,0,0.000000000e0,0.000000000e0
468,118283,0,0,0.000000000e0,0.000000000e0
469,118283,0,0,0.000000000e0,0.000000000e0
470,118283,0,0,0.000000000e0,0.000000000e0
471,118283,0,0,0.000000000e0,0.000000000e0
472,118283,0,0,0.000000000e0,0.000000000e0
473,118283,0,0,0.000000000e0,0.000000000e0
474,118283,0,0,0.000000000e0,0.000000000e0
475,118283,0,0,0.000000000e0,0.000000000e0
476,118283,0,0,0.000000000e0,0.000000000e0
477,118283,0,0,0.000000000e0,0.000000000e0
478,118283,0,0,0.000000000e0,0.000000000e0
479,118283,0,0,0.000000000e0,0.000000000e0
480,118283,0,0,0.000000000e0,0.000000000e0
481,118283,0,0,0.000000000e0,0.000000000e0
482,118283,0,0,0.000000000e0,0.000000000e0
483,118283,0,0,0.000000000e0,0.000000000e0
484,118283,0,0,0.000000000e0,0.000000000e0
485,118283,0,0,0.000000000e0,0.000000000e0
486,118283,0,0,0.000000000e0,0.000000000e0
487,118283,0,0,0.000000000e0,0.000000000e0
488,118283,0,0,0.000000000e0,0.000000000e0
489,118283,0,0,0.000000000e0,0.000000000e0
490,118283,0,0,0.000000000e0,0.000000000e0
491,118283,0,0,0.000000000e0,0.000000000e0
492,118283,0,0,0.000000000e0,0.000000000e0
493,118283,0,0,0.000000000e0,0.000000000e0
494,118283,0,0,0.000000000e0,0.000000000e0
495,118283,0,0,0.000000000e0,0.000000000e0
496,118283,0,0,0.000000000e0,0.000000000e0
497,118283,0,0,0.000000000e0,0.000000000e0
498,118283,0,0,0.000000000e0,0.000000000e0
499,118283,0,0,0.000000000e0,0.000000000e0
500,118283,0,0,0.000000000e0,0.000000000e0
501,118283,0,0,0.000000000e0,0.000000000e0
502,118283,0,0,0.000000000e0,0.000000000e0
503,118283,0,0,0.000000000e0,0.000000000e0
504,118283,0,0,0.000000000e0,0.000000000e0
505,118283,0,0,0.000000000e0,0.000000000e0
506,118283,0,0,0.000000000e0,0.000000000e0
507,118283,0,0,0.000000000e0,0.000000000e0
508,118283,0,0,0.000000000e0,0.000000000e0
509,118283,0,0,0.000000000e0,0.000000000e0
510,118283,0,0,0.000000000e0,0.000000000e0
511,118283,0,0,0.000000000e0,0.000000000e0
512,118283,0,0,0.000000000e0,0.000000000e0
513,118283,0,0,0.000000000e0,0.000000000e0
514,118283,0,0,0.000000000e0,0.000000000e0
515,118283,0,0,0.000000000e0,0.000000000e0
516,118283,0,0,0.000000000e0,0.000000000e0
517,118283,0,0,0.000000000e0,0.000000000e0
518,118283,0,0,0.000000000e0,0.000000000e0
519,118283,0,0,0.000000000e0,0.000000000e0
520,118283,0,0,0.000000000e0,0.000000000e0
521,118283,0,0,0.000000000e0,0.000000000e0
522,118283,0,0,0.000000000e0,0.000000000e0
523,118283,0,0,0.000000000e0,0.000000000e0
524,118283,0,0,0.000000000e0,0.000000000e0
525,118283,0,0,0.000000000e0,0.000000000e0
526,118283,0,0,0.000000000e0,0.000000000e0
527,118283,0,0,0.000000000e0,0.000000000e0
528,118283,0,0,0.000000000e0,0.000000000e0
529,118283,0,0,0.000000000e0,0.000000000e0
530,118283,0,0,0.000000000e0,0.000000000e0
531,118283,0,0,0.000000000e0,0.000000000e0
532,118283,0,0,0.000000000e0,0.000000000e0
533,118283,0,0,0.000000000e0,0.000000000e0
534,118283,0,0,0.000000000e0,0.000000000e0
535,118283,0,0,0.000000000e0,0.000000000e0
536,118283,0,0,0.000000000e0,0.000000000e0
537,118283,0,0,0.000000000e0,0.000000000e0
538,118283,0,0,0.000000000e0,0.000000000e0
539,118283,0,0,0.000000000e0,0.000000000e0
540,118283,0,0,0.000000000e0,0.000000000e0
541,118283,0,0,0.000000000e0,0.000000000e0
542,118283,0,0,0.000000000e0,0.000000000e0
543,118283,0,0,0.000000000e0,0.000000000e0
544,118283,0,0,0.000000000e0,0.000000000e0
545,118283,0,0,0.000000000e0,0.000000000e0
546,118283,0,0,0.000000000e0,0.000000000e0
547,118283,0,0,0.000000000e0,0.000000000e0
548,118283,0,0,0.000000000e0,0.000000000e0
549,118283,0,0,0.000000000e0,0.000000000e0
550,118283,0,0,0.000000000e0,0.000000000e0
551,118283,0,0,0.000000000e0,0.000000000e0
552,118283,0,0,0.000000000e0,0.000000000e0
553,118283,0,0,0.000000000e0,0.000000000e0
554,118283,0,0,0.000000000e0,0.000000000e0
555,118283,0,0,0.000000000e0,0.000000000e0
556,118283,0,0,0.000000000e0,0.000000000e0
557,118283,0,0,0.000000000e0,0.000000000e0
558,118283,0,0,0.000000000e0,0.000000000e0
559,118283,0,0,0.000000000e0,0.000000000e0
560,118283,0,0,0.000000000e0,0.000000000e0
561,118283,0,0,0.000000000e0,0.000000000e0
562,118283,0,0,0.000000000e0,0.000000000e0
563,118283,0,0,0.000000000e0,0.000000000e0
564,118283,0,0,0.000000000e0,0.000000000e0
565,118283,0,0,0.000000000e0,0.000000000e0
566,118283,0,0,0.000000000e0,0.000000000e0
567,118283,0,0,0.000000000e0,0.000000000e0
568,118283,0,0,0.000000000e0,0.000000000e0
569,118283,0,0,0.000000000e0,0.000000000e0
570,118283,0,0,0.000000000e0,0.000000000e0
571,118283,0,0,0.000000000e0,0.000000000e0
572,118283,0,0,0.000000000e0,0.000000000e0
573,118283,0,0,0.000000000e0,0.000000000e0
574,118283,0,0,0.000000000e0,0.000000000e0
575,118283,0,0,0.000000000e0,0.000000000e0
576,118283,0,0,0.000000000e0,0.000000000e0
577,118283,0,0,0.000000000e0,0.000000000e0
578,118283,0,0,0.000000000e0,0.000000000e0
579,118283,0,0,0.000000000e0,0.000000000e0
580,118283,0,0,0.000000000e0,0.000000000e0
581,118283,0,0,0.000000000e0,0.000000000e0
582,118283,0,0,0.000000000e0,0.000000000e0
583,118283,0,0,0.000000000e0,0.000000000e0
584,118283,0,0,0.000000000e0,0.000000000e0
585,118283,0,0,0.000000000e0,0.000000000e0
586,118283,0,0,0.000000000e0,0.000000000e0
587,118283,0,0,0.000000000e0,0.000000000e0
588,118283,0,0,0.000000000e0,0.000000000e0
589,118283,0,0,0.000000000e0,0.000000000e0
590,118283,0,0,0.000000000e0,0.000000000e0
591,118283,0,0,0.000000000e0,0.000000000e0
592,118283,0,0,0.000000000e0,0.000000000e0
593,118283,0,0,0.000000000e0,0.000000000e0
594,118283,0,0,0.000000000e0,0.000000000e0
595,118283,0,0,0.000000000e0,0.000000000e0
596,118283,0,0,0.000000000e0,0.000000000e0
597,118283,0,0,0.000000000e0,0.000000000e0
598,118283,0,0,0.000000000e0,0.000000000e0
599,118283,0,0,0.000000000e0,0.000000000e0
600,118283,0,0,0.000000000e0,0.000000000e0
601,118283,0,0,0.000000000e0,0.000000000e0
602,118283,0,0,0.000000000e0,0.000000000e0
603,118283,0,0,0.000000000e0,0.000000000e0
604,118283,0,0,0.000000000e0,0.000000000e0
605,118283,0,0,0.000000000e0,0.000000000e0
606,118283,0,0,0.000000000e0,0.000000000e0
607,118283,0,0,0.000000000e0,0.000000000e0
608,118283,0,0,0.000000000e0,0.000000000e0
609,118283,0,0,0.000000000e0,0.000000000e0
610,118283,0,0,0.000000000e0,0.000000000e0
611,118283,0,0,0.000000000e0,0.000000000e0
612,118283,0,0,0.000000000e0,0.000000000e0
613,118283,0,0,0.000000000e0,0.000000000e0
614,118283,0,0,0.000000000e0,0.000000000e0
615,118283,0,0,0.000000000e0,0.000000000e0
616,118283,0,0,0.000000000e0,0.000000000e0
617,118283,0,0,0.000000000e0,0.000000000e0
618,118283,0,0,0.000000000e0,0.000000000e0
619,118283,0,0,0.000000000e0,0.000000000e0
620,118283,0,0,0.000000000e0,0.000000000e0
621,118283,0,0,0.000000000e0,0.000000000e0
622,118283,0,0,0.000000000e0,0.000000000e0
623,118283,0,0,0.000000000e0,0.000000000e0
624,118283,0,0,0.000000000e0,0.000000000e0
625,118283,0,0,0.000000000e0,0.000000000e0
626,118283,0,0,0.000000000e0,0.000000000e0
627,118283,0,0,0.000000000e0,0.000000000e0
628,118283,0,0,0.000000000e0,0.000000000e0
629,118283,0,0,0.000000000e0,0.000000000e0
630,118283,0,0,0.000000000e0,0.000000000e0
631,118283,0,0,0.000000000e0,0.000000000e0
632,118283,0,0,0.000000000e0,0.000000000e0
633,118283,0,0,0.000000000e0,0.000000000e0
634,118283,0,0,0.000000000e0,0.000000000e0
635,118283,0,0,0.000000000e0,0.000000000e0
636,118283,0,0,0.000000000e0,0.000000000e0
637,118283,0,0,0.000000000e0,0.000000000e0
638,118283,0,0,0.000000000e0,0.000000000e0
639,118283,0,0,0.000000000e0,0.000000000e0
640,118283,0,0,0.000000000e0,0.000000000e0
641,118283,0,0,0.000000000e0,0.000000000e0
642,118283,0,0,0.000000000e0,0.000000000e0
643,118283,0,0,0.000000000e0,0.000000000e0
644,118283,0,0,0.000000000e0,0.000000000e0
645,118283,0,0,0.000000000e0,0.000000000e0
646,118283,0,0,0.000000000e0,0.000000000e0
647,118283,0,0,0.000000000e0,0.000000000e0
648,118283,0,0,0.000000000e0,0.000000000e0
649,118283,0,0,0.000000000e0,0.000000000e0
650,118283,0,0,0.000000000e0,0.000000000e0
651,118283,0,0,0.000000000e0,0.000000000e0
652,118283,0,0,0.000000000e0,0.000000000e0
653,118283,0,0,0.000000000e0,0.000000000e0
654,118283,0,0,0.000000000e0,0.000000000e0
655,118283,0,0,0.000000000e0,0.000000000e0
656,118283,0,0,0.000000000e0,0.000000000e0
657,118283,0,0,0.000000000e0,0.000000000e0
658,118283,0,0,0.000000000e0,0.000000000e0
659,118283,0,0,0.000000000e0,0.000000000e0
660,118283,0,0,0.000000000e0,0.000000000e0
661,118283,0,0,0.000000000e0,0.000000000e0
662,118283,0,0,0.000000000e0,0.000000000e0
663,118283,0,0,0.000000000e0,0.000000000e0
664,118283,0,0,0.000000000e0,0.000000000e0
665,118283,0,0,0.000000000e0,0.000000000e0
666,118283,0,0,0.000000000e0,0.000000000e0
667,118283,0,0,0.000000000e0,0.000000000e0
668,118283,0,0,0.000000000e0,0.000000000e0
669,118283,0,0,0.000000000e0,0.000000000e0
670,118283,0,0,0.000000000e0,0.000000000e0
671,118283,0,0,0.000000000e0,0.000000000e0
672,118283,0,0,0.000000000e0,0.000000000e0
673,118283,0,0,0.000000000e0,0.000000000e0
674,118283,0,0,0.000000000e0,0.000000000e0
675,118283,0,0,0.000000000e0,0.000000000e0
676,118283,0,0,0.000000000e0,0.000000000e0
677,118283,0,0,0.000000000e0,0.000000000e0
678,118283,0,0,0.000000000e0,0.000000000e0
679,118283,0,0,0.000000000e0,0.000000000e0
680,118283,0,0,0.000000000e0,0.000000000e0
681,118283,0,0,0.000000000e0,0.000000000e0
682,118283,0,0,0.000000000e0,0.000000000e0
683,118283,0,0,0.000000000e0,0.000000000e0
684,118283,0,0,0.000000000e0,0.000000000e0
685,118283,0,0,0.000000000e0,0.000000000e0
686,118283,0,0,0.000000000e0,0.000000000e0
687,118283,0,0,0.000000000e0,0.000000000e0
688,118283,0,0,0.000000000e0,0.000000000e0
689,118283,0,0,0.000000000e0,0.000000000e0
690,118283,0,0,0.000000000e0,0.000000000e0
691,118283,0,0,0.000000000e0,0.000000000e0
692,118283,0,0,0.000000000e0,0.000000000e0
693,118283,0,0,0.000000000e0,0.000000000e0
694,118283,0,0,0.000000000e0,0.000000000e0
695,118283,0,0,0.000000000e0,0.000000000e0
696,118283,0,0,0.000000000e0,0.000000000e0
697,118283,0,0,0.000000000e0,0.000000000e0
698,118283,0,0,0.000000000e0,0.000000000e0
699,118283,0,0,0.000000000e0,0.000000000e0
700,118283,0,0,0.000000000e0,0.000000000e0
701,118283,0,0,0.000000000e0,0.000000000e0
702,118283,0,0,0.000000000e0,0.000000000e0
703,118283,0,0,0.000000000e0,0.000000000e0
704,118283,0,0,0.000000000e0,0.000000000e0
705,118283,0,0,0.000000000e0,0.000000000e0
706,118283,0,0,0.000000000e0,0.000000000e0
707,118283,0,0,0.000000000e0,0.000000000e0
708,118283,0,0,0.000000000e0,0.000000000e0
709,118283,0,0,0.000000000e0,0.000000000e0
710,118283,0,0,0.000000000e0,0.000000000e0
711,118283,0,0,0.000000000e0,0.000000000e0
712,118283,0,0,0.000000000e0,0.000000000e0
713,118283,0,0,0.000000000e0,0.000000000e0
714,118283,0,0,0.000000000e0,0.000000000e0
715,118283,0,0,0.000000000e0,0.000000000e0
716,118283,0,0,0.000000000e0,0.000000000e0
717,118283,0,0,0.000000000e0,0.000000000e0
718,118283,0,0,0.000000000e0,0.000000000e0
719,118283,0,0,0.000000000e0,0.000000000e0
720,118283,0,0,0.000000000e0,0.000000000e0
721,118283,0,0,0.000000000e0,0.000000000e0
722,118283,0,0,0.000000000e0,0.000000000e0
723,118283,0,0,0.000000000e0,0.000000000e0
724,118283,0,0,0.000000000e0,0.000000000e0
725,118283,0,0,0.000000000e0,0.000000000e0
726,118283,0,0,0.000000000e0,0.000000000e0
727,118283,0,0,0.000000000e0,0.000000000e0
728,118283,0,0,0.000000000e0,0.000000000e0
729,118283,0,0,0.000000000e0,0.000000000e0
730,118283,0,0,0.000000000e0,0.000000000e0
731,118283,0,0,0.000000000e0,0.000000000e0
732,118283,0,0,0.000000000e0,0.000000000e0
733,118283,0,0,0.000000000e0,0.000000000e0
734,118283,0,0,0.000000000e0,0.000000000e0
735,118283,0,0,0.000000000e0,0.000000000e0
736,118283,0,0,0.000000000e0,0.000000000e0
737,118283,0,0,0.000000000e0,0.000000000e0
738,118283,0,0,0.000000000e0,0.000000000e0
739,118283,0,0,0.000000000e0,0.000000000e0
740,118283,0,0,0.000000000e0,0.000000000e0
741,118283,0,0,0.000000000e0,0.000000000e0
742,118283,0,0,0.000000000e0,0.000000000e0
743,118283,0,0,0.000000000e0,0.000000000e0
744,118283,0,0,0.000000000e0,0.000000000e0
745,118283,0,0,0.000000000e0,0.000000000e0
746,118283,0,0,0.000000000e0,0.000000000e0
747,118283,0,0,0.000000000e0,0.000000000e0
748,118283,0,0,0.000000000e0,0.000000000e0
749,118283,0,0,0.000000000e0,0.000000000e0
750,118283,0,0,0.000000000e0,0.000000000e0
751,118283,0,0,0.000000000e0,0.000000000e0
752,118283,0,0,0.000000000e0,0.000000000e0
753,118283,0,0,0.000000000e0,0.000000000e0
754,118283,0,0,0.000000000e0,0.000000000e0
755,118283,0,0,0.000000000e0,0.000000000e0
756,118283,0,0,0.000000000e0,0.000000000e0
757,118283,0,0,0.000000000e0,0.000000000e0
758,118283,0,0,0.000000000e0,0.000000000e0
759,118283,0,0,0.000000000e0,0.000000000e0
760,118283,0,0,0.000000000e0,0.000000000e0
761,118283,0,0,0.000000000e0,0.000000000e0
762,118283,0,0,0.000000000e0,0.000000000e0
763,118283,0,0,0.000000000e0,0.000000000e0
764,118283,0,0,0.000000000e0,0.000000000e0
765,118283,0,0,0.000000000e0,0.000000000e0
766,118283,0,0,0.000000000e0,0.000000000e0
767,118283,0,0,0.000000000e0,0.000000000e0
768,118283,0,0,0.000000000e0,0.000000000e0
769,118283,0,0,0.000000000e0,0.000000000e0
770,118283,0,0,0.000000000e0,0.000000000e0
771,118283,0,0,0.000000000e0,0.000000000e0
772,118283,0,0,0.000000000e0,0.000000000e0
773,118283,0,0,0.000000000e0,0.000000000e0
774,118283,0,0,0.000000000e0,0.000000000e0
775,118283,0,0,0.000000000e0,0.000000000e0
776,118283,0,0,0.000000000e0,0.000000000e0
777,118283,0,0,0.000000000e0,0.000000000e0
778,118283,0,0,0.000000000e0,0.000000000e0
779,118283,0,0,0.000000000e0,0.000000000e0
780,118283,0,0,0.000000000e0,0.000000000e0
781,118283,0,0,0.000000000e0,0.000000000e0
782,118283,0,0,0.000000000e0,0.000000000e0
783,118283,0,0,0.000000000e0,0.000000000e0
784,118283,0,0,0.000000000e0,0.000000000e0
785,118283,0,0,0.000000000e0,0.000000000e0
786,118283,0,0,0.000000000e0,0.000000000e0
787,118283,0,0,0.000000000e0,0.000000000e0
788,118283,0,0,0.000000000e0,0.000000000e0
789,118283,0,0,0.000000000e0,0.000000000e0
790,118283,0,0,0.000000000e0,0.000000000e0
791,118283,0,0,0.000000000e0,0.000000000e0
792,118283,0,0,0.000000000e0,0.000000000e0
793,118283,0,0,0.000000000e0,0.000000000e0
794,118283,0,0,0.000000000e0,0.000000000e0
795,118283,0,0,0.000000000e0,0.000000000e0
796,118283,0,0,0.000000000e0,0.000000000e0
797,118283,0,0,0.000000000e0,0.000000000e0
798,118283,0,0,0.000000000e0,0.000000000e0
799,118283,0,0,0.000000000e0,0.000000000e0
800,118283,0,0,0.000000000e0,0.000000000e0
801,118283,0,0,0.000000000e0,0.000000000e0
802,118283,0,0,0.000000000e0,0.000000000e0
803,118283,0,0,0.000000000e0,0.000000000e0
804,118283,0,0,0.000000000e0,0.000000000e0
805,118283,0,0,0.000000000e0,0.000000000e0
806,118283,0,0,0.000000000e0,0.000000000e0
807,118283,0,0,0.000000000e0,0.000000000e0
808,118283,0,0,0.000000000e0,0.000000000e0
809,118283,0,0,0.000000000e0,0.000000000e0
810,118283,0,0,0.000000000e0,0.000000000e0
811,118283,0,0,0.000000000e0,0.000000000e0
812,118283,0,0,0.000000000e0,0.000000000e0
813,118283,0,0,0.000000000e0,0.000000000e0
814,118283,0,0,0.000000000e0,0.000000000e0
815,118283,0,0,0.000000000e0,0.000000000e0
816,118283,0,0,0.000000000e0,0.000000000e0
817,118283,0,0,0.000000000e0,0.000000000e0
818,118283,0,0,0.000000000e0,0.000000000e0
819,118283,0,0,0.000000000e0,0.000000000e0
820,118283,0,0,0.000000000e0,0.000000000e0
821,118283,0,0,0.000000000e0,0.000000000e0
822,118283,0,0,0.000000000e0,0.000000000e0
823,118283,0,0,0.000000000e0,0.000000000e0
824,118283,0,0,0.000000000e0,0.000000000e0
825,118283,0,0,0.000000000e0,0.000000000e0
826,118283,0,0,0.000000000e0,0.000000000e0
827,118283,0,0,0.000000000e0,0.000000000e0
828,118283,0,0,0.000000000e0,0.000000000e0
829,118283,0,0,0.000000000e0,0.000000000e0
830,118283,0,0,0.000000000e0,0.000000000e0
831,118283,0,0,0.000000000e0,0.000000000e0
832,118283,0,0,0.000000000e0,0.000000000e0
833,118283,0,0,0.000000000e0,0.000000000e0
834,118283,0,0,0.000000000e0,0.000000000e0
835,118283,0,0,0.000000000e0,0.000000000e0
836,118283,0,0,0.000000000e0,0.000000000e0
837,118283,0,0,0.000000000e0,0.000000000e0
838,118283,0,0,0.000000000e0,0.000000000e0
839,118283,0,0,0.000000000e0,0.000000000e0
840,118283,0,0,0.000000000e0,0.000000000e0
841,118283,0,0,0.000000000e0,0.000000000e0
842,118283,0,0,0.000000000e0,0.000000000e0
843,118283,0,0,0.000000000e0,0.000000000e0
844,118283,0,0,0.000000000e0,0.000000000e0
845,118283,0,0,0.000000000e0,0.000000000e0
846,118283,0,0,0.000000000e0,0.000000000e0
847,118283,0,0,0.000000000e0,0.000000000e0
848,118283,0,0,0.000000000e0,0.000000000e0
849,118283,0,0,0.000000000e0,0.000000000e0
850,118283,0,0,0.000000000e0,0.000000000e0
851,118283,0,0,0.000000000e0,0.000000000e0
852,118283,0,0,0.000000000e0,0.000000000e0
853,118283,0,0,0.000000000e0,0.000000000e0
854,118283,0,0,0.000000000e0,0.000000000e0
855,118283,0,0,0.000000000e0,0.000000000e0
856,118283,0,0,0.000000000e0,0.000000000e0
857,118283,0,0,0.000000000e0,0.000000000e0
858,118283,0,0,0.000000000e0,0.000000000e0
859,118283,0,0,0.000000000e0,0.000000000e0
860,118283,0,0,0.000000000e0,0.000000000e0
861,118283,0,0,0.000000000e0,0.000000000e0
862,118283,0,0,0.000000000e0,0.000000000e0
863,118283,0,0,0.000000000e0,0.000000000e0
864,118283,0,0,0.000000000e0,0.000000000e0
865,118283,0,0,0.000000000e0,0.000000000e0
866,118283,0,0,0.000000000e0,0.000000000e0
867,118283,0,0,0.000000000e0,0.000000000e0
868,118283,0,0,0.000000000e0,0.000000000e0
869,118283,0,0,0.000000000e0,0.000000000e0
870,118283,0,0,0.000000000e0,0.000000000e0
871,118283,0,0,0.000000000e0,0.000000000e0
872,118283,0,0,0.000000000e0,0.000000000e0
873,118283,0,0,0.000000000e0,0.000000000e0
874,118283,0,0,0.000000000e0,0.000000000e0
875,118283,0,0,0.000000000e0,0.000000000e0
876,118283,0,0,0.000000000e0,0.000000000e0
877,118283,0,0,0.000000000e0,0.000000000e0
878,118283,0,0,0.000000000e0,0.000000000e0
879,118283,0,0,0.000000000e0,0.000000000e0
880,118283,0,0,0.000000000e0,0.000000000e0
881,118283,0,0,0.000000000e0,0.000000000e0
882,118283,0,0,0.000000000e0,0.000000000e0
883,118283,0,0,0.000000000e0,0.000000000e0
884,118283,0,0,0.000000000e0,0.000000000e0
885,118283,0,0,0.000000000e0,0.000000000e0
886,118283,0,0,0.000000000e0,0.000000000e0
887,118283,0,0,0.000000000e0,0.000000000e0
888,118283,0,0,0.000000000e0,0.000000000e0
889,118283,0,0,0.000000000e0,0.000000000e0
890,118283,0,0,0.000000000e0,0.000000000e0
891,118283,0,0,0.000000000e0,0.000000000e0
892,118283,0,0,0.000000000e0,0.000000000e0
893,118283,0,0,0.000000000e0,0.000000000e0
894,118283,0,0,0.000000000e0,0.000000000e0
895,118283,0,0,0.000000000e0,0.000000000e0
896,118283,0,0,0.000000000e0,0.000000000e0
897,118283,0,0,0.000000000e0,0.000000000e0
898,118283,0,0,0.000000000e0,0.000000000e0
899,118283,0,0,0.000000000e0,0.000000000e0
900,118283,0,0,0.000000000e0,0.000000000e0
901,118283,0,0,0.000000000e0,0.000000000e0
902,118283,0,0,0.000000000e0,0.000000000e0
903,118283,0,0,0.000000000e0,0.000000000e0
904,118283,0,0,0.000000000e0,0.000000000e0
905,118283,0,0,0.000000000e0,0.000000000e0
906,118283,0,0,0.000000000e0,0.000000000e0
907,118283,0,0,0.000000000e0,0.000000000e0
908,118283,0,0,0.000000000e0,0.000000000e0
909,118283,0,0,0.000000000e0,0.000000000e0
910,118283,0,0,0.000000000e0,0.000000000e0
911,118283,0,0,0.000000000e0,0.000000000e0
912,118283,0,0,0.000000000e0,0.000000000e0
913,118283,0,0,0.000000000e0,0.000000000e0
914,118283,0,0,0.000000000e0,0.000000000e0
915,118283,0,0,0.000000000e0,0.000000000e0
916,118283,0,0,0.000000000e0,0.000000000e0
917,118283,0,0,0.000000000e0,0.000000000e0
918,118283,0,0,0.000000000e0,0.000000000e0
919,118283,0,0,0.000000000e0,0.000000000e0
920,118283,0,0,0.000000000e0,0.000000000e0
921,118283,0,0,0.000000000e0,0.000000000e0
922,118283,0,0,0.000000000e0,0.000000000e0
923,118283,0,0,0.000000000e0,0.000000000e0
924,118283,0,0,0.000000000e0,0.000000000e0
925,118283,0,0,0.000000000e0,0.000000000e0
926,118283,0,0,0.000000000e0,0.000000000e0
927,118283,0,0,0.000000000e0,0.000000000e0
928,118283,0,0,0.000000000e0,0.000000000e0
929,118283,0,0,0.000000000e0,0.000000000e0
930,118283,0,0,0.000000000e0,0.000000000e0
931,118283,0,0,0.000000000e0,0.000000000e0
932,118283,0,0,0.000000000e0,0.000000000e0
933,118283,0,0,0.000000000e0,0.000000000e0
934,118283,0,0,0.000000000e0,0.000000000e0
935,118283,0,0,0.000000000e0,0.000000000e0
936,118283,0,0,0.000000000e0,0.000000000e0
937,118283,0,0,0.000000000e0,0.000000000e0
938,118283,0,0,0.000000000e0,0.000000000e0
939,118283,0,0,0.000000000e0,0.000000000e0
940,118283,0,0,0.000000000e0,0.000000000e0
941,118283,0,0,0.000000000e0,0.000000000e0
942,118283,0,0,0.000000000e0,0.000000000e0
943,118283,0,0,0.000000000e0,0.000000000e0
944,118283,0,0,0.000000000e0,0.000000000e0
945,118283,0,0,0.000000000e0,0.000000000e0
946,118283,0,0,0.000000000e0,0.000000000e0
947,118283,0,0,0.000000000e0,0.000000000e0
948,118283,0,0,0.000000000e0,0.000000000e0
949,118283,0,0,0.000000000e0,0.000000000e0
950,118283,0,0,0.000000000e0,0.000000000e0
951,118283,0,0,0.000000000e0,0.000000000e0
952,118283,0,0,0.000000000e0,0.000000000e0
953,118283,0,0,0.000000000e0,0.000000000e0
954,118283,0,0,0.000000000e0,0.000000000e0
955,118283,0,0,0.000000000e0,0.000000000e0
956,118283,0,0,0.000000000e0,0.000000000e0
957,118283,0,0,0.000000000e0,0.000000000e0
958,118283,0,0,0.000000000e0,0.000000000e0
959,118283,0,0,0.000000000e0,0.000000000e0
960,118283,0,0,0.000000000e0,0.000000000e0
961,118283,0,0,0.000000000e0,0.000000000e0
962,118283,0,0,0.000000000e0,0.000000000e0
963,118283,0,0,0.000000000e0,0.000000000e0
964,118283,0,0,0.000000000e0,0.000000000e0
965,118283,0,0,0.000000000e0,0.000000000e0
966,118283,0,0,0.000000000e0,0.000000000e0
967,118283,0,0,0.000000000e0,0.000000000e0
968,118283,0,0,0.000000000e0,0.000000000e0
969,118283,0,0,0.000000000e0,0.000000000e0
970,118283,0,0,0.000000000e0,0.000000000e0
971,118283,0,0,0.000000000e0,0.000000000e0
972,118283,0,0,0.000000000e0,0.000000000e0
973,118283,0,0,0.000000000e0,0.000000000e0
974,118283,0,0,0.000000000e0,0.000000000e0
975,118283,0,0,0.000000000e0,0.000000000e0
976,118283,0,0,0.000000000e0,0.000000000e0
977,118283,0,0,0.000000000e0,0.000000000e0
978,118283,0,0,0.000000000e0,0.000000000e0
979,118283,0,0,0.000000000e0,0.000000000e0
980,118283,0,0,0.000000000e0,0.000000000e0
981,118283,0,0,0.000000000e0,0.000000000e0
982,118283,0,0,0.000000000e0,0.000000000e0
983,118283,0,0,0.000000000e0,0.000000000e0
984,118283,0,0,0.000000000e0,0.000000000e0
985,118283,0,0,0.000000000e0,0.000000000e0
986,118283,0,0,0.000000000e0,0.000000000e0
987,118283,0,0,0.000000000e0,0.000000000e0
988,118283,0,0,0.000000000e0,0.000000000e0
989,118283,0,0,0.000000000e0,0.000000000e0
990,118283,0,0,0.000000000e0,0.000000000e0
991,118283,0,0,0.000000000e0,0.000000000e0
992,118283,0,0,0.000000000e0,0.000000000e0
993,118283,0,0,0.000000000e0,0.000000000e0
994,118283,0,0,0.000000000e0,0.000000000e0
995,118283,0,0,0.000000000e0,0.000000000e0
996,118283,0,0,0.000000000e0,0.000000000e0
997,118283,0,0,0.000000000e0,0.000000000e0
998,118283,0,0,0.000000000e0,0.000000000e0
999,118283,0,0,0.000000000e0,0.000000000e0
1000,118283,0,0,0.000000000e0,0.000000000e0
1001,118283,0,0,0.000000000e0,0.000000000e0
1002,118283,0,0,0.000000000e0,0.000000000e0
1003,118283,0,0,0.000000000e0,0.000000000e0
1004,118283,0,0,0.000000000e0,0.000000000e0
1005,118283,0,0,0.000000000e0,0.000000000e0
1006,118283,0,0,0.000000000e0,0.000000000e0
1007,118283,0,0,0.000000000e0,0.000000000e0
1008,118283,0,0,0.000000000e0,0.000000000e0
1009,118283,0,0,0.000000000e0,0.000000000e0
1010,118283,0,0,0.000000000e0,0.000000000e0
1011,118283,0,0,0.000000000e0,0.000000000e0
1012,118283,0,0,0.000000000e0,0.000000000e0
1013,118283,0,0,0.000000000e0,0.000000000e0
1014,118283,0,0,0.000000000e0,0.000000000e0
1015,118283,0,0,0.000000000e0,0.000000000e0
1016,118283,0,0,0.000000000e0,0.000000000e0
1017,118283,0,0,0.000000000e0,0.000000000e0
1018,118283,0,0,0.000000000e0,0.000000000e0
1019,118283,0,0,0.000000000e0,0.000000000e0
1020,118283,0,0,0.000000000e0,0.000000000e0
1021,118283,0,0,0.000000000e0,0.000000000e0
1022,118283,0,0,0.000000000e0,0.000000000e0
1023,118283,0,0,0.000000000e0,0.000000000e0
1024,118283,0,0,0.000000000e0,0.000000000e0
1025,118283,0,0,0.000000000e0,0.000000000e0
1026,118283,0,0,0.000000000e0,0.000000000e0
1027,118283,0,0,0.000000000e0,0.000000000e0
1028,118283,0,0,0.000000000e0,0.000000000e0
1029,118283,0,0,0.000000000e0,0.000000000e0
1030,118283,0,0,0.000000000e0,0.000000000e0
1031,118283,0,0,0.000000000e0,0.000000000e0
1032,118283,0,0,0.000000000e0,0.000000000e0
1033,118283,0,0,0.000000000e0,0.000000000e0
1034,118283,0,0,0.000000000e0,0.000000000e0
1035,118283,0,0,0.000000000e0,0.000000000e0
1036,118283,0,0,0.000000000e0,0.000000000e0
1037,118283,0,0,0.000000000e0,0.000000000e0
1038,118283,0,0,0.000000000e0,0.000000000e0
1039,118283,0,0,0.000000000e0,0.000000000e0
1040,118283,0,0,0.000000000e0,0.000000000e0
1041,118283,0,0,0.000000000e0,0.000000000e0
1042,118283,0,0,0.000000000e0,0.000000000e0
1043,118283,0,0,0.000000000e0,0.000000000e0
1044,118283,0,0,0.000000000e0,0.000000000e0
1045,118283,0,0,0.000000000e0,0.000000000e0
1046,118283,0,0,0.000000000e0,0.000000000e0
1047,118283,0,0,0.000000000e0,0.000000000e0
1048,118283,0,0,0.000000000e0,0.000000000e0
1049,118283,0,0,0.000000000e0,0.000000000e0
1050,118283,0,0,0.000000000e0,0.000000000e0
1051,118283,0,0,0.000000000e0,0.000000000e0
1052,118283,0,0,0.000000000e0,0.000000000e0
1053,118283,0,0,0.000000000e0,0.000000000e0
1054,118283,0,0,0.000000000e0,0.000000000e0
1055,118283,0,0,0.000000000e0,0.000000000e0
1056,118283,0,0,0.000000000e0,0.000000000e0
1057,118283,0,0,0.000000000e0,0.000000000e0
1058,118283,0,0,0.000000000e0,0.000000000e0
1059,118283,0,0,0.000000000e0,0.000000000e0
1060,118283,0,0,0.000000000e0,0.000000000e0
1061,118283,0,0,0.000000000e0,0.000000000e0
1062,118283,0,0,0.000000000e0,0.000000000e0
1063,118283,0,0,0.000000000e0,0.000000000e0
1064,118283,0,0,0.000000000e0,0.000000000e0
1065,118283,0,0,0.000000000e0,0.000000000e0
1066,118283,0,0,0.000000000e0,0.000000000e0
1067,118283,0,0,0.000000000e0,0.000000000e0
1068,118283,0,0,0.000000000e0,0.000000000e0
1069,118283,0,0,0.000000000e0,0.000000000e0
1070,118283,0,0,0.000000000e0,0.000000000e0
1071,118283,0,0,0.000000000e0,0.000000000e0
1072,118283,0,0,0.000000000e0,0.000000000e0
1073,118283,0,0,0.000000000e0,0.000000000e0
1074,118283,0,0,0.000000000e0,0.000000000e0
1075,118283,0,0,0.000000000e0,0.000000000e0
1076,118283,0,0,0.000000000e0,0.000000000e0
1077,118283,0,0,0.000000000e0,0.000000000e0
1078,118283,0,0,0.000000000e0,0.000000000e0
1079,118283,0,0,0.000000000e0,0.000000000e0
1080,118283,0,0,0.000000000e0,0.000000000e0
1081,118283,0,0,0.000000000e0,0.000000000e0
1082,118283,0,0,0.000000000e0,0.000000000e0
1083,118283,0,0,0.000000000e0,0.000000000e0
1084,118283,0,0,0.000000000e0,0.000000000e0
1085,118283,0,0,0.000000000e0,0.000000000e0
1086,118283,0,0,0.000000000e0,0.000000000e0
1087,118283,0,0,0.000000000e0,0.000000000e0
1088,118283,0,0,0.000000000e0,0.000000000e0
1089,118283,0,0,0.000000000e0,0.000000000e0
1090,118283,0,0,0.000000000e0,0.000000000e0
1091,118283,0,0,0.000000000e0,0.000000000e0
1092,118283,0,0,0.000000000e0,0.000000000e0
1093,118283,0,0,0.000000000e0,0.000000000e0
1094,118283,0,0,0.000000000e0,0.000000000e0
1095,118283,0,0,0.000000000e0,0.000000000e0
1096,118283,0,0,0.000000000e0,0.000000000e0
1097,118283,0,0,0.000000000e0,0.000000000e0
1098,118283,0,0,0.000000000e0,0.000000000e0
1099,118283,0,0,0.000000000e0,0.000000000e0
1100,118283,0,0,0.000000000e0,0.000000000e0
1101,118283,0,0,0.000000000e0,0.000000000e0
1102,118283,0,0,0.000000000e0,0.000000000e0
1103,118283,0,0,0.000000000e0,0.000000000e0
1104,118283,0,0,0.000000000e0,0.000000000e0
1105,118283,0,0,0.000000000e0,0.000000000e0
1106,118283,0,0,0.000000000e0,0.000000000e0
1107,118283,0,0,0.000000000e0,0.000000000e0
1108,118283,0,0,0.000000000e0,0.000000000e0
1109,118283,0,0,0.000000000e0,0.000000000e0
1110,118283,0,0,0.000000000e0,0.000000000e0
1111,118283,0,0,0.000000000e0,0.000000000e0
1112,118283,0,0,0.000000000e0,0.000000000e0
1113,118283,0,0,0.000000000e0,0.000000000e0
1114,118283,0,0,0.000000000e0,0.000000000e0
1115,118283,0,0,0.000000000e0,0.000000000e0
1116,118283,0,0,0.000000000e0,0.000000000e0
1117,118283,0,0,0.000000000e0,0.000000000e0
1118,118283,0,0,0.000000000e0,0.000000000e0
1119,118283,0,0,0.000000000e0,0.000000000e0
1120,118283,0,0,0.000000000e0,0.000000000e0
1121,118283,0,0,0.000000000e0,0.000000000e0
1122,118283,0,0,0.000000000e0,0.000000000e0
1123,118283,0,0,0.000000000e0,0.000000000e0
1124,118283,0,0,0.000000000e0,0.000000000e0
1125,118283,0,0,0.000000000e0,0.000000000e0
1126,118283,0,0,0.000000000e0,0.000000000e0
1127,118283,0,0,0.000000000e0,0.000000000e0
1128,118283,0,0,0.000000000e0,0.000000000e0
1129,118283,0,0,0.000000000e0,0.000000000e0
1130,118283,0,0,0.000000000e0,0.000000000e0
1131,118283,0,0,0.000000000e0,0.000000000e0
1132,118283,0,0,0.000000000e0,0.000000000e0
1133,118283,0,0,0.000000000e0,0.000000000e0
1134,118283,0,0,0.000000000e0,0.000000000e0
1135,118283,0,0,0.000000000e0,0.000000000e0
1136,118283,0,0,0.000000000e0,0.000000000e0
1137,118283,0,0,0.000000000e0,0.000000000e0
1138,118283,0,0,0.000000000e0,0.000000000e0
1139,118283,0,0,0.000000000e0,0.000000000e0
1140,118283,0,0,0.000000000e0,0.000000000e0
1141,118283,0,0,0.000000000e0,0.000000000e0
1142,118283,0,0,0.000000000e0,0.000000000e0
1143,118283,0,0,0.000000000e0,0.000000000e0
1144,118283,0,0,0.000000000e0,0.000000000e0
1145,118283,0,0,0.000000000e0,0.000000000e0
1146,118283,0,0,0.000000000e0,0.000000000e0
1147,118283,0,0,0.000000000e0,0.000000000e0
1148,118283,0,0,0.000000000e0,0.000000000e0
1149,118283,0,0,0.000000000e0,0.000000000e0
1150,118283,0,0,0.000000000e0,0.000000000e0
1151,118283,0,0,0.000000000e0,0.000000000e0
1152,118283,0,0,0.000000000e0,0.000000000e0
1153,118283,0,0,0.000000000e0,0.000000000e0
1154,118283,0,0,0.000000000e0,0.000000000e0
1155,118283,0,0,0.000000000e0,0.000000000e0
1156,118283,0,0,0.000000000e0,0.000000000e0
1157,118283,0,0,0.000000000e0,0.000000000e0
1158,118283,0,0,0.000000000e0,0.000000000e0
1159,118283,0,0,0.000000000e0,0.000000000e0
1160,118283,0,0,0.000000000e0,0.000000000e0
1161,118283,0,0,0.000000000e0,0.000000000e0
1162,118283,0,0,0.000000000e0,0.000000000e0
1163,118283,0,0,0.000000000e0,0.000000000e0
1164,118283,0,0,0.000000000e0,0.000000000e0
1165,118283,0,0,0.000000000e0,0.000000000e0
1166,118283,0,0,0.000000000e0,0.000000000e0
1167,118283,0,0,0.000000000e0,0.000000000e0
1168,118283,0,0,0.000000000e0,0.000000000e0
1169,118283,0,0,0.000000000e0,0.000000000e0
1170,118283,0,0,0.000000000e0,0.000000000e0
1171,118283,0,0,0.000000000e0,0.000000000e0
1172,118283,0,0,0.000000000e0,0.000000000e0
1173,118283,0,0,0.000000000e0,0.000000000e0
1174,118283,0,0,0.000000000e0,0.000000000e0
1175,118283,0,0,0.000000000e0,0.000000000e0
1176,118283,0,0,0.000000000e0,0.000000000e0
1177,118283,0,0,0.000000000e0,0.000000000e0
1178,118283,0,0,0.000000000e0,0.000000000e0
1179,118283,0,0,0.000000000e0,0.000000000e0
1180,118283,0,0,0.000000000e0,0.000000000e0
1181,118283,0,0,0.000000000e0,0.000000000e0
1182,118283,0,0,0.000000000e0,0.000000000e0
1183,118283,0,0,0.000000000e0,0.000000000e0
1184,118283,0,0,0.000000000e0,0.000000000e0
1185,118283,0,0,0.000000000e0,0.000000000e0
1186,118283,0,0,0.000000000e0,0.000000000e0
1187,118283,0,0,0.000000000e0,0.000000000e0
1188,118283,0,0,0.000000000e0,0.000000000e0
1189,118283,0,0,0.000000000e0,0.000000000e0
1190,118283,0,0,0.000000000e0,0.000000000e0
1191,118283,0,0,0.000000000e0,0.000000000e0
1192,118283,0,0,0.000000000e0,0.000000000e0
1193,118283,0,0,0.000000000e0,0.000000000e0
1194,118283,0,0,0.000000000e0,0.000000000e0
1195,118283,0,0,0.000000000e0,0.000000000e0
1196,118283,0,0,0.000000000e0,0.000000000e0
1197,118283,0,0,0.000000000e0,0.000000000e0
1198,118283,0,0,0.000000000e0,0.000000000e0
1199,118283,0,0,0.000000000e0,0.000000000e0
1200,118283,0,0,0.000000000e0,0.000000000e0
1201,118283,0,0,0.000000000e0,0.000000000e0
1202,118283,0,0,0.000000000e0,0.000000000e0
1203,118283,0,0,0.000000000e0,0.000000000e0
1204,118283,0,0,0.000000000e0,0.000000000e0
1205,118283,0,0,0.000000000e0,0.000000000e0
1206,118283,0,0,0.000000000e0,0.000000000e0
1207,118283,0,0,0.000000000e0,0.000000000e0
1208,118283,0,0,0.000000000e0,0.000000000e0
1209,118283,0,0,0.000000000e0,0.000000000e0
1210,118283,0,0,0.000000000e0,0.000000000e0
1211,118283,0,0,0.000000000e0,0.000000000e0
1212,118283,0,0,0.000000000e0,0.000000000e0
1213,118283,0,0,0.000000000e0,0.000000000e0
1214,118283,0,0,0.000000000e0,0.000000000e0
1215,118283,0,0,0.000000000e0,0.000000000e0
1216,118283,0,0,0.000000000e0,0.000000000e0
1217,118283,0,0,0.000000000e0,0.000000000e0
1218,118283,0,0,0.000000000e0,0.000000000e0
1219,118283,0,0,0.000000000e0,0.000000000e0
1220,118283,0,0,0.000000000e0,0.000000000e0
1221,118283,0,0,0.000000000e0,0.000000000e0
1222,118283,0,0,0.000000000e0,0.000000000e0
1223,118283,0,0,0.000000000e0,0.000000000e0
1224,118283,0,0,0.000000000e0,0.000000000e0
1225,118283,0,0,0.000000000e0,0.000000000e0
1226,118283,0,0,0.000000000e0,0.000000000e0
1227,118283,0,0,0.000000000e0,0.000000000e0
1228,118283,0,0,0.000000000e0,0.000000000e0
1229,118283,0,0,0.000000000e0,0.000000000e0
1230,118283,0,0,0.000000000e0,0.000000000e0
1231,118283,0,0,0.000000000e0,0.000000000e0
1232,118283,0,0,0.000000000e0,0.000000000e0
1233,118283,0,0,0.000000000e0,0.000000000e0
1234,118283,0,0,0.000000000e0,0.000000000e0
1235,118283,0,0,0.000000000e0,0.000000000e0
1236,118283,0,0,0.000000000e0,0.000000000e0
1237,118283,0,0,0.000000000e0,0.000000000e0
1238,118283,0,0,0.000000000e0,0.000000000e0
1239,118283,0,0,0.000000000e0,0.000000000e0
1240,118283,0,0,0.000000000e0,0.000000000e0
1241,118283,0,0,0.000000000e0,0.000000000e0
1242,118283,0,0,0.000000000e0,0.000000000e0
1243,118283,0,0,0.000000000e0,0.000000000e0
1244,118283,0,0,0.000000000e0,0.000000000e0
1245,118283,0,0,0.000000000e0,0.000000000e0
1246,118283,0,0,0.000000000e0,0.000000000e0
1247,118283,0,0,0.000000000e0,0.000000000e0
1248,118283,0,0,0.000000000e0,0.000000000e0
1249,118283,0,0,0.000000000e0,0.000000000e0
1250,118283,0,0,0.000000000e0,0.000000000e0
1251,118283,0,0,0.000000000e0,0.000000000e0
1252,118283,0,0,0.000000000e0,0.000000000e0
1253,118283,0,0,0.000000000e0,0.000000000e0
1254,118283,0,0,0.000000000e0,0.000000000e0
1255,118283,0,0,0.000000000e0,0.000000000e0
1256,118283,0,0,0.000000000e0,0.000000000e0
1257,118283,0,0,0.000000000e0,0.000000000e0
1258,118283,0,0,0.000000000e0,0.000000000e0
1259,118283,0,0,0.000000000e0,0.000000000e0
1260,118283,0,0,0.000000000e0,0.000000000e0
1261,118283,0,0,0.000000000e0,0.000000000e0
1262,118283,0,0,0.000000000e0,0.000000000e0
1263,118283,0,0,0.000000000e0,0.000000000e0
1264,118283,0,0,0.000000000e0,0.000000000e0
1265,118283,0,0,0.000000000e0,0.000000000e0
1266,118283,0,0,0.000000000e0,0.000000000e0
1267,118283,0,0,0.000000000e0,0.000000000e0
1268,118283,0,0,0.000000000e0,0.000000000e0
1269,118283,0,0,0.000000000e0,0.000000000e0
1270,118283,0,0,0.000000000e0,0.000000000e0
1271,118283,0,0,0.000000000e0,0.000000000e0
1272,118283,0,0,0.000000000e0,0.000000000e0
1273,118283,0,0,0.000000000e0,0.000000000e0
1274,118283,0,0,0.000000000e0,0.000000000e0
1275,118283,0,0,0.000000000e0,0.000000000e0
1276,118283,0,0,0.000000000e0,0.000000000e0
1277,118283,0,0,0.000000000e0,0.000000000e0
1278,118283,0,0,0.000000000e0,0.000000000e0
1279,118283,0,0,0.000000000e0,0.000000000e0
1280,118283,0,0,0.000000000e0,0.000000000e0
1281,118283,0,0,0.000000000e0,0.000000000e0
1282,118283,0,0,0.000000000e0,0.000000000e0
1283,118283,0,0,0.000000000e0,0.000000000e0
1284,118283,0,0,0.000000000e0,0.000000000e0
1285,118283,0,0,0.000000000e0,0.000000000e0
1286,118283,0,0,0.000000000e0,0.000000000e0
1287,118283,0,0,0.000000000e0,0.000000000e0
1288,118283,0,0,0.000000000e0,0.000000000e0
1289,118283,0,0,0.000000000e0,0.000000000e0
1290,118283,0,0,0.000000000e0,0.000000000e0
1291,118283,0,0,0.000000000e0,0.000000000e0
1292,118283,0,0,0.000000000e0,0.000000000e0
1293,118283,0,0,0.000000000e0,0.000000000e0
1294,118283,0,0,0.000000000e0,0.000000000e0
1295,118283,0,0,0.000000000e0,0.000000000e0
1296,118283,0,0,0.000000000e0,0.000000000e0
1297,118283,0,0,0.000000000e0,0.000000000e0
1298,118283,0,0,0.000000000e0,0.000000000e0
1299,118283,0,0,0.000000000e0,0.000000000e0
1300,118283,0,0,0.000000000e0,0.000000000e0
1301,118283,0,0,0.000000000e0,0.000000000e0
1302,118283,0,0,0.000000000e0,0.000000000e0
1303,118283,0,0,0.000000000e0,0.000000000e0
1304,118283,0,0,0.000000000e0,0.000000000e0
1305,118283,0,0,0.000000000e0,0.000000000e0
1306,118283,0,0,0.000000000e0,0.000000000e0
1307,118283,0,0,0.000000000e0,0.000000000e0
1308,118283,0,0,0.000000000e0,0.000000000e0
1309,118283,0,0,0.000000000e0,0.000000000e0
1310,118283,0,0,0.000000000e0,0.000000000e0
1311,118283,0,0,0.000000000e0,0.000000000e0
1312,118283,0,0,0.000000000e0,0.000000000e0
1313,118283,0,0,0.000000000e0,0.000000000e0
1314,118283,0,0,0.000000000e0,0.000000000e0
1315,118283,0,0,0.000000000e0,0.000000000e0
1316,118283,0,0,0.000000000e0,0.000000000e0
1317,118283,0,0,0.000000000e0,0.000000000e0
1318,118283,0,0,0.000000000e0,0.000000000e0
1319,118283,0,0,0.000000000e0,0.000000000e0
1320,118283,0,0,0.000000000e0,0.000000000e0
1321,118283,0,0,0.000000000e0,0.000000000e0
1322,118283,0,0,0.000000000e0,0.000000000e0
1323,118283,0,0,0.000000000e0,0.000000000e0
1324,118283,0,0,0.000000000e0,0.000000000e0
1325,118283,0,0,0.000000000e0,0.000000000e0
1326,118283,0,0,0.000000000e0,0.000000000e0
1327,118283,0,0,0.000000000e0,0.000000000e0
1328,118283,0,0,0.000000000e0,0.000000000e0
1329,118283,0,0,0.000000000e0,0.000000000e0
1330,118283,0,0,0.000000000e0,0.000000000e0
1331,118283,0,0,0.000000000e0,0.000000000e0
1332,118283,0,0,0.000000000e0,0.000000000e0
1333,118283,0,0,0.000000000e0,0.000000000e0
1334,118283,0,0,0.000000000e0,0.000000000e0
1335,118283,0,0,0.000000000e0,0.000000000e0
1336,118283,0,0,0.000000000e0,0.000000000e0
1337,118283,0,0,0.000000000e0,0.000000000e0
1338,118283,0,0,0.000000000e0,0.000000000e0
1339,118283,0,0,0.000000000e0,0.000000000e0
1340,118283,0,0,0.000000000e0,0.000000000e0
1341,118283,0,0,0.000000000e0,0.000000000e0
1342,118283,0,0,0.000000000e0,0.000000000e0
1343,118283,0,0,0.000000000e0,0.000000000e0
1344,118283,0,0,0.000000000e0,0.000000000e0
1345,118283,0,0,0.000000000e0,0.000000000e0
1346,118283,0,0,0.000000000e0,0.000000000e0
1347,118283,0,0,0.000000000e0,0.000000000e0
1348,118283,0,0,0.000000000e0,0.000000000e0
1349,118283,0,0,0.000000000e0,0.000000000e0
1350,118283,0,0,0.000000000e0,0.000000000e0
1351,118283,0,0,0.000000000e0,0.000000000e0
1352,118283,0,0,0.000000000e0,0.000000000e0
1353,118283,0,0,0.000000000e0,0.000000000e0
1354,118283,0,0,0.000000000e0,0.000000000e0
1355,118283,0,0,0.000000000e0,0.000000000e0
1356,118283,0,0,0.000000000e0,0.000000000e0
1357,118283,0,0,0.000000000e0,0.000000000e0
1358,118283,0,0,0.000000000e0,0.000000000e0
1359,118283,0,0,0.000000000e0,0.000000000e0
1360,118283,0,0,0.000000000e0,0.000000000e0
1361,118283,0,0,0.000000000e0,0.000000000e0
1362,118283,0,0,0.000000000e0,0.000000000e0
1363,118283,0,0,0.000000000e0,0.000000000e0
1364,118283,0,0,0.000000000e0,0.000000000e0
1365,118283,0,0,0.000000000e0,0.000000000e0
1366,118283,0,0,0.000000000e0,0.000000000e0
1367,118283,0,0,0.000000000e0,0.000000000e0
1368,118283,0,0,0.000000000e0,0.000000000e0
1369,118283,0,0,0.000000000e0,0.000000000e0
1370,118283,0,0,0.000000000e0,0.000000000e0
1371,118283,0,0,0.000000000e0,0.000000000e0
1372,118283,0,0,0.000000000e0,0.000000000e0
1373,118283,0,0,0.000000000e0,0.000000000e0
1374,118283,0,0,0.000000000e0,0.000000000e0
1375,118283,0,0,0.000000000e0,0.000000000e0
1376,118283,0,0,0.000000000e0,0.000000000e0
1377,118283,0,0,0.000000000e0,0.000000000e0
1378,118283,0,0,0.000000000e0,0.000000000e0
1379,118283,0,0,0.000000000e0,0.000000000e0
1380,118283,0,0,0.000000000e0,0.000000000e0
1381,118283,0,0,0.000000000e0,0.000000000e0
1382,118283,0,0,0.000000000e0,0.000000000e0
1383,118283,0,0,0.000000000e0,0.000000000e0
1384,118283,0,0,0.000000000e0,0.000000000e0
1385,118283,0,0,0.000000000e0,0.000000000e0
1386,118283,0,0,0.000000000e0,0.000000000e0
1387,118283,0,0,0.000000000e0,0.000000000e0
1388,118283,0,0,0.000000000e0,0.000000000e0
1389,118283,0,0,0.000000000e0,0.000000000e0
1390,118283,0,0,0.000000000e0,0.000000000e0
1391,118283,0,0,0.000000000e0,0.000000000e0
1392,118283,0,0,0.000000000e0,0.000000000e0
1393,118283,0,0,0.000000000e0,0.000000000e0
1394,118283,0,0,0.000000000e0,0.000000000e0
1395,118283,0,0,0.000000000e0,0.000000000e0
1396,118283,0,0,0.000000000e0,0.000000000e0
1397,118283,0,0,0.000000000e0,0.000000000e0
1398,118283,0,0,0.000000000e0,0.000000000e0
1399,118283,0,0,0.000000000e0,0.000000000e0
1400,118283,0,0,0.000000000e0,0.000000000e0
1401,118283,0,0,0.000000000e0,0.000000000e0
1402,118283,0,0,0.000000000e0,0.000000000e0
1403,118283,0,0,0.000000000e0,0.000000000e0
1404,118283,0,0,0.000000000e0,0.000000000e0
1405,118283,0,0,0.000000000e0,0.000000000e0
1406,118283,0,0,0.000000000e0,0.000000000e0
1407,118283,0,0,0.000000000e0,0.000000000e0
1408,118283,0,0,0.000000000e0,0.000000000e0
1409,118283,0,0,0.000000000e0,0.000000000e0
1410,118283,0,0,0.000000000e0,0.000000000e0
1411,118283,0,0,0.000000000e0,0.000000000e0
1412,118283,0,0,0.000000000e0,0.000000000e0
1413,118283,0,0,0.000000000e0,0.000000000e0
1414,118283,0,0,0.000000000e0,0.000000000e0
1415,118283,0,0,0.000000000e0,0.000000000e0
1416,118283,0,0,0.000000000e0,0.000000000e0
1417,118283,0,0,0.000000000e0,0.000000000e0
1418,118283,0,0,0.000000000e0,0.000000000e0
1419,118283,0,0,0.000000000e0,0.000000000e0
1420,118283,0,0,0.000000000e0,0.000000000e0
1421,118283,0,0,0.000000000e0,0.000000000e0
1422,118283,0,0,0.000000000e0,0.000000000e0
1423,118283,0,0,0.000000000e0,0.000000000e0
1424,118283,0,0,0.000000000e0,0.000000000e0
1425,118283,0,0,0.000000000e0,0.000000000e0
1426,118283,0,0,0.000000000e0,0.000000000e0
1427,118283,0,0,0.000000000e0,0.000000000e0
1428,118283,0,0,0.000000000e0,0.000000000e0
1429,118283,0,0,0.000000000e0,0.000000000e0
1430,118283,0,0,0.000000000e0,0.000000000e0
1431,118283,0,0,0.000000000e0,0.000000000e0
1432,118283,0,0,0.000000000e0,0.000000000e0
1433,118283,0,0,0.000000000e0,0.000000000e0
1434,118283,0,0,0.000000000e0,0.000000000e0
1435,118283,0,0,0.000000000e0,0.000000000e0
1436,118283,0,0,0.000000000e0,0.000000000e0
1437,118283,0,0,0.000000000e0,0.000000000e0
1438,118283,0,0,0.000000000e0,0.000000000e0
1439,118283,0,0,0.000000000e0,0.000000000e0
1440,118283,0,0,0.000000000e0,0.000000000e0
1441,118283,0,0,0.000000000e0,0.000000000e0
1442,118283,0,0,0.000000000e0,0.000000000e0
1443,118283,0,0,0.000000000e0,0.000000000e0
1444,118283,0,0,0.000000000e0,0.000000000e0
1445,118283,0,0,0.000000000e0,0.000000000e0
1446,118283,0,0,0.000000000e0,0.000000000e0
1447,118283,0,0,0.000000000e0,0.000000000e0
1448,118283,0,0,0.000000000e0,0.000000000e0
1449,118283,0,0,0.000000000e0,0.000000000e0
1450,118283,0,0,0.000000000e0,0.000000000e0
1451,118283,0,0,0.000000000e0,0.000000000e0
1452,118283,0,0,0.000000000e0,0.000000000e0
1453,118283,0,0,0.000000000e0,0.000000000e0
1454,118283,0,0,0.000000000e0,0.000000000e0
1455,118283,0,0,0.000000000e0,0.000000000e0
1456,118283,0,0,0.000000000e0,0.000000000e0
1457,118283,0,0,0.000000000e0,0.000000000e0
1458,118283,0,0,0.000000000e0,0.000000000e0
1459,118283,0,0,0.000000000e0,0.000000000e0
1460,118283,0,0,0.000000000e0,0.000000000e0
1461,118283,0,0,0.000000000e0,0.000000000e0
1462,118283,0,0,0.000000000e0,0.000000000e0
1463,118283,0,0,0.000000000e0,0.000000000e0
1464,118283,0,0,0.000000000e0,0.000000000e0
1465,118283,0,0,0.000000000e0,0.000000000e0
1466,118283,0,0,0.000000000e0,0.000000000e0
1467,118283,0,0,0.000000000e0,0.000000000e0
1468,118283,0,0,0.000000000e0,0.000000000e0
1469,118283,0,0,0.000000000e0,0.000000000e0
1470,118283,0,0,0.000000000e0,0.000000000e0
1471,118283,0,0,0.000000000e0,0.000000000e0
1472,118283,0,0,0.000000000e0,0.000000000e0
1473,118283,0,0,0.000000000e0,0.000000000e0
1474,118283,0,0,0.000000000e0,0.000000000e0
1475,118283,0,0,0.000000000e0,0.000000000e0
1476,118283,0,0,0.000000000e0,0.000000000e0
1477,118283,0,0,0.000000000e0,0.000000000e0
1478,118283,0,0,0.000000000e0,0.000000000e0
1479,118283,0,0,0.000000000e0,0.000000000e0
1480,118283,0,0,0.000000000e0,0.000000000e0
1481,118283,0,0,0.000000000e0,0.000000000e0
1482,118283,0,0,0.000000000e0,0.000000000e0
1483,118283,0,0,0.000000000e0,0.000000000e0
1484,118283,0,0,0.000000000e0,0.000000000e0
1485,118283,0,0,0.000000000e0,0.000000000e0
1486,118283,0,0,0.000000000e0,0.000000000e0
1487,118283,0,0,0.000000000e0,0.000000000e0
1488,118283,0,0,0.000000000e0,0.000000000e0
1489,118283,0,0,0.000000000e0,0.000000000e0
1490,118283,0,0,0.000000000e0,0.000000000e0
1491,118283,0,0,0.000000000e0,0.000000000e0
1492,118283,0,0,0.000000000e0,0.000000000e0
1493,118283,0,0,0.000000000e0,0.000000000e0
1494,118283,0,0,0.000000000e0,0.000000000e0
1495,118283,0,0,0.000000000e0,0.000000000e0
1496,118283,0,0,0.000000000e0,0.000000000e0
1497,118283,0,0,0.000000000e0,0.000000000e0
1498,118283,0,0,0.000000000e0,0.000000000e0
1499,118283,0,0,0.000000000e0,0.000000000e0
1500,118283,0,0,0.000000000e0,0.000000000e0
1501,118283,0,0,0.000000000e0,0.000000000e0
1502,118283,0,0,0.000000000e0,0.000000000e0
1503,118283,0,0,0.000000000e0,0.000000000e0
1504,118283,0,0,0.000000000e0,0.000000000e0
1505,118283,0,0,0.000000000e0,0.000000000e0
1506,118283,0,0,0.000000000e0,0.000000000e0
1507,118283,0,0,0.000000000e0,0.000000000e0
1508,118283,0,0,0.000000000e0,0.000000000e0
1509,118283,0,0,0.000000000e0,0.000000000e0
1510,118283,0,0,0.000000000e0,0.000000000e0
1511,118283,0,0,0.000000000e0,0.000000000e0
1512,118283,0,0,0.000000000e0,0.000000000e0
1513,118283,0,0,0.000000000e0,0.000000000e0
1514,118283,0,0,0.000000000e0,0.000000000e0
1515,118283,0,0,0.000000000e0,0.000000000e0
1516,118283,0,0,0.000000000e0,0.000000000e0
1517,118283,0,0,0.000000000e0,0.000000000e0
1518,118283,0,0,0.000000000e0,0.000000000e0
1519,118283,0,0,0.000000000e0,0.000000000e0
1520,118283,0,0,0.000000000e0,0.000000000e0
1521,118283,0,0,0.000000000e0,0.000000000e0
1522,118283,0,0,0.000000000e0,0.000000000e0
1523,118283,0,0,0.000000000e0,0.000000000e0
1524,118283,0,0,0.000000000e0,0.000000000e0
1525,118283,0,0,0.000000000e0,0.000000000e0
1526,118283,0,0,0.000000000e0,0.000000000e0
1527,118283,0,0,0.000000000e0,0.000000000e0
1528,118283,0,0,0.000000000e0,0.000000000e0
1529,118283,0,0,0.000000000e0,0.000000000e0
1530,118283,0,0,0.000000000e0,0.000000000e0
1531,118283,0,0,0.000000000e0,0.000000000e0
1532,118283,0,0,0.000000000e0,0.000000000e0
1533,118283,0,0,0.000000000e0,0.000000000e0
1534,118283,0,0,0.000000000e0,0.000000000e0
1535,118283,0,0,0.000000000e0,0.000000000e0
1536,118283,0,0,0.000000000e0,0.000000000e0
1537,118283,0,0,0.000000000e0,0.000000000e0
1538,118283,0,0,0.000000000e0,0.000000000e0
1539,118283,0,0,0.000000000e0,0.000000000e0
1540,118283,0,0,0.000000000e0,0.000000000e0
1541,118283,0,0,0.000000000e0,0.000000000e0
1542,118283,0,0,0.000000000e0,0.000000000e0
1543,118283,0,0,0.000000000e0,0.000000000e0
1544,118283,0,0,0.000000000e0,0.000000000e0
1545,118283,0,0,0.000000000e0,0.000000000e0
1546,118283,0,0,0.000000000e0,0.000000000e0
1547,118283,0,0,0.000000000e0,0.000000000e0
1548,118283,0,0,0.000000000e0,0.000000000e0
1549,118283,0,0,0.000000000e0,0.000000000e0
1550,118283,0,0,0.000000000e0,0.000000000e0
1551,118283,0,0,0.000000000e0,0.000000000e0
1552,118283,0,0,0.000000000e0,0.000000000e0
1553,118283,0,0,0.000000000e0,0.000000000e0
1554,118283,0,0,0.000000000e0,0.000000000e0
1555,118283,0,0,0.000000000e0,0.000000000e0
1556,118283,0,0,0.000000000e0,0.000000000e0
1557,118283,0,0,0.000000000e0,0.000000000e0
1558,118283,0,0,0.000000000e0,0.000000000e0
1559,118283,0,0,0.000000000e0,0.000000000e0
1560,118283,0,0,0.000000000e0,0.000000000e0
1561,118283,0,0,0.000000000e0,0.000000000e0
1562,118283,0,0,0.000000000e0,0.000000000e0
1563,118283,0,0,0.000000000e0,0.000000000e0
1564,118283,0,0,0.000000000e0,0.000000000e0
1565,118283,0,0,0.000000000e0,0.000000000e0
1566,118283,0,0,0.000000000e0,0.000000000e0
1567,118283,0,0,0.000000000e0,0.000000000e0
1568,118283,0,0,0.000000000e0,0.000000000e0
1569,118283,0,0,0.000000000e0,0.000000000e0
1570,118283,0,0,0.000000000e0,0.000000000e0
1571,118283,0,0,0.000000000e0,0.000000000e0
1572,118283,0,0,0.000000000e0,0.000000000e0
1573,118283,0,0,0.000000000e0,0.000000000e0
1574,118283,0,0,0.000000000e0,0.000000000e0
1575,118283,0,0,0.000000000e0,0.000000000e0
1576,118283,0,0,0.000000000e0,0.000000000e0
1577,118283,0,0,0.000000000e0,0.000000000e0
1578,118283,0,0,0.000000000e0,0.000000000e0
1579,118283,0,0,0.000000000e0,0.000000000e0
1580,118283,0,0,0.000000000e0,0.000000000e0
1581,118283,0,0,0.000000000e0,0.000000000e0
1582,118283,0,0,0.000000000e0,0.000000000e0
1583,118283,0,0,0.000000000e0,0.000000000e0
1584,118283,0,0,0.000000000e0,0.000000000e0
1585,118283,0,0,0.000000000e0,0.000000000e0
1586,118283,0,0,0.000000000e0,0.000000000e0
1587,118283,0,0,0.000000000e0,0.000000000e0
1588,118283,0,0,0.000000000e0,0.000000000e0
1589,118283,0,0,0.000000000e0,0.000000000e0
1590,118283,0,0,0.000000000e0,0.000000000e0
1591,118283,0,0,0.000000000e0,0.000000000e0
1592,118283,0,0,0.000000000e0,0.000000000e0
1593,118283,0,0,0.000000000e0,0.000000000e0
1594,118283,0,0,0.000000000e0,0.000000000e0
1595,118283,0,0,0.000000000e0,0.000000000e0
1596,118283,0,0,0.000000000e0,0.000000000e0
1597,118283,0,0,0.000000000e0,0.000000000e0
1598,118283,0,0,0.000000000e0,0.000000000e0
1599,118283,0,0,0.000000000e0,0.000000000e0
1600,118283,0,0,0.000000000e0,0.000000000e0
1601,118283,0,0,0.000000000e0,0.000000000e0
1602,118283,0,0,0.000000000e0,0.000000000e0
1603,118283,0,0,0.000000000e0,0.000000000e0
1604,118283,0,0,0.000000000e0,0.000000000e0
1605,118283,0,0,0.000000000e0,0.000000000e0
1606,118283,0,0,0.000000000e0,0.000000000e0
1607,118283,0,0,0.000000000e0,0.000000000e0
1608,118283,0,0,0.000000000e0,0.000000000e0
1609,118283,0,0,0.000000000e0,0.000000000e0
1610,118283,0,0,0.000000000e0,0.000000000e0
1611,118283,0,0,0.000000000e0,0.000000000e0
1612,118283,0,0,0.000000000e0,0.000000000e0
1613,118283,0,0,0.000000000e0,0.000000000e0
1614,118283,0,0,0.000000000e0,0.000000000e0
1615,118283,0,0,0.000000000e0,0.000000000e0
1616,118283,0,0,0.000000000e0,0.000000000e0
1617,118283,0,0,0.000000000e0,0.000000000e0
1618,118283,0,0,0.000000000e0,0.000000000e0
1619,118283,0,0,0.000000000e0,0.000000000e0
1620,118283,0,0,0.000000000e0,0.000000000e0
1621,118283,0,0,0.000000000e0,0.000000000e0
1622,118283,0,0,0.000000000e0,0.000000000e0
1623,118283,0,0,0.000000000e0,0.000000000e0
1624,118283,0,0,0.000000000e0,0.000000000e0
1625,118283,0,0,0.000000000e0,0.000000000e0
1626,118283,0,0,0.000000000e0,0.000000000e0
1627,118283,0,0,0.000000000e0,0.000000000e0
1628,118283,0,0,0.000000000e0,0.000000000e0
1629,118283,0,0,0.000000000e0,0.000000000e0
1630,118283,0,0,0.000000000e0,0.000000000e0
1631,118283,0,0,0.000000000e0,0.000000000e0
1632,118283,0,0,0.000000000e0,0.000000000e0
1633,118283,0,0,0.000000000e0,0.000000000e0
1634,118283,0,0,0.000000000e0,0.000000000e0
1635,118283,0,0,0.000000000e0,0.000000000e0
1636,118283,0,0,0.000000000e0,0.000000000e0
1637,118283,0,0,0.000000000e0,0.000000000e0
1638,118283,0,0,0.000000000e0,0.000000000e0
1639,118283,0,0,0.000000000e0,0.000000000e0
1640,118283,0,0,0.000000000e0,0.000000000e0
1641,118283,0,0,0.000000000e0,0.000000000e0
1642,118283,0,0,0.000000000e0,0.000000000e0
1643,118283,0,0,0.000000000e0,0.000000000e0
1644,118283,0,0,0.000000000e0,0.000000000e0
1645,118283,0,0,0.000000000e0,0.000000000e0
1646,118283,0,0,0.000000000e0,0.000000000e0
1647,118283,0,0,0.000000000e0,0.000000000e0
1648,118283,0,0,0.000000000e0,0.000000000e0
1649,118283,0,0,0.000000000e0,0.000000000e0
1650,118283,0,0,0.000000000e0,0.000000000e0
1651,118283,0,0,0.000000000e0,0.000000000e0
1652,118283,0,0,0.000000000e0,0.000000000e0
1653,118283,0,0,0.000000000e0,0.000000000e0
1654,118283,0,0,0.000000000e0,0.000000000e0
1655,118283,0,0,0.000000000e0,0.000000000e0
1656,118283,0,0,0.000000000e0,0.000000000e0
1657,118283,0,0,0.000000000e0,0.000000000e0
1658,118283,0,0,0.000000000e0,0.000000000e0
1659,118283,0,0,0.000000000e0,0.000000000e0
1660,118283,0,0,0.000000000e0,0.000000000e0
1661,118283,0,0,0.000000000e0,0.000000000e0
1662,118283,0,0,0.000000000e0,0.000000000e0
1663,118283,0,0,0.000000000e0,0.000000000e0
1664,118283,0,0,0.000000000e0,0.000000000e0
1665,118283,0,0,0.000000000e0,0.000000000e0
1666,118283,0,0,0.000000000e0,0.000000000e0
1667,118283,0,0,0.000000000e0,0.000000000e0
1668,118283,0,0,0.000000000e0,0.000000000e0
1669,118283,0,0,0.000000000e0,0.000000000e0
1670,118283,0,0,0.000000000e0,0.000000000e0
1671,118283,0,0,0.000000000e0,0.000000000e0
1672,118283,0,0,0.000000000e0,0.000000000e0
1673,118283,0,0,0.000000000e0,0.000000000e0
1674,118283,0,0,0.000000000e0,0.000000000e0
1675,118283,0,0,0.000000000e0,0.000000000e0
1676,118283,0,0,0.000000000e0,0.000000000e0
1677,118283,0,0,0.000000000e0,0.000000000e0
1678,118283,0,0,0.000000000e0,0.000000000e0
1679,118283,0,0,0.000000000e0,0.000000000e0
1680,118283,0,0,0.000000000e0,0.000000000e0
1681,118283,0,0,0.000000000e0,0.000000000e0
1682,118283,0,0,0.000000000e0,0.000000000e0
1683,118283,0,0,0.000000000e0,0.000000000e0
1684,118283,0,0,0.000000000e0,0.000000000e0
1685,118283,0,0,0.000000000e0,0.000000000e0
1686,118283,0,0,0.000000000e0,0.000000000e0
1687,118283,0,0,0.000000000e0,0.000000000e0
1688,118283,0,0,0.000000000e0,0.000000000e0
1689,118283,0,0,0.000000000e0,0.000000000e0
1690,118283,0,0,0.000000000e0,0.000000000e0
1691,118283,0,0,0.000000000e0,0.000000000e0
1692,118283,0,0,0.000000000e0,0.000000000e0
1693,118283,0,0,0.000000000e0,0.000000000e0
1694,118283,0,0,0.000000000e0,0.000000000e0
1695,118283,0,0,0.000000000e0,0.000000000e0
1696,118283,0,0,0.000000000e0,0.000000000e0
1697,118283,0,0,0.000000000e0,0.000000000e0
1698,118283,0,0,0.000000000e0,0.000000000e0
1699,118283,0,0,0.000000000e0,0.000000000e0
1700,118283,0,0,0.000000000e0,0.000000000e0
1701,118283,0,0,0.000000000e0,0.000000000e0
1702,118283,0,0,0.000000000e0,0.000000000e0
1703,118283,0,0,0.000000000e0,0.000000000e0
1704,118283,0,0,0.000000000e0,0.000000000e0
1705,118283,0,0,0.000000000e0,0.000000000e0
1706,118283,0,0,0.000000000e0,0.000000000e0
1707,118283,0,0,0.000000000e0,0.000000000e0
1708,118283,0,0,0.000000000e0,0.000000000e0
1709,118283,0,0,0.000000000e0,0.000000000e0
1710,118283,0,0,0.000000000e0,0.000000000e0
1711,118283,0,0,0.000000000e0,0.000000000e0
1712,118283,0,0,0.000000000e0,0.000000000e0
1713,118283,0,0,0.000000000e0,0.000000000e0
1714,118283,0,0,0.000000000e0,0.000000000e0
1715,118283,0,0,0.000000000e0,0.000000000e0
1716,118283,0,0,0.000000000e0,0.000000000e0
1717,118283,0,0,0.000000000e0,0.000000000e0
1718,118283,0,0,0.000000000e0,0.000000000e0
1719,118283,0,0,0.000000000e0,0.000000000e0
1720,118283,0,0,0.000000000e0,0.000000000e0
1721,118283,0,0,0.000000000e0,0.000000000e0
1722,118283,0,0,0.000000000e0,0.000000000e0
1723,118283,0,0,0.000000000e0,0.000000000e0
1724,118283,0,0,0.000000000e0,0.000000000e0
1725,118283,0,0,0.000000000e0,0.000000000e0
1726,118283,0,0,0.000000000e0,0.000000000e0
1727,118283,0,0,0.000000000e0,0.000000000e0
1728,118283,0,0,0.000000000e0,0.000000000e0
1729,118283,0,0,0.000000000e0,0.000000000e0
1730,118283,0,0,0.000000000e0,0.000000000e0
1731,118283,0,0,0.000000000e0,0.000000000e0
1732,118283,0,0,0.000000000e0,0.000000000e0
1733,118283,0,0,0.000000000e0,0.000000000e0
1734,118283,0,0,0.000000000e0,0.000000000e0
1735,118283,0,0,0.000000000e0,0.000000000e0
1736,118283,0,0,0.000000000e0,0.000000000e0
1737,118283,0,0,0.000000000e0,0.000000000e0
1738,118283,0,0,0.000000000e0,0.000000000e0
1739,118283,0,0,0.000000000e0,0.000000000e0
1740,118283,0,0,0.000000000e0,0.000000000e0
1741,118283,0,0,0.000000000e0,0.000000000e0
1742,118283,0,0,0.000000000e0,0.000000000e0
1743,118283,0,0,0.000000000e0,0.000000000e0
1744,118283,0,0,0.000000000e0,0.000000000e0
1745,118283,0,0,0.000000000e0,0.000000000e0
1746,118283,0,0,0.000000000e0,0.000000000e0
1747,118283,0,0,0.000000000e0,0.000000000e0
1748,118283,0,0,0.000000000e0,0.000000000e0
1749,118283,0,0,0.000000000e0,0.000000000e0
1750,118283,0,0,0.000000000e0,0.000000000e0
1751,118283,0,0,0.000000000e0,0.000000000e0
1752,118283,0,0,0.000000000e0,0.000000000e0
1753,118283,0,0,0.000000000e0,0.000000000e0
1754,118283,0,0,0.000000000e0,0.000000000e0
1755,118283,0,0,0.000000000e0,0.000000000e0
1756,118283,0,0,0.000000000e0,0.000000000e0
1757,118283,0,0,0.000000000e0,0.000000000e0
1758,118283,0,0,0.000000000e0,0.000000000e0
1759,118283,0,0,0.000000000e0,0.000000000e0
1760,118283,0,0,0.000000000e0,0.000000000e0
1761,118283,0,0,0.000000000e0,0.000000000e0
1762,118283,0,0,0.000000000e0,0.000000000e0
1763,118283,0,0,0.000000000e0,0.000000000e0
1764,118283,0,0,0.000000000e0,0.000000000e0
1765,118283,0,0,0.000000000e0,0.000000000e0
1766,118283,0,0,0.000000000e0,0.000000000e0
1767,118283,0,0,0.000000000e0,0.000000000e0
1768,118283,0,0,0.000000000e0,0.000000000e0
1769,118283,0,0,0.000000000e0,0.000000000e0
1770,118283,0,0,0.000000000e0,0.000000000e0
1771,118283,0,0,0.000000000e0,0.000000000e0
1772,118283,0,0,0.000000000e0,0.000000000e0
1773,118283,0,0,0.000000000e0,0.000000000e0
1774,118283,0,0,0.000000000e0,0.000000000e0
1775,118283,0,0,0.000000000e0,0.000000000e0
1776,118283,0,0,0.000000000e0,0.000000000e0
1777,118283,0,0,0.000000000e0,0.000000000e0
1778,118283,0,0,0.000000000e0,0.000000000e0
1779,118283,0,0,0.000000000e0,0.000000000e0
1780,118283,0,0,0.000000000e0,0.000000000e0
1781,118283,0,0,0.000000000e0,0.000000000e0
1782,118283,0,0,0.000000000e0,0.000000000e0
1783,118283,0,0,0.000000000e0,0.000000000e0
1784,118283,0,0,0.000000000e0,0.000000000e0
1785,118283,0,0,0.000000000e0,0.000000000e0
1786,118283,0,0,0.000000000e0,0.000000000e0
1787,118283,0,0,0.000000000e0,0.000000000e0
1788,118283,0,0,0.000000000e0,0.000000000e0
1789,118283,0,0,0.000000000e0,0.000000000e0
1790,118283,0,0,0.000000000e0,0.000000000e0
1791,118283,0,0,0.000000000e0,0.000000000e0
1792,118283,0,0,0.000000000e0,0.000000000e0
1793,118283,0,0,0.000000000e0,0.000000000e0
1794,118283,0,0,0.000000000e0,0.000000000e0
1795,118283,0,0,0.000000000e0,0.000000000e0
1796,118283,0,0,0.000000000e0,0.000000000e0
1797,118283,0,0,0.000000000e0,0.000000000e0
1798,118283,0,0,0.000000000e0,0.000000000e0
1799,118283,0,0,0.000000000e0,0.000000000e0
1800,118283,0,0,0.000000000e0,0.000000000e0
1801,118283,0,0,0.000000000e0,0.000000000e0
1802,118283,0,0,0.000000000e0,0.000000000e0
1803,118283,0,0,0.000000000e0,0.000000000e0
1804,118283,0,0,0.000000000e0,0.000000000e0
1805,118283,0,0,0.000000000e0,0.000000000e0
1806,118283,0,0,0.000000000e0,0.000000000e0
1807,118283,0,0,0.000000000e0,0.000000000e0
1808,118283,0,0,0.000000000e0,0.000000000e0
1809,118283,0,0,0.000000000e0,0.000000000e0
1810,118283,0,0,0.000000000e0,0.000000000e0
1811,118283,0,0,0.000000000e0,0.000000000e0
1812,118283,0,0,0.000000000e0,0.000000000e0
1813,118283,0,0,0.000000000e0,0.000000000e0
1814,118283,0,0,0.000000000e0,0.000000000e0
1815,118283,0,0,0.000000000e0,0.000000000e0
1816,118283,0,0,0.000000000e0,0.000000000e0
1817,118283,0,0,0.000000000e0,0.000000000e0
1818,118283,0,0,0.000000000e0,0.000000000e0
1819,118283,0,0,0.000000000e0,0.000000000e0
1820,118283,0,0,0.000000000e0,0.000000000e0
1821,118283,0,0,0.000000000e0,0.000000000e0
1822,118283,0,0,0.000000000e0,0.000000000e0
1823,118283,0,0,0.000000000e0,0.000000000e0
1824,118283,0,0,0.000000000e0,0.000000000e0
1825,118283,0,0,0.000000000e0,0.000000000e0
1826,118283,0,0,0.000000000e0,0.000000000e0
1827,118283,0,0,0.000000000e0,0.000000000e0
1828,118283,0,0,0.000000000e0,0.000000000e0
1829,118283,0,0,0.000000000e0,0.000000000e0
1830,118283,0,0,0.000000000e0,0.000000000e0
1831,118283,0,0,0.000000000e0,0.000000000e0
1832,118283,0,0,0.000000000e0,0.000000000e0
1833,118283,0,0,0.000000000e0,0.000000000e0
1834,118283,0,0,0.000000000e0,0.000000000e0
1835,118283,0,0,0.000000000e0,0.000000000e0
1836,118283,0,0,0.000000000e0,0.000000000e0
1837,118283,0,0,0.000000000e0,0.000000000e0
1838,118283,0,0,0.000000000e0,0.000000000e0
1839,118283,0,0,0.000000000e0,0.000000000e0
1840,118283,0,0,0.000000000e0,0.000000000e0
1841,118283,0,0,0.000000000e0,0.000000000e0
1842,118283,0,0,0.000000000e0,0.000000000e0
1843,118283,0,0,0.000000000e0,0.000000000e0
1844,118283,0,0,0.000000000e0,0.000000000e0
1845,118283,0,0,0.000000000e0,0.000000000e0
1846,118283,0,0,0.000000000e0,0.000000000e0
1847,118283,0,0,0.000000000e0,0.000000000e0
1848,118283,0,0,0.000000000e0,0.000000000e0
1849,118283,0,0,0.000000000e0,0.000000000e0
1850,118283,0,0,0.000000000e0,0.000000000e0
1851,118283,0,0,0.000000000e0,0.000000000e0
1852,118283,0,0,0.000000000e0,0.000000000e0
1853,118283,0,0,0.000000000e0,0.000000000e0
1854,118283,0,0,0.000000000e0,0.000000000e0
1855,118283,0,0,0.000000000e0,0.000000000e0
1856,118283,0,0,0.000000000e0,0.000000000e0
1857,118283,0,0,0.000000000e0,0.000000000e0
1858,118283,0,0,0.000000000e0,0.000000000e0
1859,118283,0,0,0.000000000e0,0.000000000e0
1860,118283,0,0,0.000000000e0,0.000000000e0
1861,118283,0,0,0.000000000e0,0.000000000e0
1862,118283,0,0,0.000000000e0,0.000000000e0
1863,118283,0,0,0.000000000e0,0.000000000e0
1864,118283,0,0,0.000000000e0,0.000000000e0
1865,118283,0,0,0.000000000e0,0.000000000e0
1866,118283,0,0,0.000000000e0,0.000000000e0
1867,118283,0,0,0.000000000e0,0.000000000e0
1868,118283,0,0,0.000000000e0,0.000000000e0
1869,118283,0,0,0.000000000e0,0.000000000e0
1870,118283,0,0,0.000000000e0,0.000000000e0
1871,118283,0,0,0.000000000e0,0.000000000e0
1872,118283,0,0,0.000000000e0,0.000000000e0
1873,118283,0,0,0.000000000e0,0.000000000e0
1874,118283,0,0,0.000000000e0,0.000000000e0
1875,118283,0,0,0.000000000e0,0.000000000e0
1876,118283,0,0,0.000000000e0,0.000000000e0
1877,118283,0,0,0.000000000e0,0.000000000e0
1878,118283,0,0,0.000000000e0,0.000000000e0
1879,118283,0,0,0.000000000e0,0.000000000e0
1880,118283,0,0,0.000000000e0,0.000000000e0
1881,118283,0,0,0.000000000e0,0.000000000e0
1882,118283,0,0,0.000000000e0,0.000000000e0
1883,118283,0,0,0.000000000e0,0.000000000e0
1884,118283,0,0,0.000000000e0,0.000000000e0
1885,118283,0,0,0.000000000e0,0.000000000e0
1886,118283,0,0,0.000000000e0,0.000000000e0
1887,118283,0,0,0.000000000e0,0.000000000e0
1888,118283,0,0,0.000000000e0,0.000000000e0
1889,118283,0,0,0.000000000e0,0.000000000e0
1890,118283,0,0,0.000000000e0,0.000000000e0
1891,118283,0,0,0.000000000e0,0.000000000e0
1892,118283,0,0,0.000000000e0,0.000000000e0
1893,118283,0,0,0.000000000e0,0.000000000e0
1894,118283,0,0,0.000000000e0,0.000000000e0
1895,118283,0,0,0.000000000e0,0.000000000e0
1896,118283,0,0,0.000000000e0,0.000000000e0
1897,118283,0,0,0.000000000e0,0.000000000e0
1898,118283,0,0,0.000000000e0,0.000000000e0
1899,118283,0,0,0.000000000e0,0.000000000e0
1900,118283,0,0,0.000000000e0,0.000000000e0
1901,118283,0,0,0.000000000e0,0.000000000e0
1902,118283,0,0,0.000000000e0,0.000000000e0
1903,118283,0,0,0.000000000e0,0.000000000e0
1904,118283,0,0,0.000000000e0,0.000000000e0
1905,118283,0,0,0.000000000e0,0.000000000e0
1906,118283,0,0,0.000000000e0,0.000000000e0
1907,118283,0,0,0.000000000e0,0.000000000e0
1908,118283,0,0,0.000000000e0,0.000000000e0
1909,118283,0,0,0.000000000e0,0.000000000e0
1910,118283,0,0,0.000000000e0,0.000000000e0
1911,118283,0,0,0.000000000e0,0.000000000e0
1912,118283,0,0,0.000000000e0,0.000000000e0
1913,118283,0,0,0.000000000e0,0.000000000e0
1914,118283,0,0,0.000000000e0,0.000000000e0
1915,118283,0,0,0.000000000e0,0.000000000e0
1916,118283,0,0,0.000000000e0,0.000000000e0
1917,118283,0,0,0.000000000e0,0.000000000e0
1918,118283,0,0,0.000000000e0,0.000000000e0
1919,118283,0,0,0.000000000e0,0.000000000e0
1920,118283,0,0,0.000000000e0,0.000000000e0
1921,118283,0,0,0.000000000e0,0.000000000e0
1922,118283,0,0,0.000000000e0,0.000000000e0
1923,118283,0,0,0.000000000e0,0.000000000e0
1924,118283,0,0,0.000000000e0,0.000000000e0
1925,118283,0,0,0.000000000e0,0.000000000e0
1926,118283,0,0,0.000000000e0,0.000000000e0
1927,118283,0,0,0.000000000e0,0.000000000e0
1928,118283,0,0,0.000000000e0,0.000000000e0
1929,118283,0,0,0.000000000e0,0.000000000e0
1930,118283,0,0,0.000000000e0,0.000000000e0
1931,118283,0,0,0.000000000e0,0.000000000e0
1932,118283,0,0,0.000000000e0,0.000000000e0
1933,118283,0,0,0.000000000e0,0.000000000e0
1934,118283,0,0,0.000000000e0,0.000000000e0
1935,118283,0,0,0.000000000e0,0.000000000e0
1936,118283,0,0,0.000000000e0,0.000000000e0
1937,118283,0,0,0.000000000e0,0.000000000e0
1938,118283,0,0,0.000000000e0,0.000000000e0
1939,118283,0,0,0.000000000e0,0.000000000e0
1940,118283,0,0,0.000000000e0,0.000000000e0
1941,118283,0,0,0.000000000e0,0.000000000e0
1942,118283,0,0,0.000000000e0,0.000000000e0
1943,118283,0,0,0.000000000e0,0.000000000e0
1944,118283,0,0,0.000000000e0,0.000000000e0
1945,118283,0,0,0.000000000e0,0.000000000e0
1946,118283,0,0,0.000000000e0,0.000000000e0
1947,118283,0,0,0.000000000e0,0.000000000e0
1948,118283,0,0,0.000000000e0,0.000000000e0
1949,118283,0,0,0.000000000e0,0.000000000e0
1950,118283,0,0,0.000000000e0,0.000000000e0
1951,118283,0,0,0.000000000e0,0.000000000e0
1952,118283,0,0,0.000000000e0,0.000000000e0
1953,118283,0,0,0.000000000e0,0.000000000e0
1954,118283,0,0,0.000000000e0,0.000000000e0
1955,118283,0,0,0.000000000e0,0.000000000e0
1956,118283,0,0,0.000000000e0,0.000000000e0
1957,118283,0,0,0.000000000e0,0.000000000e0
1958,118283,0,0,0.000000000e0,0.000000000e0
1959,118283,0,0,0.000000000e0,0.000000000e0
1960,118283,0,0,0.000000000e0,0.000000000e0
1961,118283,0,0,0.000000000e0,0.000000000e0
1962,118283,0,0,0.000000000e0,0.000000000e0
1963,118283,0,0,0.000000000e0,0.000000000e0
1964,118283,0,0,0.000000000e0,0.000000000e0
1965,118283,0,0,0.000000000e0,0.000000000e0
1966,118283,0,0,0.000000000e0,0.000000000e0
1967,118283,0,0,0.000000000e0,0.000000000e0
1968,118283,0,0,0.000000000e0,0.000000000e0
1969,118283,0,0,0.000000000e0,0.000000000e0
1970,118283,0,0,0.000000000e0,0.000000000e0
1971,118283,0,0,0.000000000e0,0.000000000e0
1972,118283,0,0,0.000000000e0,0.000000000e0
1973,118283,0,0,0.000000000e0,0.000000000e0
1974,118283,0,0,0.000000000e0,0.000000000e0
1975,118283,0,0,0.000000000e0,0.000000000e0
1976,118283,0,0,0.000000000e0,0.000000000e0
1977,118283,0,0,0.000000000e0,0.000000000e0
1978,118283,0,0,0.000000000e0,0.000000000e0
1979,118283,0,0,0.000000000e0,0.000000000e0
1980,118283,0,0,0.000000000e0,0.000000000e0
1981,118283,0,0,0.000000000e0,0.000000000e0
1982,118283,0,0,0.000000000e0,0.000000000e0
1983,118283,0,0,0.000000000e0,0.000000000e0
1984,118283,0,0,0.000000000e0,0.000000000e0
1985,118283,0,0,0.000000000e0,0.000000000e0
1986,118283,0,0,0.000000000e0,0.000000000e0
1987,118283,0,0,0.000000000e0,0.000000000e0
1988,118283,0,0,0.000000000e0,0.000000000e0
1989,118283,0,0,0.000000000e0,0.000000000e0
1990,118283,0,0,0.000000000e0,0.000000000e0
1991,118283,0,0,0.000000000e0,0.000000000e0
1992,118283,0,0,0.000000000e0,0.000000000e0
1993,118283,0,0,0.000000000e0,0.000000000e0
1994,118283,0,0,0.000000000e0,0.000000000e0
1995,118283,0,0,0.000000000e0,0.000000000e0
1996,118283,0,0,0.000000000e0,0.000000000e0
1997,118283,0,0,0.000000000e0,0.000000000e0
1998,118283,0,0,0.000000000e0,0.000000000e0
1999,118283,0,0,0.000000000e0,0.000000000e0
2000,118283,0,0,0.000000000e0,0.000000000e0
2001,118283,0,0,0.000000000e0,0.000000000e0
2002,118283,0,0,0.000000000e0,0.000000000e0
2003,118283,0,0,0.000000000e0,0.000000000e0
2004,118283,0,0,0.000000000e0,0.000000000e0
2005,118283,0,0,0.000000000e0,0.000000000e0
2006,118283,0,0,0.000000000e0,0.000000000e0
2007,118283,0,0,0.000000000e0,0.000000000e0
2008,118283,0,0,0.000000000e0,0.000000000e0
2009,118283,0,0,0.000000000e0,0.000000000e0
2010,118283,0,0,0.000000000e0,0.000000000e0
2011,118283,0,0,0.000000000e0,0.000000000e0
2012,118283,0,0,0.000000000e0,0.000000000e0
2013,118283,0,0,0.000000000e0,0.000000000e0
2014,118283,0,0,0.000000000e0,0.000000000e0
2015,118283,0,0,0.000000000e0,0.000000000e0
2016,118283,0,0,0.000000000e0,0.000000000e0
2017,118283,0,0,0.000000000e0,0.000000000e0
2018,118283,0,0,0.000000000e0,0.000000000e0
2019,118283,0,0,0.000000000e0,0.000000000e0
2020,118283,0,0,0.000000000e0,0.000000000e0
2021,118283,0,0,0.000000000e0,0.000000000e0
2022,118283,0,0,0.000000000e0,0.000000000e0
2023,118283,0,0,0.000000000e0,0.000000000e0
2024,118283,0,0,0.000000000e0,0.000000000e0
2025,118283,0,0,0.000000000e0,0.000000000e0
2026,118283,0,0,0.000000000e0,0.000000000e0
2027,118283,0,0,0.000000000e0,0.000000000e0
2028,118283,0,0,0.000000000e0,0.000000000e0
2029,118283,0,0,0.000000000e0,0.000000000e0
2030,118283,0,0,0.000000000e0,0.000000000e0
2031,118283,0,0,0.000000000e0,0.000000000e0
2032,118283,0,0,0.000000000e0,0.000000000e0
2033,118283,0,0,0.000000000e0,0.000000000e0
2034,118283,0,0,0.000000000e0,0.000000000e0
2035,118283,0,0,0.000000000e0,0.000000000e0
2036,118283,0,0,0.000000000e0,0.000000000e0
2037,118283,0,0,0.000000000e0,0.000000000e0
2038,118283,0,0,0.000000000e0,0.000000000e0
2039,118283,0,0,0.000000000e0,0.000000000e0
2040,118283,0,0,0.000000000e0,0.000000000e0
2041,118283,0,0,0.000000000e0,0.000000000e0
2042,118283,0,0,0.000000000e0,0.000000000e0
2043,118283,0,0,0.000000000e0,0.000000000e0
2044,118283,0,0,0.000000000e0,0.000000000e0
2045,118283,0,0,0.000000000e0,0.000000000e0
2046,118283,0,0,0.000000000e0,0.000000000e0
2047,118283,0,0,0.000000000e0,0.000000000e0
2048,118283,0,0,0.000000000e0,0.000000000e0
2049,118283,0,0,0.000000000e0,0.000000000e0
2050,118283,0,0,0.000000000e0,0.000000000e0
2051,118283,0,0,0.000000000e0,0.000000000e0
2052,118283,0,0,0.000000000e0,0.000000000e0
2053,118283,0,0,0.000000000e0,0.000000000e0
2054,118283,0,0,0.000000000e0,0.000000000e0
2055,118283,0,0,0.000000000e0,0.000000000e0
2056,118283,0,0,0.000000000e0,0.000000000e0
2057,118283,0,0,0.000000000e0,0.000000000e0
2058,118283,0,0,0.000000000e0,0.000000000e0
2059,118283,0,0,0.000000000e0,0.000000000e0
2060,118283,0,0,0.000000000e0,0.000000000e0
2061,118283,0,0,0.000000000e0,0.000000000e0
2062,118283,0,0,0.000000000e0,0.000000000e0
2063,118283,0,0,0.000000000e0,0.000000000e0
2064,118283,0,0,0.000000000e0,0.000000000e0
2065,118283,0,0,0.000000000e0,0.000000000e0
2066,118283,0,0,0.000000000e0,0.000000000e0
2067,118283,0,0,0.000000000e0,0.000000000e0
2068,118283,0,0,0.000000000e0,0.000000000e0
2069,118283,0,0,0.000000000e0,0.000000000e0
2070,118283,0,0,0.000000000e0,0.000000000e0
2071,118283,0,0,0.000000000e0,0.000000000e0
2072,118283,0,0,0.000000000e0,0.000000000e0
2073,118283,0,0,0.000000000e0,0.000000000e0
2074,118283,0,0,0.000000000e0,0.000000000e0
2075,118283,0,0,0.000000000e0,0.000000000e0
2076,118283,0,0,0.000000000e0,0.000000000e0
2077,118283,0,0,0.000000000e0,0.000000000e0
2078,118283,0,0,0.000000000e0,0.000000000e0
2079,118283,0,0,0.000000000e0,0.000000000e0
2080,118283,0,0,0.000000000e0,0.000000000e0
2081,118283,0,0,0.000000000e0,0.000000000e0
2082,118283,0,0,0.000000000e0,0.000000000e0
2083,118283,0,0,0.000000000e0,0.000000000e0
2084,118283,0,0,0.000000000e0,0.000000000e0
2085,118283,0,0,0.000000000e0,0.000000000e0
2086,118283,0,0,0.000000000e0,0.000000000e0
2087,118283,0,0,0.000000000e0,0.000000000e0
2088,118283,0,0,0.000000000e0,0.000000000e0
2089,118283,0,0,0.000000000e0,0.000000000e0
2090,118283,0,0,0.000000000e0,0.000000000e0
2091,118283,0,0,0.000000000e0,0.000000000e0
2092,118283,0,0,0.000000000e0,0.000000000e0
2093,118283,0,0,0.000000000e0,0.000000000e0
2094,118283,0,0,0.000000000e0,0.000000000e0
2095,118283,0,0,0.000000000e0,0.000000000e0
2096,118283,0,0,0.000000000e0,0.000000000e0
2097,118283,0,0,0.000000000e0,0.000000000e0
2098,118283,0,0,0.000000000e0,0.000000000e0
2099,118283,0,0,0.000000000e0,0.000000000e0
2100,118283,0,0,0.000000000e0,0.000000000e0
2101,118283,0,0,0.000000000e0,0.000000000e0
2102,118283,0,0,0.000000000e0,0.000000000e0
2103,118283,0,0,0.000000000e0,0.000000000e0
2104,118283,0,0,0.000000000e0,0.000000000e0
2105,118283,0,0,0.000000000e0,0.000000000e0
2106,118283,0,0,0.000000000e0,0.000000000e0
2107,118283,0,0,0.000000000e0,0.000000000e0
2108,118283,0,0,0.000000000e0,0.000000000e0
2109,118283,0,0,0.000000000e0,0.000000000e0
2110,118283,0,0,0.000000000e0,0.000000000e0
2111,118283,0,0,0.000000000e0,0.000000000e0
2112,118283,0,0,0.000000000e0,0.000000000e0
2113,118283,0,0,0.000000000e0,0.000000000e0
2114,118283,0,0,0.000000000e0,0.000000000e0
2115,118283,0,0,0.000000000e0,0.000000000e0
2116,118283,0,0,0.000000000e0,0.000000000e0
2117,118283,0,0,0.000000000e0,0.000000000e0
2118,118283,0,0,0.000000000e0,0.000000000e0
2119,118283,0,0,0.000000000e0,0.000000000e0
2120,118283,0,0,0.000000000e0,0.000000000e0
2121,118283,0,0,0.000000000e0,0.000000000e0
2122,118283,0,0,0.000000000e0,0.000000000e0
2123,118283,0,0,0.000000000e0,0.000000000e0
2124,118283,0,0,0.000000000e0,0.000000000e0
2125,118283,0,0,0.000000000e0,0.000000000e0
2126,118283,0,0,0.000000000e0,0.000000000e0
2127,118283,0,0,0.000000000e0,0.000000000e0
2128,118283,0,0,0.000000000e0,0.000000000e0
2129,118283,0,0,0.000000000e0,0.000000000e0
2130,118283,0,0,0.000000000e0,0.000000000e0
2131,118283,0,0,0.000000000e0,0.000000000e0
2132,118283,0,0,0.000000000e0,0.000000000e0
2133,118283,0,0,0.000000000e0,0.000000000e0
2134,118283,0,0,0.000000000e0,0.000000000e0
2135,118283,0,0,0.000000000e0,0.000000000e0
2136,118283,0,0,0.000000000e0,0.000000000e0
2137,118283,0,0,0.000000000e0,0.000000000e0
2138,118283,0,0,0.000000000e0,0.000000000e0
2139,118283,0,0,0.000000000e0,0.000000000e0
2140,118283,0,0,0.000000000e0,0.000000000e0
2141,118283,0,0,0.000000000e0,0.000000000e0
2142,118283,0,0,0.000000000e0,0.000000000e0
2143,118283,0,0,0.000000000e0,0.000000000e0
2144,118283,0,0,0.000000000e0,0.000000000e0
2145,118283,0,0,0.000000000e0,0.000000000e0
2146,118283,0,0,0.000000000e0,0.000000000e0
2147,118283,0,0,0.000000000e0,0.000000000e0
2148,118283,0,0,0.000000000e0,0.000000000e0
2149,118283,0,0,0.000000000e0,0.000000000e0
2150,118283,0,0,0.000000000e0,0.000000000e0
2151,118283,0,0,0.000000000e0,0.000000000e0
2152,118283,0,0,0.000000000e0,0.000000000e0
2153,118283,0,0,0.000000000e0,0.000000000e0
2154,118283,0,0,0.000000000e0,0.000000000e0
2155,118283,0,0,0.000000000e0,0.000000000e0
2156,118283,0,0,0.000000000e0,0.000000000e0
2157,118283,0,0,0.000000000e0,0.000000000e0
2158,118283,0,0,0.000000000e0,0.000000000e0
2159,118283,0,0,0.000000000e0,0.000000000e0
2160,118283,0,0,0.000000000e0,0.000000000e0
2161,118283,0,0,0.000000000e0,0.000000000e0
2162,118283,0,0,0.000000000e0,0.000000000e0
2163,118283,0,0,0.000000000e0,0.000000000e0
2164,118283,0,0,0.000000000e0,0.000000000e0
2165,118283,0,0,0.000000000e0,0.000000000e0
2166,118283,0,0,0.000000000e0,0.000000000e0
2167,118283,0,0,0.000000000e0,0.000000000e0
2168,118283,0,0,0.000000000e0,0.000000000e0
2169,118283,0,0,0.000000000e0,0.000000000e0
2170,118283,0,0,0.000000000e0,0.000000000e0
2171,118283,0,0,0.000000000e0,0.000000000e0
2172,118283,0,0,0.000000000e0,0.000000000e0
2173,118283,0,0,0.000000000e0,0.000000000e0
2174,118283,0,0,0.000000000e0,0.000000000e0
2175,118283,0,0,0.000000000e0,0.000000000e0
2176,118283,0,0,0.000000000e0,0.000000000e0
2177,118283,0,0,0.000000000e0,0.000000000e0
2178,118283,0,0,0.000000000e0,0.000000000e0
2179,118283,0,0,0.000000000e0,0.000000000e0
2180,118283,0,0,0.000000000e0,0.000000000e0
2181,118283,0,0,0.000000000e0,0.000000000e0
2182,118283,0,0,0.000000000e0,0.000000000e0
2183,118283,0,0,0.000000000e0,0.000000000e0
2184,118283,0,0,0.000000000e0,0.000000000e0
2185,118283,0,0,0.000000000e0,0.000000000e0
2186,118283,0,0,0.000000000e0,0.000000000e0
2187,118283,0,0,0.000000000e0,0.000000000e0
2188,118283,0,0,0.000000000e0,0.000000000e0
2189,118283,0,0,0.000000000e0,0.000000000e0
2190,118283,0,0,0.000000000e0,0.000000000e0
2191,118283,0,0,0.000000000e0,0.000000000e0
2192,118283,0,0,0.000000000e0,0.000000000e0
2193,118283,0,0,0.000000000e0,0.000000000e0
2194,118283,0,0,0.000000000e0,0.000000000e0
2195,118283,0,0,0.000000000e0,0.000000000e0
2196,118283,0,0,0.000000000e0,0.000000000e0
2197,118283,0,0,0.000000000e0,0.000000000e0
2198,118283,0,0,0.000000000e0,0.000000000e0
2199,118283,0,0,0.000000000e0,0.000000000e0
2200,118283,0,0,0.000000000e0,0.000000000e0
2201,118283,0,0,0.000000000e0,0.000000000e0
2202,118283,0,0,0.000000000e0,0.000000000e0
2203,118283,0,0,0.000000000e0,0.000000000e0
2204,118283,0,0,0.000000000e0,0.000000000e0
2205,118283,0,0,0.000000000e0,0.000000000e0
2206,118283,0,0,0.000000000e0,0.000000000e0
2207,118283,0,0,0.000000000e0,0.000000000e0
2208,118283,0,0,0.000000000e0,0.000000000e0
2209,118283,0,0,0.000000000e0,0.000000000e0
2210,118283,0,0,0.000000000e0,0.000000000e0
2211,118283,0,0,0.000000000e0,0.000000000e0
2212,118283,0,0,0.000000000e0,0.000000000e0
2213,118283,0,0,0.000000000e0,0.000000000e0
2214,118283,0,0,0.000000000e0,0.000000000e0
2215,118283,0,0,0.000000000e0,0.000000000e0
2216,118283,0,0,0.000000000e0,0.000000000e0
2217,118283,0,0,0.000000000e0,0.000000000e0
2218,118283,0,0,0.000000000e0,0.000000000e0
2219,118283,0,0,0.000000000e0,0.000000000e0
2220,118283,0,0,0.000000000e0,0.000000000e0
2221,118283,0,0,0.000000000e0,0.000000000e0
2222,118283,0,0,0.000000000e0,0.000000000e0
2223,118283,0,0,0.000000000e0,0.000000000e0
2224,118283,0,0,0.000000000e0,0.000000000e0
2225,118283,0,0,0.000000000e0,0.000000000e0
2226,118283,0,0,0.000000000e0,0.000000000e0
2227,118283,0,0,0.000000000e0,0.000000000e0
2228,118283,0,0,0.000000000e0,0.000000000e0
2229,118283,0,0,0.000000000e0,0.000000000e0
2230,118283,0,0,0.000000000e0,0.000000000e0
2231,118283,0,0,0.000000000e0,0.000000000e0
2232,118283,0,0,0.000000000e0,0.000000000e0
2233,118283,0,0,0.000000000e0,0.000000000e0
2234,118283,0,0,0.000000000e0,0.000000000e0
2235,118283,0,0,0.000000000e0,0.000000000e0
2236,118283,0,0,0.000000000e0,0.000000000e0
2237,118283,0,0,0.000000000e0,0.000000000e0
2238,118283,0,0,0.000000000e0,0.000000000e0
2239,118283,0,0,0.000000000e0,0.000000000e0
2240,118283,0,0,0.000000000e0,0.000000000e0
2241,118283,0,0,0.000000000e0,0.000000000e0
2242,118283,0,0,0.000000000e0,0.000000000e0
2243,118283,0,0,0.000000000e0,0.000000000e0
2244,118283,0,0,0.000000000e0,0.000000000e0
2245,118283,0,0,0.000000000e0,0.000000000e0
2246,118283,0,0,0.000000000e0,0.000000000e0
2247,118283,0,0,0.000000000e0,0.000000000e0
2248,118283,0,0,0.000000000e0,0.000000000e0
2249,118283,0,0,0.000000000e0,0.000000000e0
2250,118283,0,0,0.000000000e0,0.000000000e0
2251,118283,0,0,0.000000000e0,0.000000000e0
2252,118283,0,0,0.000000000e0,0.000000000e0
2253,118283,0,0,0.000000000e0,0.000000000e0
2254,118283,0,0,0.000000000e0,0.000000000e0
2255,118283,0,0,0.000000000e0,0.000000000e0
2256,118283,0,0,0.000000000e0,0.000000000e0
2257,118283,0,0,0.000000000e0,0.000000000e0
2258,118283,0,0,0.000000000e0,0.000000000e0
2259,118283,0,0,0.000000000e0,0.000000000e0
2260,118283,0,0,0.000000000e0,0.000000000e0
2261,118283,0,0,0.000000000e0,0.000000000e0
2262,118283,0,0,0.000000000e0,0.000000000e0
2263,118283,0,0,0.000000000e0,0.000000000e0
2264,118283,0,0,0.000000000e0,0.000000000e0
2265,118283,0,0,0.000000000e0,0.000000000e0
2266,118283,0,0,0.000000000e0,0.000000000e0
2267,118283,0,0,0.000000000e0,0.000000000e0
2268,118283,0,0,0.000000000e0,0.000000000e0
2269,118283,0,0,0.000000000e0,0.000000000e0
2270,118283,0,0,0.000000000e0,0.000000000e0
2271,118283,0,0,0.000000000e0,0.000000000e0
2272,118283,0,0,0.000000000e0,0.000000000e0
2273,118283,0,0,0.000000000e0,0.000000000e0
2274,118283,0,0,0.000000000e0,0.000000000e0
2275,118283,0,0,0.000000000e0,0.000000000e0
2276,118283,0,0,0.000000000e0,0.000000000e0
2277,118283,0,0,0.000000000e0,0.000000000e0
2278,118283,0,0,0.000000000e0,0.000000000e0
2279,118283,0,0,0.000000000e0,0.000000000e0
2280,118283,0,0,0.000000000e0,0.000000000e0
2281,118283,0,0,0.000000000e0,0.000000000e0
2282,118283,0,0,0.000000000e0,0.000000000e0
2283,118283,0,0,0.000000000e0,0.000000000e0
2284,118283,0,0,0.000000000e0,0.000000000e0
2285,118283,0,0,0.000000000e0,0.000000000e0
2286,118283,0,0,0.000000000e0,0.000000000e0
2287,118283,0,0,0.000000000e0,0.000000000e0
2288,118283,0,0,0.000000000e0,0.000000000e0
2289,118283,0,0,0.000000000e0,0.000000000e0
2290,118283,0,0,0.000000000e0,0.000000000e0
2291,118283,0,0,0.000000000e0,0.000000000e0
2292,118283,0,0,0.000000000e0,0.000000000e0
2293,118283,0,0,0.000000000e0,0.000000000e0
2294,118283,0,0,0.000000000e0,0.000000000e0
2295,118283,0,0,0.000000000e0,0.000000000e0
2296,118283,0,0,0.000000000e0,0.000000000e0
2297,118283,0,0,0.000000000e0,0.000000000e0
2298,118283,0,0,0.000000000e0,0.000000000e0
2299,118283,0,0,0.000000000e0,0.000000000e0
2300,118283,0,0,0.000000000e0,0.000000000e0
2301,118283,0,0,0.000000000e0,0.000000000e0
2302,118283,0,0,0.000000000e0,0.000000000e0
2303,118283,0,0,0.000000000e0,0.000000000e0
2304,118283,0,0,0.000000000e0,0.000000000e0
2305,118283,0,0,0.000000000e0,0.000000000e0
2306,118283,0,0,0.000000000e0,0.000000000e0
2307,118283,0,0,0.000000000e0,0.000000000e0
2308,118283,0,0,0.000000000e0,0.000000000e0
2309,118283,0,0,0.000000000e0,0.000000000e0
2310,118283,0,0,0.000000000e0,0.000000000e0
2311,118283,0,0,0.000000000e0,0.000000000e0
2312,118283,0,0,0.000000000e0,0.000000000e0
2313,118283,0,0,0.000000000e0,0.000000000e0
2314,118283,0,0,0.000000000e0,0.000000000e0
2315,118283,0,0,0.000000000e0,0.000000000e0
2316,118283,0,0,0.000000000e0,0.000000000e0
2317,118283,0,0,0.000000000e0,0.000000000e0
2318,118283,0,0,0.000000000e0,0.000000000e0
2319,118283,0,0,0.000000000e0,0.000000000e0
2320,118283,0,0,0.000000000e0,0.000000000e0
2321,118283,0,0,0.000000000e0,0.000000000e0
2322,118283,0,0,0.000000000e0,0.000000000e0
2323,118283,0,0,0.000000000e0,0.000000000e0
2324,118283,0,0,0.000000000e0,0.000000000e0
2325,118283,0,0,0.000000000e0,0.000000000e0
2326,118283,0,0,0.000000000e0,0.000000000e0
2327,118283,0,0,0.000000000e0,0.000000000e0
2328,118283,0,0,0.000000000e0,0.000000000e0
2329,118283,0,0,0.000000000e0,0.000000000e0
2330,118283,0,0,0.000000000e0,0.000000000e0
2331,118283,0,0,0.000000000e0,0.000000000e0
2332,118283,0,0,0.000000000e0,0.000000000e0
2333,118283,0,0,0.000000000e0,0.000000000e0
2334,118283,0,0,0.000000000e0,0.000000000e0
2335,118283,0,0,0.000000000e0,0.000000000e0
2336,118283,0,0,0.000000000e0,0.000000000e0
2337,118283,0,0,0.000000000e0,0.000000000e0
2338,118283,0,0,0.000000000e0,0.000000000e0
2339,118283,0,0,0.000000000e0,0.000000000e0
2340,118283,0,0,0.000000000e0,0.000000000e0
2341,118283,0,0,0.000000000e0,0.000000000e0
2342,118283,0,0,0.000000000e0,0.000000000e0
2343,118283,0,0,0.000000000e0,0.000000000e0
2344,118283,0,0,0.000000000e0,0.000000000e0
2345,118283,0,0,0.000000000e0,0.000000000e0
2346,118283,0,0,0.000000000e0,0.000000000e0
2347,118283,0,0,0.000000000e0,0.000000000e0
2348,118283,0,0,0.000000000e0,0.000000000e0
2349,118283,0,0,0.000000000e0,0.000000000e0
2350,118283,0,0,0.000000000e0,0.000000000e0
2351,118283,0,0,0.000000000e0,0.000000000e0
2352,118283,0,0,0.000000000e0,0.000000000e0
2353,118283,0,0,0.000000000e0,0.000000000e0
2354,118283,0,0,0.000000000e0,0.000000000e0
2355,118283,0,0,0.000000000e0,0.000000000e0
2356,118283,0,0,0.000000000e0,0.000000000e0
2357,118283,0,0,0.000000000e0,0.000000000e0
2358,118283,0,0,0.000000000e0,0.000000000e0
2359,118283,0,0,0.000000000e0,0.000000000e0
2360,118283,0,0,0.000000000e0,0.000000000e0
2361,118283,0,0,0.000000000e0,0.000000000e0
2362,118283,0,0,0.000000000e0,0.000000000e0
2363,118283,0,0,0.000000000e0,0.000000000e0
2364,118283,0,0,0.000000000e0,0.000000000e0
2365,118283,0,0,0.000000000e0,0.000000000e0
2366,118283,0,0,0.000000000e0,0.000000000e0
2367,118283,0,0,0.000000000e0,0.000000000e0
2368,118283,0,0,0.000000000e0,0.000000000e0
2369,118283,0,0,0.000000000e0,0.000000000e0
2370,118283,0,0,0.000000000e0,0.000000000e0
2371,118283,0,0,0.000000000e0,0.000000000e0
2372,118283,0,0,0.000000000e0,0.000000000e0
2373,118283,0,0,0.000000000e0,0.000000000e0
2374,118283,0,0,0.000000000e0,0.000000000e0
2375,118283,0,0,0.000000000e0,0.000000000e0
2376,118283,0,0,0.000000000e0,0.000000000e0
2377,118283,0,0,0.000000000e0,0.000000000e0
2378,118283,0,0,0.000000000e0,0.000000000e0
2379,118283,0,0,0.000000000e0,0.000000000e0
2380,118283,0,0,0.000000000e0,0.000000000e0
2381,118283,0,0,0.000000000e0,0.000000000e0
2382,118283,0,0,0.000000000e0,0.000000000e0
2383,118283,0,0,0.000000000e0,0.000000000e0
2384,118283,0,0,0.000000000e0,0.000000000e0
2385,118283,0,0,0.000000000e0,0.000000000e0
2386,118283,0,0,0.000000000e0,0.000000000e0
2387,118283,0,0,0.000000000e0,0.000000000e0
2388,118283,0,0,0.000000000e0,0.000000000e0
2389,118283,0,0,0.000000000e0,0.000000000e0
2390,118283,0,0,0.000000000e0,0.000000000e0
2391,118283,0,0,0.000000000e0,0.000000000e0
2392,118283,0,0,0.000000000e0,0.000000000e0
2393,118283,0,0,0.000000000e0,0.000000000e0
2394,118283,0,0,0.000000000e0,0.000000000e0
2395,118283,0,0,0.000000000e0,0.000000000e0
2396,118283,0,0,0.000000000e0,0.000000000e0
2397,118283,0,0,0.000000000e0,0.000000000e0
2398,118283,0,0,0.000000000e0,0.000000000e0
2399,118283,0,0,0.000000000e0,0.000000000e0
